{"fold0": {"best_model_path": "/ibex/user/bekeak/meprom-tl/checkpoints_mcmpnn/zeroshot/mcmpnn_combi_v41c_smi5_fold0-epoch=356-val_loss_weighted=0.48.ckpt", "val_rmse_scaled": 0.47524508833885193, "val_mae_scaled": 0.32413482666015625, "val_r2": 0.7342727184295654, "val_rmse": 0.182623952627182, "val_mae": 0.12455632537603378, "test_rmse": 0.45606506814577596, "test_mae": 0.30409684480176513, "test_r2": -0.0010238144889278544, "general_test_rmse": 0.25570429769279635, "general_test_mae": 0.19417569952075464, "general_test_r2": 0.361898251829888, "target_test_rmse": 0.6149862332219111, "target_test_mae": 0.43529305478588887, "target_test_r2": -1.0559643035934783}, "fold1": {"best_model_path": "/ibex/user/bekeak/meprom-tl/checkpoints_mcmpnn/zeroshot/mcmpnn_combi_v41c_smi5_fold1-epoch=1112-val_loss_weighted=0.54.ckpt", "val_rmse_scaled": 0.5364366769790649, "val_mae_scaled": 0.37160974740982056, "val_r2": 0.6907680630683899, "val_rmse": 0.2045057713985443, "val_mae": 0.14166879653930664, "test_rmse": 0.42775067312379034, "test_mae": 0.2989020306508122, "test_r2": 0.11941315258392238, "general_test_rmse": 0.2770996164341381, "general_test_mae": 0.22718695655447038, "general_test_r2": 0.25064824479096226, "target_test_rmse": 0.5565153116834696, "target_test_mae": 0.38449744407243974, "target_test_r2": -0.6836003898322249}, "fold2": {"best_model_path": "/ibex/user/bekeak/meprom-tl/checkpoints_mcmpnn/zeroshot/mcmpnn_combi_v41c_smi5_fold2-epoch=53-val_loss_weighted=0.52.ckpt", "val_rmse_scaled": 0.5232910513877869, "val_mae_scaled": 0.3733457922935486, "val_r2": 0.7196215391159058, "val_rmse": 0.19899055361747742, "val_mae": 0.14197124540805817, "test_rmse": 0.5240265758928724, "test_mae": 0.35779198266948636, "test_r2": -0.3215920472505609, "general_test_rmse": 0.22818059943563732, "general_test_mae": 0.16421693445501112, "general_test_r2": 0.4918741223773899, "target_test_rmse": 0.7349918974986339, "target_test_mae": 0.5888331702094188, "target_test_r2": -1.936634421293033}, "fold3": {"best_model_path": "/ibex/user/bekeak/meprom-tl/checkpoints_mcmpnn/zeroshot/mcmpnn_combi_v41c_smi5_fold3-epoch=508-val_loss_weighted=0.55.ckpt", "val_rmse_scaled": 0.5477073788642883, "val_mae_scaled": 0.3739779591560364, "val_r2": 0.7021527886390686, "val_rmse": 0.20761829614639282, "val_mae": 0.14176304638385773, "test_rmse": 0.4686211332956799, "test_mae": 0.3283647424948265, "test_r2": -0.05690154111621992, "general_test_rmse": 0.30987284626343503, "general_test_mae": 0.23430386802127962, "general_test_r2": 0.06291082255872438, "target_test_rmse": 0.605895988550345, "target_test_mae": 0.4406309422241316, "target_test_r2": -0.9956341925748018}, "fold4": {"best_model_path": "/ibex/user/bekeak/meprom-tl/checkpoints_mcmpnn/zeroshot/mcmpnn_combi_v41c_smi5_fold4-epoch=677-val_loss_weighted=0.53.ckpt", "val_rmse_scaled": 0.5281254053115845, "val_mae_scaled": 0.36227187514305115, "val_r2": 0.707232654094696, "val_rmse": 0.20083390176296234, "val_mae": 0.1377636343240738, "test_rmse": 0.44510294026312314, "test_mae": 0.3022194425348825, "test_r2": 0.04651971520778353, "general_test_rmse": 0.26898825786969416, "general_test_mae": 0.20298991214936932, "general_test_r2": 0.29387672953884625, "target_test_rmse": 0.5901013435101069, "target_test_mae": 0.42065469665048655, "target_test_r2": -0.89294497066237}}