{"fold0": {"best_model_path": "/ibex/user/bekeak/meprom-tl/checkpoints_mcmpnn/zeroshot/mcmpnn_combi_v41c_smi4_fold0-epoch=638-val_loss_weighted=0.48.ckpt", "val_rmse_scaled": 0.47614631056785583, "val_mae_scaled": 0.32753798365592957, "val_r2": 0.7361246347427368, "val_rmse": 0.18297027051448822, "val_mae": 0.12586407363414764, "test_rmse": 0.44861916305139227, "test_mae": 0.3106693310046025, "test_r2": 0.031395610536989915, "general_test_rmse": 0.283876967383184, "general_test_mae": 0.22100525340047744, "general_test_r2": 0.21354442788852157, "target_test_rmse": 0.5876123286270859, "target_test_mae": 0.41768774524816055, "target_test_r2": -0.8770099734312555}, "fold1": {"best_model_path": "/ibex/user/bekeak/meprom-tl/checkpoints_mcmpnn/zeroshot/mcmpnn_combi_v41c_smi4_fold1-epoch=1450-val_loss_weighted=0.54.ckpt", "val_rmse_scaled": 0.5391561985015869, "val_mae_scaled": 0.3740381598472595, "val_r2": 0.6864112615585327, "val_rmse": 0.20554253458976746, "val_mae": 0.142594575881958, "test_rmse": 0.42417346425528546, "test_mae": 0.303635314977325, "test_r2": 0.13407997430885488, "general_test_rmse": 0.2805048480235952, "general_test_mae": 0.23471558385188274, "general_test_r2": 0.23211776025143216, "target_test_rmse": 0.5484142183997336, "target_test_mae": 0.3858943464978268, "target_test_r2": -0.6349414104158491}, "fold2": {"best_model_path": "/ibex/user/bekeak/meprom-tl/checkpoints_mcmpnn/zeroshot/mcmpnn_combi_v41c_smi4_fold2-epoch=63-val_loss_weighted=0.52.ckpt", "val_rmse_scaled": 0.5246318578720093, "val_mae_scaled": 0.3755733370780945, "val_r2": 0.7153741717338562, "val_rmse": 0.1995004117488861, "val_mae": 0.14281831681728363, "test_rmse": 0.49944839797424917, "test_mae": 0.3565687680947383, "test_r2": -0.20052729917844014, "general_test_rmse": 0.22235636160479882, "general_test_mae": 0.1836365072097063, "general_test_r2": 0.5174825790486717, "target_test_rmse": 0.6986887414335266, "target_test_mae": 0.5629717848249234, "target_test_r2": -1.6537027369036683}, "fold3": {"best_model_path": "/ibex/user/bekeak/meprom-tl/checkpoints_mcmpnn/zeroshot/mcmpnn_combi_v41c_smi4_fold3-epoch=70-val_loss_weighted=0.55.ckpt", "val_rmse_scaled": 0.5530329346656799, "val_mae_scaled": 0.3791505694389343, "val_r2": 0.6978408694267273, "val_rmse": 0.20963704586029053, "val_mae": 0.14372381567955017, "test_rmse": 0.49702509155360425, "test_mae": 0.3525074589372571, "test_r2": -0.18890572728220478, "general_test_rmse": 0.2988786981816635, "general_test_mae": 0.2382990654021021, "general_test_r2": 0.12822621459981742, "target_test_rmse": 0.6597446910957941, "target_test_mae": 0.48882070283405493, "target_test_r2": -1.3661190405623853}, "fold4": {"best_model_path": "/ibex/user/bekeak/meprom-tl/checkpoints_mcmpnn/zeroshot/mcmpnn_combi_v41c_smi4_fold4-epoch=276-val_loss_weighted=0.53.ckpt", "val_rmse_scaled": 0.5255363583564758, "val_mae_scaled": 0.3615245223045349, "val_r2": 0.70709627866745, "val_rmse": 0.19984935224056244, "val_mae": 0.13747942447662354, "test_rmse": 0.41546966150109527, "test_mae": 0.2765701081912479, "test_r2": 0.16925177216036025, "general_test_rmse": 0.2506395123963816, "general_test_mae": 0.193325231376003, "general_test_r2": 0.3869259220941329, "target_test_rmse": 0.5510540196681921, "target_test_mae": 0.3759268942447399, "target_test_r2": -0.6507189290959396}}