{"fold0": {"best_model_path": "/ibex/user/bekeak/meprom-tl/checkpoints_mcmpnn/zeroshot/mcmpnn_combi_v41c_smi1_fold0-epoch=1108-val_loss_weighted=0.47.ckpt", "val_rmse_scaled": 0.4748176634311676, "val_mae_scaled": 0.3267967700958252, "val_r2": 0.7364230155944824, "val_rmse": 0.18245969712734222, "val_mae": 0.12557923793792725, "test_rmse": 0.4417854938236311, "test_mae": 0.303514268816226, "test_r2": 0.06067972984796943, "general_test_rmse": 0.26801844158432153, "general_test_mae": 0.21364097691480816, "general_test_r2": 0.2989592958799375, "target_test_rmse": 0.5851387151415401, "target_test_mae": 0.4107823880434624, "target_test_r2": -0.8612403090654268}, "fold1": {"best_model_path": "/ibex/user/bekeak/meprom-tl/checkpoints_mcmpnn/zeroshot/mcmpnn_combi_v41c_smi1_fold1-epoch=342-val_loss_weighted=0.53.ckpt", "val_rmse_scaled": 0.5305512547492981, "val_mae_scaled": 0.3683459162712097, "val_r2": 0.6974601149559021, "val_rmse": 0.20226207375526428, "val_mae": 0.14042451977729797, "test_rmse": 0.4275670768406861, "test_mae": 0.2914642934997771, "test_r2": 0.12016890955312587, "general_test_rmse": 0.25310234250184505, "general_test_mae": 0.20470787036292803, "general_test_r2": 0.37481836932894586, "target_test_rmse": 0.5696936288310076, "target_test_mae": 0.3950122804823179, "target_test_r2": -0.7642799845176975}, "fold2": {"best_model_path": "/ibex/user/bekeak/meprom-tl/checkpoints_mcmpnn/zeroshot/mcmpnn_combi_v41c_smi1_fold2-epoch=77-val_loss_weighted=0.51.ckpt", "val_rmse_scaled": 0.5133641958236694, "val_mae_scaled": 0.3630945086479187, "val_r2": 0.7258044481277466, "val_rmse": 0.19521568715572357, "val_mae": 0.13807302713394165, "test_rmse": 0.475597532651529, "test_mae": 0.33655884344380255, "test_r2": -0.08860412834218723, "general_test_rmse": 0.22506335175584727, "general_test_mae": 0.17859185685225124, "general_test_r2": 0.5056626282015098, "target_test_rmse": 0.6600817323305906, "target_test_mae": 0.5251000917535604, "target_test_r2": -1.368537198363617}, "fold3": {"best_model_path": "/ibex/user/bekeak/meprom-tl/checkpoints_mcmpnn/zeroshot/mcmpnn_combi_v41c_smi1_fold3-epoch=86-val_loss_weighted=0.54.ckpt", "val_rmse_scaled": 0.5446599721908569, "val_mae_scaled": 0.3786619305610657, "val_r2": 0.705660879611969, "val_rmse": 0.20646312832832336, "val_mae": 0.14353859424591064, "test_rmse": 0.46623006450912696, "test_mae": 0.33277074910913457, "test_r2": -0.04614369444345656, "general_test_rmse": 0.2629802286557629, "general_test_mae": 0.21694263622459906, "general_test_r2": 0.3250679107002623, "target_test_rmse": 0.6279080534138771, "target_test_mae": 0.471017208826348, "target_test_r2": -1.1432700173484074}, "fold4": {"best_model_path": "/ibex/user/bekeak/meprom-tl/checkpoints_mcmpnn/zeroshot/mcmpnn_combi_v41c_smi1_fold4-epoch=622-val_loss_weighted=0.52.ckpt", "val_rmse_scaled": 0.5204994678497314, "val_mae_scaled": 0.3569636046886444, "val_r2": 0.7172884941101074, "val_rmse": 0.19793392717838287, "val_mae": 0.13574501872062683, "test_rmse": 0.428024618499867, "test_mae": 0.2890390204960003, "test_r2": 0.11828487876995364, "general_test_rmse": 0.23399188145798494, "general_test_mae": 0.18149176820217194, "general_test_r2": 0.4656627406848708, "target_test_rmse": 0.5801032620903016, "target_test_mae": 0.4174018762568629, "target_test_r2": -0.8293440716978335}}