{"fold0": {"best_model_path": "/ibex/user/bekeak/meprom-tl/checkpoints_mcmpnn/zeroshot/mcmpnn_combi_v41c_smi3_fold0-epoch=67-val_loss_weighted=0.48.ckpt", "val_rmse_scaled": 0.48109865188598633, "val_mae_scaled": 0.3366413116455078, "val_r2": 0.7300764918327332, "val_rmse": 0.1848733127117157, "val_mae": 0.12936224043369293, "test_rmse": 0.44451306029313914, "test_mae": 0.298667905169043, "test_r2": 0.04904527134425629, "general_test_rmse": 0.23249999953115064, "general_test_mae": 0.1768175615302976, "general_test_r2": 0.47245465849714496, "target_test_rmse": 0.6073784293530812, "target_test_mae": 0.44410218676693797, "target_test_r2": -1.0054115430399557}, "fold1": {"best_model_path": "/ibex/user/bekeak/meprom-tl/checkpoints_mcmpnn/zeroshot/mcmpnn_combi_v41c_smi3_fold1-epoch=1210-val_loss_weighted=0.53.ckpt", "val_rmse_scaled": 0.5337267518043518, "val_mae_scaled": 0.36771851778030396, "val_r2": 0.693606436252594, "val_rmse": 0.20347265899181366, "val_mae": 0.14018534123897552, "test_rmse": 0.42518397132558594, "test_mae": 0.2905248994313671, "test_r2": 0.12994930297393337, "general_test_rmse": 0.2652705778666045, "general_test_mae": 0.20792091347854, "general_test_r2": 0.3132604705483598, "target_test_rmse": 0.5590747686575968, "target_test_mae": 0.3891167661308765, "target_test_r2": -0.6991220174216608}, "fold2": {"best_model_path": "/ibex/user/bekeak/meprom-tl/checkpoints_mcmpnn/zeroshot/mcmpnn_combi_v41c_smi3_fold2-epoch=71-val_loss_weighted=0.52.ckpt", "val_rmse_scaled": 0.521686315536499, "val_mae_scaled": 0.3713400661945343, "val_r2": 0.718346118927002, "val_rmse": 0.19838032126426697, "val_mae": 0.14120852947235107, "test_rmse": 0.5030756882092479, "test_mae": 0.36226704422705824, "test_r2": -0.21802850263032814, "general_test_rmse": 0.2317038273075304, "general_test_mae": 0.1824124380267227, "general_test_r2": 0.476061521259575, "target_test_rmse": 0.7007687740041363, "target_test_mae": 0.5769322203307596, "target_test_r2": -1.6695266772227941}, "fold3": {"best_model_path": "/ibex/user/bekeak/meprom-tl/checkpoints_mcmpnn/zeroshot/mcmpnn_combi_v41c_smi3_fold3-epoch=594-val_loss_weighted=0.55.ckpt", "val_rmse_scaled": 0.547387957572937, "val_mae_scaled": 0.3777404725551605, "val_r2": 0.702150821685791, "val_rmse": 0.2074972242116928, "val_mae": 0.14318929612636566, "test_rmse": 0.4561309172585242, "test_mae": 0.3103186912074033, "test_r2": -0.0013129016973933982, "general_test_rmse": 0.2716762476613694, "general_test_mae": 0.19875552430560078, "general_test_r2": 0.279693688684335, "target_test_rmse": 0.6068658929064343, "target_test_mae": 0.4434747286417753, "target_test_r2": -1.0020284369485624}, "fold4": {"best_model_path": "/ibex/user/bekeak/meprom-tl/checkpoints_mcmpnn/zeroshot/mcmpnn_combi_v41c_smi3_fold4-epoch=62-val_loss_weighted=0.52.ckpt", "val_rmse_scaled": 0.5217154622077942, "val_mae_scaled": 0.36328572034835815, "val_r2": 0.7157310247421265, "val_rmse": 0.19839635491371155, "val_mae": 0.1381491720676422, "test_rmse": 0.4257983365797258, "test_mae": 0.2977866156309236, "test_r2": 0.1274331446296465, "general_test_rmse": 0.22918054142071484, "general_test_mae": 0.1932280266061183, "general_test_r2": 0.48741090596025227, "target_test_rmse": 0.5788004703583656, "target_test_mae": 0.42258234322767263, "target_test_r2": -0.821136642643973}}