{"fold0": {"best_model_path": "/ibex/user/bekeak/meprom-tl/checkpoints_mcmpnn/zeroshot/mcmpnn_combi_v41c_smi2_fold0-epoch=795-val_loss_weighted=0.49.ckpt", "val_rmse_scaled": 0.48660263419151306, "val_mae_scaled": 0.3324083387851715, "val_r2": 0.7226985692977905, "val_rmse": 0.18698835372924805, "val_mae": 0.12773561477661133, "test_rmse": 0.43078364538284813, "test_mae": 0.2992257482531246, "test_r2": 0.10688125348913158, "general_test_rmse": 0.2707968579199424, "general_test_mae": 0.20843979846638017, "general_test_r2": 0.28434926539009164, "target_test_rmse": 0.5652811155168832, "target_test_mae": 0.4075831856512554, "target_test_r2": -0.7370556665484873}, "fold1": {"best_model_path": "/ibex/user/bekeak/meprom-tl/checkpoints_mcmpnn/zeroshot/mcmpnn_combi_v41c_smi2_fold1-epoch=606-val_loss_weighted=0.54.ckpt", "val_rmse_scaled": 0.5398799777030945, "val_mae_scaled": 0.37170830368995667, "val_r2": 0.6873588562011719, "val_rmse": 0.20581845939159393, "val_mae": 0.14170636236667633, "test_rmse": 0.4270306445824964, "test_mae": 0.29783943082404, "test_r2": 0.12237522399563316, "general_test_rmse": 0.3000943464697611, "general_test_mae": 0.23016874687089767, "general_test_r2": 0.12112015082348382, "target_test_rmse": 0.5408492943489889, "target_test_mae": 0.3786076650680007, "target_test_r2": -0.5901471561875642}, "fold2": {"best_model_path": "/ibex/user/bekeak/meprom-tl/checkpoints_mcmpnn/zeroshot/mcmpnn_combi_v41c_smi2_fold2-epoch=181-val_loss_weighted=0.53.ckpt", "val_rmse_scaled": 0.5329224467277527, "val_mae_scaled": 0.3610369563102722, "val_r2": 0.701783299446106, "val_rmse": 0.20265305042266846, "val_mae": 0.1372905969619751, "test_rmse": 0.4851034156196904, "test_mae": 0.3498085584754314, "test_r2": -0.1325554028910827, "general_test_rmse": 0.2321804340691732, "general_test_mae": 0.1766837119116543, "general_test_r2": 0.4739038577486029, "target_test_rmse": 0.6722023312180139, "target_test_mae": 0.5564414413000519, "target_test_r2": -1.4563192433855336}, "fold3": {"best_model_path": "/ibex/user/bekeak/meprom-tl/checkpoints_mcmpnn/zeroshot/mcmpnn_combi_v41c_smi2_fold3-epoch=417-val_loss_weighted=0.55.ckpt", "val_rmse_scaled": 0.5466706156730652, "val_mae_scaled": 0.37631848454475403, "val_r2": 0.7035520076751709, "val_rmse": 0.20722529292106628, "val_mae": 0.14265026152133942, "test_rmse": 0.4728550992283873, "test_mae": 0.33051440469663107, "test_r2": -0.07608590976411489, "general_test_rmse": 0.31520512769561, "general_test_mae": 0.23630973681446282, "general_test_r2": 0.030382539656754748, "target_test_rmse": 0.609816053856253, "target_test_mae": 0.44295223843052367, "target_test_r2": -1.0215406961336426}, "fold4": {"best_model_path": "/ibex/user/bekeak/meprom-tl/checkpoints_mcmpnn/zeroshot/mcmpnn_combi_v41c_smi2_fold4-epoch=570-val_loss_weighted=0.54.ckpt", "val_rmse_scaled": 0.5400550961494446, "val_mae_scaled": 0.3677207827568054, "val_r2": 0.6933800578117371, "val_rmse": 0.2053704857826233, "val_mae": 0.13983573019504547, "test_rmse": 0.4314975036172577, "test_mae": 0.3006672030127576, "test_r2": 0.10391879920960334, "general_test_rmse": 0.26763878734560104, "general_test_mae": 0.20821428485416946, "general_test_r2": 0.30094396952635194, "target_test_rmse": 0.5682626923095715, "target_test_mae": 0.4110142266724085, "target_test_r2": -0.755428201841378}}