{"fold0": {"best_model_path": "/ibex/user/bekeak/meprom-tl/checkpoints_mcmpnn/zeroshot/mcmpnn_combi_v41c_smi0_fold0-epoch=442-val_loss_weighted=0.47.ckpt", "val_rmse_scaled": 0.4726386070251465, "val_mae_scaled": 0.3298676908016205, "val_r2": 0.7397472262382507, "val_rmse": 0.18162235617637634, "val_mae": 0.12675932049751282, "test_rmse": 0.44197419220889084, "test_mae": 0.3002367293711763, "test_r2": 0.05987714092451091, "general_test_rmse": 0.2784986836780482, "general_test_mae": 0.21100643152512136, "general_test_r2": 0.24306223538908867, "target_test_rmse": 0.5795834033590558, "target_test_mae": 0.4067374060034521, "target_test_r2": -0.8260668125222255}, "fold1": {"best_model_path": "/ibex/user/bekeak/meprom-tl/checkpoints_mcmpnn/zeroshot/mcmpnn_combi_v41c_smi0_fold1-epoch=727-val_loss_weighted=0.53.ckpt", "val_rmse_scaled": 0.5321836471557617, "val_mae_scaled": 0.3688850402832031, "val_r2": 0.6955088376998901, "val_rmse": 0.20288439095020294, "val_mae": 0.14063005149364471, "test_rmse": 0.41259586196483616, "test_mae": 0.2920144937691141, "test_r2": 0.18070457975570686, "general_test_rmse": 0.2737241422851967, "general_test_mae": 0.21519774723048565, "general_test_r2": 0.2687934268644545, "target_test_rmse": 0.5329099202114757, "target_test_mae": 0.38369901981371624, "target_test_r2": -0.5438048167305951}, "fold2": {"best_model_path": "/ibex/user/bekeak/meprom-tl/checkpoints_mcmpnn/zeroshot/mcmpnn_combi_v41c_smi0_fold2-epoch=81-val_loss_weighted=0.53.ckpt", "val_rmse_scaled": 0.5281974077224731, "val_mae_scaled": 0.36836642026901245, "val_r2": 0.7108391523361206, "val_rmse": 0.2008562833070755, "val_mae": 0.14007775485515594, "test_rmse": 0.5028413947113262, "test_mae": 0.3634778810077536, "test_r2": -0.21689424107829702, "general_test_rmse": 0.258622219882355, "general_test_mae": 0.19820875824652287, "general_test_r2": 0.3472519998214392, "target_test_rmse": 0.6890620575356319, "target_test_mae": 0.5607345783197323, "target_test_r2": -1.5810799385198777}, "fold3": {"best_model_path": "/ibex/user/bekeak/meprom-tl/checkpoints_mcmpnn/zeroshot/mcmpnn_combi_v41c_smi0_fold3-epoch=447-val_loss_weighted=0.56.ckpt", "val_rmse_scaled": 0.5558747053146362, "val_mae_scaled": 0.3785400092601776, "val_r2": 0.6938415765762329, "val_rmse": 0.21071426570415497, "val_mae": 0.14349237084388733, "test_rmse": 0.4642160638885509, "test_mae": 0.32463255149627235, "test_r2": -0.037125042545071096, "general_test_rmse": 0.31852317301449895, "general_test_mae": 0.23703680033409694, "general_test_r2": 0.009861503047035258, "target_test_rmse": 0.5929656576299228, "target_test_mae": 0.4291823252612912, "target_test_r2": -0.9113660370128682}, "fold4": {"best_model_path": "/ibex/user/bekeak/meprom-tl/checkpoints_mcmpnn/zeroshot/mcmpnn_combi_v41c_smi0_fold4-epoch=65-val_loss_weighted=0.54.ckpt", "val_rmse_scaled": 0.5426470041275024, "val_mae_scaled": 0.382241815328598, "val_r2": 0.6924953460693359, "val_rmse": 0.20635612308979034, "val_mae": 0.14535774290561676, "test_rmse": 0.4359549936207585, "test_mae": 0.31190271149239124, "test_r2": 0.08530963489102716, "general_test_rmse": 0.2522927518415047, "general_test_mae": 0.19743658172857542, "general_test_r2": 0.3788114712107481, "target_test_rmse": 0.5838898749006408, "target_test_mae": 0.4485235866242212, "target_test_r2": -0.8533040324065788}}