{"fold0": {"best_model_path": "/ibex/user/bekeak/meprom-tl/checkpoints_mcmpnn/zeroshot/mcmpnn_combi_v41c_smi6_fold0-epoch=673-val_loss_weighted=0.49.ckpt", "val_rmse_scaled": 0.48576658964157104, "val_mae_scaled": 0.3311619758605957, "val_r2": 0.7255329489707947, "val_rmse": 0.1866670846939087, "val_mae": 0.12725667655467987, "test_rmse": 0.44744562616200134, "test_mae": 0.31094057451400897, "test_r2": 0.03645650113527932, "general_test_rmse": 0.26147004993953893, "general_test_mae": 0.20894160335146686, "general_test_r2": 0.33279732427099373, "target_test_rmse": 0.5979683982594716, "target_test_mae": 0.43268128539537, "target_test_r2": -0.9437537650436365}, "fold1": {"best_model_path": "/ibex/user/bekeak/meprom-tl/checkpoints_mcmpnn/zeroshot/mcmpnn_combi_v41c_smi6_fold1-epoch=484-val_loss_weighted=0.54.ckpt", "val_rmse_scaled": 0.5382734537124634, "val_mae_scaled": 0.37577036023139954, "val_r2": 0.6890217065811157, "val_rmse": 0.2052060067653656, "val_mae": 0.14325495064258575, "test_rmse": 0.4399171769567474, "test_mae": 0.29567633989753184, "test_r2": 0.06860772693853312, "general_test_rmse": 0.26437610577839793, "general_test_mae": 0.20940657064869878, "general_test_r2": 0.31788392868902293, "target_test_rmse": 0.5840277035864262, "target_test_mae": 0.39864347518740023, "target_test_r2": -0.8541790899082653}, "fold2": {"best_model_path": "/ibex/user/bekeak/meprom-tl/checkpoints_mcmpnn/zeroshot/mcmpnn_combi_v41c_smi6_fold2-epoch=181-val_loss_weighted=0.53.ckpt", "val_rmse_scaled": 0.5308063626289368, "val_mae_scaled": 0.3575431704521179, "val_r2": 0.7059232592582703, "val_rmse": 0.2018483728170395, "val_mae": 0.13596202433109283, "test_rmse": 0.47861635846749667, "test_mae": 0.3315628861085983, "test_r2": -0.10246768242783921, "general_test_rmse": 0.22529367476422066, "general_test_mae": 0.15970133485219204, "general_test_r2": 0.5046503307414912, "target_test_rmse": 0.6647577330966751, "target_test_mae": 0.5366879542816616, "target_test_r2": -1.402213362101329}, "fold3": {"best_model_path": "/ibex/user/bekeak/meprom-tl/checkpoints_mcmpnn/zeroshot/mcmpnn_combi_v41c_smi6_fold3-epoch=369-val_loss_weighted=0.55.ckpt", "val_rmse_scaled": 0.5487799644470215, "val_mae_scaled": 0.37236085534095764, "val_r2": 0.7017937302589417, "val_rmse": 0.20802488923072815, "val_mae": 0.14115005731582642, "test_rmse": 0.4584397958583268, "test_mae": 0.32319701627469616, "test_r2": -0.011475603433197756, "general_test_rmse": 0.2734756251833433, "general_test_mae": 0.20965621055689984, "general_test_r2": 0.2701205648021566, "target_test_rmse": 0.609710906794681, "target_test_mae": 0.4587134584440617, "target_test_r2": -1.0208436310513558}, "fold4": {"best_model_path": "/ibex/user/bekeak/meprom-tl/checkpoints_mcmpnn/zeroshot/mcmpnn_combi_v41c_smi6_fold4-epoch=112-val_loss_weighted=0.54.ckpt", "val_rmse_scaled": 0.541721761226654, "val_mae_scaled": 0.3784658908843994, "val_r2": 0.6942967176437378, "val_rmse": 0.2060042768716812, "val_mae": 0.1439218372106552, "test_rmse": 0.42392823380655825, "test_mae": 0.29423314503898385, "test_r2": 0.1350809259979604, "general_test_rmse": 0.22227723526680113, "general_test_mae": 0.18115495662687292, "general_test_r2": 0.5178259291830782, "target_test_rmse": 0.5790026098926505, "target_test_mae": 0.4291974281852099, "target_test_r2": -0.822408887616795}}