{"fold0": {"best_model_path": "/ibex/user/bekeak/meprom-tl/checkpoints_mcmpnn/combi/mcmpnn_combi_v42d_fold0-epoch=273-val_loss_weighted=0.55.ckpt", "val_rmse_scaled": 0.5498665571212769, "val_mae_scaled": 0.37509188055992126, "val_r2": 0.6841880083084106, "val_rmse": 0.20904190838336945, "val_mae": 0.14259809255599976, "test_rmse": 0.429781940792083, "test_mae": 0.2909051819390553, "test_r2": 0.1110299764038235, "general_test_rmse": 0.48463609154872705, "general_test_mae": 0.3272347158201585, "general_test_r2": 0.04264911197287968, "target_test_rmse": 0.25363246643719534, "target_test_mae": 0.20371431776074295, "target_test_r2": 0.2955711258758459}, "fold1": {"best_model_path": "/ibex/user/bekeak/meprom-tl/checkpoints_mcmpnn/combi/mcmpnn_combi_v42d_fold1-epoch=103-val_loss_weighted=0.50.ckpt", "val_rmse_scaled": 0.5002960562705994, "val_mae_scaled": 0.33905133605003357, "val_r2": 0.7191573977470398, "val_rmse": 0.1912444680929184, "val_mae": 0.12960663437843323, "test_rmse": 0.5337591399755546, "test_mae": 0.4111786878906092, "test_r2": -0.37113886443327626, "general_test_rmse": 0.6126472273584159, "general_test_mae": 0.49686720459007533, "general_test_r2": -0.5298913253417419, "target_test_rmse": 0.2604765970943615, "target_test_mae": 0.20552623216567117, "target_test_r2": 0.2570409482346607}, "fold2": {"best_model_path": "/ibex/user/bekeak/meprom-tl/checkpoints_mcmpnn/combi/mcmpnn_combi_v42d_fold2-epoch=986-val_loss_weighted=0.51.ckpt", "val_rmse_scaled": 0.5098863840103149, "val_mae_scaled": 0.35413506627082825, "val_r2": 0.7054883241653442, "val_rmse": 0.19576780498027802, "val_mae": 0.13596802949905396, "test_rmse": 0.4480530215563966, "test_mae": 0.31647694878617005, "test_r2": 0.03383875685035609, "general_test_rmse": 0.4973293913751291, "general_test_mae": 0.34978164972027254, "general_test_r2": -0.008156349224988313, "target_test_rmse": 0.2982406361104658, "target_test_mae": 0.2365456613289177, "target_test_r2": 0.025995209089840654}, "fold3": {"best_model_path": "/ibex/user/bekeak/meprom-tl/checkpoints_mcmpnn/combi/mcmpnn_combi_v42d_fold3-epoch=433-val_loss_weighted=0.58.ckpt", "val_rmse_scaled": 0.5761319398880005, "val_mae_scaled": 0.40961766242980957, "val_r2": 0.6652053594589233, "val_rmse": 0.2186800241470337, "val_mae": 0.1554768830537796, "test_rmse": 0.4117447982166991, "test_mae": 0.28650714251086773, "test_r2": 0.18408102417192862, "general_test_rmse": 0.4567224369311251, "general_test_mae": 0.3173776846872219, "general_test_r2": 0.1497545198720588, "target_test_rmse": 0.27529245074792796, "target_test_mae": 0.2124178591690113, "target_test_r2": 0.17011853826831136}, "fold4": {"best_model_path": "/ibex/user/bekeak/meprom-tl/checkpoints_mcmpnn/combi/mcmpnn_combi_v42d_fold4-epoch=1086-val_loss_weighted=0.54.ckpt", "val_rmse_scaled": 0.5380311012268066, "val_mae_scaled": 0.36582663655281067, "val_r2": 0.7110395431518555, "val_rmse": 0.2041134387254715, "val_mae": 0.13878405094146729, "test_rmse": 0.47634942027587085, "test_mae": 0.34797542164656087, "test_r2": -0.09204886856315642, "general_test_rmse": 0.5474412775099935, "general_test_mae": 0.4193078222294462, "general_test_r2": -0.22155976092067164, "target_test_rmse": 0.22853694401733624, "target_test_mae": 0.17677765801246187, "target_test_r2": 0.4280734068960257}}