{"fold0": {"best_model_path": "/ibex/user/bekeak/meprom-tl/checkpoints_mcmpnn/pt/mcmpnn_pt_v40_fold0-epoch=494-val_loss_weighted=0.30.ckpt", "val_rmse_scaled": 0.2984529137611389, "val_mae_scaled": 0.19258710741996765, "val_r2": 0.9073434472084045, "val_rmse": 0.11150220036506653, "val_mae": 0.07195066660642624, "test_rmse": 0.4147099452398083, "test_mae": 0.27826874780721306, "test_r2": -0.023186598433816874, "general_test_rmse": 0.11508536962218167, "general_test_mae": 0.07207280957374881, "general_test_r2": 0.9051876494267259, "target_test_rmse": 0.46446570901732037, "target_test_mae": 0.3350903682806044, "target_test_r2": -0.22639492006972617}, "fold1": {"best_model_path": "/ibex/user/bekeak/meprom-tl/checkpoints_mcmpnn/pt/mcmpnn_pt_v40_fold1-epoch=742-val_loss_weighted=0.31.ckpt", "val_rmse_scaled": 0.3095841407775879, "val_mae_scaled": 0.195990651845932, "val_r2": 0.8958297967910767, "val_rmse": 0.11580565571784973, "val_mae": 0.07331391423940659, "test_rmse": 0.41527763897266623, "test_mae": 0.28081987895015004, "test_r2": -0.02598978264273888, "general_test_rmse": 0.11917700861530739, "general_test_mae": 0.07488120395989585, "general_test_r2": 0.8983260630215886, "target_test_rmse": 0.4648282287963308, "target_test_mae": 0.337570610090769, "target_test_r2": -0.22831009232469857}, "fold2": {"best_model_path": "/ibex/user/bekeak/meprom-tl/checkpoints_mcmpnn/pt/mcmpnn_pt_v40_fold2-epoch=455-val_loss_weighted=0.32.ckpt", "val_rmse_scaled": 0.32188189029693604, "val_mae_scaled": 0.21021132171154022, "val_r2": 0.8883052468299866, "val_rmse": 0.12027493119239807, "val_mae": 0.07854791730642319, "test_rmse": 0.4027509070762943, "test_mae": 0.26824201254490104, "test_r2": 0.03497403903310381, "general_test_rmse": 0.11310248969004054, "general_test_mae": 0.07185161517090094, "general_test_r2": 0.9084266694407381, "target_test_rmse": 0.4509800910146289, "target_test_mae": 0.3223615105848483, "target_test_r2": -0.15621279391609622}, "fold3": {"best_model_path": "/ibex/user/bekeak/meprom-tl/checkpoints_mcmpnn/pt/mcmpnn_pt_v40_fold3-epoch=690-val_loss_weighted=0.35.ckpt", "val_rmse_scaled": 0.34790506958961487, "val_mae_scaled": 0.21724532544612885, "val_r2": 0.8712935447692871, "val_rmse": 0.12965930998325348, "val_mae": 0.08096426725387573, "test_rmse": 0.41788984432522086, "test_mae": 0.28331201749922114, "test_r2": -0.03893786846890013, "general_test_rmse": 0.12056638080484604, "general_test_mae": 0.07427473729559966, "general_test_r2": 0.8959416036750308, "target_test_rmse": 0.46770679381883484, "target_test_mae": 0.3409166312048448, "target_test_r2": -0.24357043289848934}, "fold4": {"best_model_path": "/ibex/user/bekeak/meprom-tl/checkpoints_mcmpnn/pt/mcmpnn_pt_v40_fold4-epoch=793-val_loss_weighted=0.32.ckpt", "val_rmse_scaled": 0.32178109884262085, "val_mae_scaled": 0.2030784636735916, "val_r2": 0.89286869764328, "val_rmse": 0.12012995034456253, "val_mae": 0.07581491023302078, "test_rmse": 0.39959677191456183, "test_mae": 0.2672904637733489, "test_r2": 0.05003001257576423, "general_test_rmse": 0.10418105967719873, "general_test_mae": 0.06603524868120825, "general_test_r2": 0.922303363060274, "target_test_rmse": 0.4479834008965377, "target_test_mae": 0.32275056508830047, "target_test_r2": -0.1408981493651571}}