{"fold0": {"best_model_path": "/ibex/user/bekeak/meprom-tl/checkpoints_mcmpnn/combi/mcmpnn_combi_v42a_fold0-epoch=122-val_loss_weighted=0.49.ckpt", "val_rmse_scaled": 0.4909795820713043, "val_mae_scaled": 0.339645117521286, "val_r2": 0.7420116662979126, "val_rmse": 0.1874762773513794, "val_mae": 0.1296905279159546, "test_rmse": 0.4621365574075056, "test_mae": 0.29915178702051737, "test_r2": -0.02785402497317091, "general_test_rmse": 0.5221580093337538, "general_test_mae": 0.35507242014834095, "general_test_r2": -0.435042196266886, "target_test_rmse": 0.19061436026637138, "target_test_mae": 0.1313898806247352, "target_test_r2": 0.5899369009711719}, "fold1": {"best_model_path": "/ibex/user/bekeak/meprom-tl/checkpoints_mcmpnn/combi/mcmpnn_combi_v42a_fold1-epoch=63-val_loss_weighted=0.54.ckpt", "val_rmse_scaled": 0.5376600027084351, "val_mae_scaled": 0.3685752749443054, "val_r2": 0.7006543278694153, "val_rmse": 0.20437206327915192, "val_mae": 0.1401005983352661, "test_rmse": 0.4664480224142205, "test_mae": 0.32884177548078974, "test_r2": -0.047122046561286046, "general_test_rmse": 0.5264297313445894, "general_test_mae": 0.39406345538926574, "general_test_r2": -0.45861811044086465, "target_test_rmse": 0.19725684648347264, "target_test_mae": 0.13317676643422294, "target_test_r2": 0.5608593610208179}, "fold2": {"best_model_path": "/ibex/user/bekeak/meprom-tl/checkpoints_mcmpnn/combi/mcmpnn_combi_v42a_fold2-epoch=104-val_loss_weighted=0.57.ckpt", "val_rmse_scaled": 0.5655163526535034, "val_mae_scaled": 0.38699057698249817, "val_r2": 0.6444442868232727, "val_rmse": 0.21665115654468536, "val_mae": 0.14825734496116638, "test_rmse": 0.4026379071953333, "test_mae": 0.2706150984214307, "test_r2": 0.21977455189530248, "general_test_rmse": 0.4478502157777633, "general_test_mae": 0.30923947302125326, "general_test_r2": -0.055665573535559565, "target_test_rmse": 0.21623992102388845, "target_test_mae": 0.1547419930292798, "target_test_r2": 0.47227070160593154}, "fold3": {"best_model_path": "/ibex/user/bekeak/meprom-tl/checkpoints_mcmpnn/combi/mcmpnn_combi_v42a_fold3-epoch=91-val_loss_weighted=0.53.ckpt", "val_rmse_scaled": 0.5317758917808533, "val_mae_scaled": 0.38126611709594727, "val_r2": 0.7371501922607422, "val_rmse": 0.20000380277633667, "val_mae": 0.143396258354187, "test_rmse": 0.44088801025836316, "test_mae": 0.2993417221233406, "test_r2": 0.0644922959829588, "general_test_rmse": 0.49569308063221784, "general_test_mae": 0.3485687672144568, "general_test_r2": -0.2932619397725087, "target_test_rmse": 0.20098270636960314, "target_test_mae": 0.15166058860306952, "target_test_r2": 0.5441133887279546}, "fold4": {"best_model_path": "/ibex/user/bekeak/meprom-tl/checkpoints_mcmpnn/combi/mcmpnn_combi_v42a_fold4-epoch=538-val_loss_weighted=0.49.ckpt", "val_rmse_scaled": 0.4930715560913086, "val_mae_scaled": 0.33663076162338257, "val_r2": 0.7232259511947632, "val_rmse": 0.1894356906414032, "val_mae": 0.12933190166950226, "test_rmse": 0.4130529646345771, "test_mae": 0.26846579389413494, "test_r2": 0.17888822817141536, "general_test_rmse": 0.464019387712529, "general_test_mae": 0.31477160663792986, "general_test_r2": -0.13326907223083073, "target_test_rmse": 0.19107336363603838, "target_test_mae": 0.12954834076158905, "target_test_r2": 0.5879596421410245}}