{"fold0": {"best_model_path": "/ibex/user/bekeak/meprom-tl/checkpoints_mcmpnn/combi/mcmpnn_combi_v42c_fold0-epoch=707-val_loss_weighted=0.49.ckpt", "val_rmse_scaled": 0.48719915747642517, "val_mae_scaled": 0.3307479918003082, "val_r2": 0.7236270904541016, "val_rmse": 0.187217578291893, "val_mae": 0.12709759175777435, "test_rmse": 0.4390662760153944, "test_mae": 0.29722291427161057, "test_r2": 0.07220729587098784, "general_test_rmse": 0.2606116957776973, "general_test_mae": 0.20031466849376803, "general_test_r2": 0.3371707212990307, "target_test_rmse": 0.5846422181980387, "target_test_mae": 0.4128875956774976, "target_test_r2": -0.8580830814000306}, "fold1": {"best_model_path": "/ibex/user/bekeak/meprom-tl/checkpoints_mcmpnn/combi/mcmpnn_combi_v42c_fold1-epoch=471-val_loss_weighted=0.54.ckpt", "val_rmse_scaled": 0.539181113243103, "val_mae_scaled": 0.369949072599411, "val_r2": 0.6887849569320679, "val_rmse": 0.20555202662944794, "val_mae": 0.14103569090366364, "test_rmse": 0.43879982377358223, "test_mae": 0.30939843029607167, "test_r2": 0.07333303677911185, "general_test_rmse": 0.2994665041044174, "general_test_mae": 0.239136445916082, "general_test_r2": 0.12479380071237944, "target_test_rmse": 0.56153339770104, "target_test_mae": 0.3932595098690749, "target_test_r2": -0.7140992499566821}, "fold2": {"best_model_path": "/ibex/user/bekeak/meprom-tl/checkpoints_mcmpnn/combi/mcmpnn_combi_v42c_fold2-epoch=114-val_loss_weighted=0.53.ckpt", "val_rmse_scaled": 0.5296734571456909, "val_mae_scaled": 0.36622318625450134, "val_r2": 0.7092111706733704, "val_rmse": 0.20141756534576416, "val_mae": 0.13926275074481964, "test_rmse": 0.5003271530545748, "test_mae": 0.36695375801608826, "test_r2": -0.2047555539937378, "general_test_rmse": 0.2524365006420783, "general_test_mae": 0.19591817418228727, "general_test_r2": 0.37810340057359626, "target_test_rmse": 0.6877841627229361, "target_test_mae": 0.5710930066018549, "target_test_r2": -1.5715153712510808}, "fold3": {"best_model_path": "/ibex/user/bekeak/meprom-tl/checkpoints_mcmpnn/combi/mcmpnn_combi_v42c_fold3-epoch=818-val_loss_weighted=0.54.ckpt", "val_rmse_scaled": 0.5440179109573364, "val_mae_scaled": 0.3658287227153778, "val_r2": 0.7066457271575928, "val_rmse": 0.20621974766254425, "val_mae": 0.13867393136024475, "test_rmse": 0.47560740567548326, "test_mae": 0.3284076217054183, "test_r2": -0.0886493259113752, "general_test_rmse": 0.29024377159223835, "general_test_mae": 0.21733569526307472, "general_test_r2": 0.17787151202386897, "target_test_rmse": 0.6289989503909135, "target_test_mae": 0.4609773418044569, "target_test_r2": -1.1507237131862773}, "fold4": {"best_model_path": "/ibex/user/bekeak/meprom-tl/checkpoints_mcmpnn/combi/mcmpnn_combi_v42c_fold4-epoch=652-val_loss_weighted=0.54.ckpt", "val_rmse_scaled": 0.5379862189292908, "val_mae_scaled": 0.36528217792510986, "val_r2": 0.6917836666107178, "val_rmse": 0.20458373427391052, "val_mae": 0.13890838623046875, "test_rmse": 0.43515900068887936, "test_mae": 0.2954252806127385, "test_r2": 0.08864677924529007, "general_test_rmse": 0.23977029582464704, "general_test_mae": 0.18735300181664194, "general_test_r2": 0.4389460324786433, "target_test_rmse": 0.5888640156389768, "target_test_mae": 0.42441477369832703, "target_test_r2": -0.8850150174975016}}