{"fold0": {"best_model_path": "/ibex/user/bekeak/meprom-tl/checkpoints_mcmpnn/combi_ft/mcmpnn_combi_ft_v40_fold0-epoch=769-val_loss_weighted=0.35.ckpt", "val_rmse_scaled": 0.349479079246521, "val_mae_scaled": 0.2190876007080078, "val_r2": 0.8708469867706299, "val_rmse": 0.13477453589439392, "val_mae": 0.0844898372888565, "test_rmse": 0.14527593292598623, "test_mae": 0.08564921679271774, "test_r2": 0.8628853905093239, "general_test_rmse": 0.11820518801833037, "general_test_mae": 0.07323021320079359, "general_test_r2": 0.8999774882828417, "target_test_rmse": 0.20011449497077546, "target_test_mae": 0.11862790326927015, "target_test_r2": 0.7892965817183444}, "fold1": {"best_model_path": "/ibex/user/bekeak/meprom-tl/checkpoints_mcmpnn/combi_ft/mcmpnn_combi_ft_v40_fold1-epoch=962-val_loss_weighted=0.33.ckpt", "val_rmse_scaled": 0.3332017660140991, "val_mae_scaled": 0.2158292829990387, "val_r2": 0.8786914348602295, "val_rmse": 0.12880012392997742, "val_mae": 0.08342944085597992, "test_rmse": 0.14904155861649526, "test_mae": 0.08773238154916298, "test_r2": 0.8556851068409488, "general_test_rmse": 0.12109512279259924, "general_test_mae": 0.07396405201911375, "general_test_r2": 0.8950269094174895, "target_test_rmse": 0.2055741333206224, "target_test_mae": 0.12429421783264137, "target_test_r2": 0.7776426841396039}, "fold2": {"best_model_path": "/ibex/user/bekeak/meprom-tl/checkpoints_mcmpnn/combi_ft/mcmpnn_combi_ft_v40_fold2-epoch=362-val_loss_weighted=0.36.ckpt", "val_rmse_scaled": 0.3566906154155731, "val_mae_scaled": 0.22820886969566345, "val_r2": 0.8667102456092834, "val_rmse": 0.13765233755111694, "val_mae": 0.08806927502155304, "test_rmse": 0.15059289576252433, "test_mae": 0.08952184838692974, "test_r2": 0.852665194567449, "general_test_rmse": 0.11558346283237082, "general_test_mae": 0.07466991619846833, "general_test_r2": 0.9043651715614132, "target_test_rmse": 0.21777053728964055, "target_test_mae": 0.1289611894165428, "target_test_r2": 0.7504757653542589}, "fold3": {"best_model_path": "/ibex/user/bekeak/meprom-tl/checkpoints_mcmpnn/combi_ft/mcmpnn_combi_ft_v40_fold3-epoch=795-val_loss_weighted=0.42.ckpt", "val_rmse_scaled": 0.4218393564224243, "val_mae_scaled": 0.2499866932630539, "val_r2": 0.8198039531707764, "val_rmse": 0.1621219664812088, "val_mae": 0.09607528150081635, "test_rmse": 0.14955189489944037, "test_mae": 0.08560753459330905, "test_r2": 0.8546951115861867, "general_test_rmse": 0.12224526335234036, "general_test_mae": 0.07356716704736076, "general_test_r2": 0.8930234073639721, "target_test_rmse": 0.205120814621722, "target_test_mae": 0.11758075528103133, "target_test_r2": 0.7786222586618647}, "fold4": {"best_model_path": "/ibex/user/bekeak/meprom-tl/checkpoints_mcmpnn/combi_ft/mcmpnn_combi_ft_v40_fold4-epoch=512-val_loss_weighted=0.36.ckpt", "val_rmse_scaled": 0.3630993068218231, "val_mae_scaled": 0.2324019819498062, "val_r2": 0.8595393896102905, "val_rmse": 0.14009831845760345, "val_mae": 0.08967003226280212, "test_rmse": 0.13718885131419883, "test_mae": 0.08309331041084349, "test_r2": 0.8777260267964078, "general_test_rmse": 0.10791890021732145, "general_test_mae": 0.06896241120680217, "general_test_r2": 0.9166280994834616, "target_test_rmse": 0.19460763176588836, "target_test_mae": 0.12061795147359433, "target_test_r2": 0.8007335323747591}}