{"fold0": {"best_model_path": "/ibex/user/bekeak/meprom-tl/checkpoints_mcmpnn/ft/mcmpnn_ft_v40_fold0-epoch=795-val_loss_weighted=0.46.ckpt", "val_rmse_scaled": 0.4593086242675781, "val_mae_scaled": 0.286726713180542, "val_r2": 0.8285165429115295, "val_rmse": 0.17159798741340637, "val_mae": 0.10712128132581711, "test_rmse": 0.2953932468294481, "test_mae": 0.2278995256619438, "test_r2": 0.3828066908225696, "general_test_rmse": 0.2982458538595716, "general_test_mae": 0.23188616597031805, "general_test_r2": 0.3625733014947393, "target_test_rmse": 0.20390036327612734, "target_test_mae": 0.120355589974074, "target_test_r2": 0.7812487789061023}, "fold1": {"best_model_path": "/ibex/user/bekeak/meprom-tl/checkpoints_mcmpnn/ft/mcmpnn_ft_v40_fold1-epoch=595-val_loss_weighted=0.41.ckpt", "val_rmse_scaled": 0.4099900722503662, "val_mae_scaled": 0.26904788613319397, "val_r2": 0.8577129244804382, "val_rmse": 0.15336434543132782, "val_mae": 0.10064232349395752, "test_rmse": 0.3053220199263415, "test_mae": 0.2353533273068721, "test_r2": 0.34061913743714667, "general_test_rmse": 0.30820491126252686, "general_test_mae": 0.2393206148636789, "general_test_r2": 0.3192925090410619, "target_test_rmse": 0.21332628922368843, "target_test_mae": 0.12833148501067787, "target_test_r2": 0.7605563937336675}, "fold2": {"best_model_path": "/ibex/user/bekeak/meprom-tl/checkpoints_mcmpnn/ft/mcmpnn_ft_v40_fold2-epoch=222-val_loss_weighted=0.46.ckpt", "val_rmse_scaled": 0.4556550085544586, "val_mae_scaled": 0.2987465262413025, "val_r2": 0.8254789710044861, "val_rmse": 0.17026081681251526, "val_mae": 0.11163013428449631, "test_rmse": 0.27643071341283193, "test_mae": 0.21629864836431253, "test_r2": 0.45950376424469985, "general_test_rmse": 0.2785844067484426, "general_test_mae": 0.21946071309617204, "general_test_r2": 0.4438460477087731, "target_test_rmse": 0.21016319618213256, "target_test_mae": 0.1309985574969876, "target_test_r2": 0.7676044455065373}, "fold3": {"best_model_path": "/ibex/user/bekeak/meprom-tl/checkpoints_mcmpnn/ft/mcmpnn_ft_v40_fold3-epoch=132-val_loss_weighted=0.60.ckpt", "val_rmse_scaled": 0.5980907678604126, "val_mae_scaled": 0.3812907636165619, "val_r2": 0.7129260897636414, "val_rmse": 0.22289998829364777, "val_mae": 0.1421016901731491, "test_rmse": 0.27375256207594667, "test_mae": 0.20828429998842388, "test_r2": 0.46992604057296605, "general_test_rmse": 0.2760450465973988, "general_test_mae": 0.2113575612562128, "general_test_r2": 0.4539387775649988, "target_test_rmse": 0.202335734455323, "target_test_mae": 0.12537975891591677, "target_test_r2": 0.7845930719418053}, "fold4": {"best_model_path": "/ibex/user/bekeak/meprom-tl/checkpoints_mcmpnn/ft/mcmpnn_ft_v40_fold4-epoch=362-val_loss_weighted=0.44.ckpt", "val_rmse_scaled": 0.44012436270713806, "val_mae_scaled": 0.2937668561935425, "val_r2": 0.8363403677940369, "val_rmse": 0.16431082785129547, "val_mae": 0.1096714437007904, "test_rmse": 0.28556801524311043, "test_mae": 0.22172351725788902, "test_r2": 0.4231814602610128, "general_test_rmse": 0.2882790331751484, "general_test_mae": 0.22538920747067046, "general_test_r2": 0.40446466626425925, "target_test_rmse": 0.1989526417002005, "target_test_mae": 0.12283757987500825, "target_test_r2": 0.7917361430262156}}