{"fold0": {"best_model_path": "/ibex/user/bekeak/meprom-tl/checkpoints_mcmpnn/combi/mcmpnn_combi_v40_fold0-epoch=937-val_loss_weighted=0.34.ckpt", "val_rmse_scaled": 0.3432738184928894, "val_mae_scaled": 0.21685366332530975, "val_r2": 0.8759413361549377, "val_rmse": 0.13238151371479034, "val_mae": 0.0836283341050148, "test_rmse": 0.14469515559441717, "test_mae": 0.08439298297624984, "test_r2": 0.8639794998881121, "general_test_rmse": 0.11636260292355077, "general_test_mae": 0.07178775085536078, "general_test_r2": 0.9030714904351407, "target_test_rmse": 0.2014396438852484, "target_test_mae": 0.11786620161072443, "target_test_r2": 0.7864968057683617}, "fold1": {"best_model_path": "/ibex/user/bekeak/meprom-tl/checkpoints_mcmpnn/combi/mcmpnn_combi_v40_fold1-epoch=974-val_loss_weighted=0.33.ckpt", "val_rmse_scaled": 0.3298186659812927, "val_mae_scaled": 0.21278895437717438, "val_r2": 0.879071831703186, "val_rmse": 0.12749236822128296, "val_mae": 0.08225419372320175, "test_rmse": 0.15337369899819903, "test_mae": 0.09065092542795124, "test_r2": 0.8471736754054192, "general_test_rmse": 0.12789238148213855, "general_test_mae": 0.07716523987713231, "general_test_r2": 0.8829115575880462, "target_test_rmse": 0.20628998299990764, "target_test_mae": 0.12646219795207397, "target_test_r2": 0.7760914038396861}, "fold2": {"best_model_path": "/ibex/user/bekeak/meprom-tl/checkpoints_mcmpnn/combi/mcmpnn_combi_v40_fold2-epoch=688-val_loss_weighted=0.36.ckpt", "val_rmse_scaled": 0.3605653643608093, "val_mae_scaled": 0.22691458463668823, "val_r2": 0.8636350035667419, "val_rmse": 0.13914766907691956, "val_mae": 0.08756978809833527, "test_rmse": 0.14566041988323639, "test_mae": 0.08878400853536354, "test_r2": 0.8621586556588177, "general_test_rmse": 0.11595441467141092, "general_test_mae": 0.07424780708168151, "general_test_r2": 0.9037503285284834, "target_test_rmse": 0.20458318474261808, "target_test_mae": 0.1273849322602012, "target_test_r2": 0.7797812177013738}, "fold3": {"best_model_path": "/ibex/user/bekeak/meprom-tl/checkpoints_mcmpnn/combi/mcmpnn_combi_v40_fold3-epoch=433-val_loss_weighted=0.41.ckpt", "val_rmse_scaled": 0.4141087532043457, "val_mae_scaled": 0.25359228253364563, "val_r2": 0.825659990310669, "val_rmse": 0.15915092825889587, "val_mae": 0.09746098518371582, "test_rmse": 0.14785502664966058, "test_mae": 0.08705593616228534, "test_r2": 0.8579737655315396, "general_test_rmse": 0.12358647380749468, "general_test_mae": 0.0746969269132677, "general_test_r2": 0.890663148918943, "target_test_rmse": 0.19837895569970226, "target_test_mae": 0.11987531036961933, "target_test_r2": 0.7929354817112938}, "fold4": {"best_model_path": "/ibex/user/bekeak/meprom-tl/checkpoints_mcmpnn/combi/mcmpnn_combi_v40_fold4-epoch=938-val_loss_weighted=0.35.ckpt", "val_rmse_scaled": 0.352009654045105, "val_mae_scaled": 0.2253996729850769, "val_r2": 0.8689137101173401, "val_rmse": 0.13581949472427368, "val_mae": 0.08696826547384262, "test_rmse": 0.13546205153479912, "test_mae": 0.08200015725247715, "test_r2": 0.8807847861445277, "general_test_rmse": 0.10780904608359343, "general_test_mae": 0.0692295334240949, "general_test_r2": 0.916797746994647, "target_test_rmse": 0.19029976907592325, "target_test_mae": 0.11591257652858103, "target_test_r2": 0.8094578727410627}}