Unnamed: 0,OPTIMAL,SOLVENT_REC,SOLUTE_REC,SEP_FACTOR,MOLAR_POWER,FINAL_CONC1,FINAL_CONC2,FEED_PRESSURE,DILUTION_0,PERMEATE_PRESSURE_0,DILUTION_1,PERMEATE_PRESSURE_1,DILUTION_2,PERMEATE_PRESSURE_2,OMEGA_1,OMEGA_2,EVAP_ENERGY,ENERGY_REDUCTION,EUR_GWP_REDUCTION,USA_GWP_REDUCTION,IND_GWP_REDUCTION,CHN_GWP_REDUCTION,MOLAR_POWER_KW,EUR_COST_REDUCTION,USA_COST_REDUCTION,IND_COST_REDUCTION,CHN_COST_REDUCTION,EUR_BREAKEVEN_COST,USA_BREAKEVEN_COST,IND_BREAKEVEN_COST,CHN_BREAKEVEN_COST,NF_ENERGY,EVAP_ENERGY_THERMAL,EVAP_ENERGY_ELECTRIC
0.0,1.0,0.992497050131034,1.0,100.00000097494096,66.57200280100689,132.03062606167126,13.203062477445064,36.9024587446276,0.0042182217800422,2.06558981816422,0.0046686834739661,2.386230921431852,0.0053175919775828,2.192586959444794,0.0205870834980848,0.0430975106851647,126232390.76654539,0.9648415633014903,0.9564323932750181,0.9561813655383675,0.9429860453559605,0.9466132705203322,1.8492223000279693,0.7020669139441803,0.14382740861276594,0.05343509233474981,-0.2442768084427698,382.84137337856157,117.89290719236818,105.93977516362118,79.59734469314088,4438133.5200671265,65076245.398483366,61156145.36806203
