Unnamed: 0,OPTIMAL,SOLVENT_REC,SOLUTE_REC,SEP_FACTOR,MOLAR_POWER,FINAL_CONC1,FINAL_CONC2,FEED_PRESSURE,DILUTION_0,PERMEATE_PRESSURE_0,DILUTION_1,PERMEATE_PRESSURE_1,DILUTION_2,PERMEATE_PRESSURE_2,OMEGA_1,OMEGA_2,EVAP_ENERGY,ENERGY_REDUCTION,EUR_GWP_REDUCTION,USA_GWP_REDUCTION,IND_GWP_REDUCTION,CHN_GWP_REDUCTION,MOLAR_POWER_KW,EUR_COST_REDUCTION,USA_COST_REDUCTION,IND_COST_REDUCTION,CHN_COST_REDUCTION,EUR_BREAKEVEN_COST,USA_BREAKEVEN_COST,IND_BREAKEVEN_COST,CHN_BREAKEVEN_COST,NF_ENERGY,EVAP_ENERGY_THERMAL,EVAP_ENERGY_ELECTRIC
0.0,1.0,0.993205084941414,1.0000000000000009,100.00000097494096,66.49011478158229,145.8280411658614,14.582803974412412,36.93942035472488,0.0040376535741597,2.0564551589109006,0.0045046662543494,2.396778254515864,0.0052496069851608,2.111650076197321,0.0179071687477643,0.0373575429357433,126323540.34822303,0.9649101481279494,0.9565082804584971,0.9562578211883552,0.9430923825548707,0.9467113936626902,1.8469476328217302,0.7024105793830204,0.14472838908401625,0.054420740921996204,-0.24299524069798445,383.26133841209696,118.02290567975597,106.05535655026094,79.68419428292057,4432674.318772153,65123235.49753166,61200304.85069137
