Unnamed: 0,OPTIMAL,SOLVENT_REC,SOLUTE_REC,SEP_FACTOR,MOLAR_POWER,FINAL_CONC1,FINAL_CONC2,FEED_PRESSURE,DILUTION_0,PERMEATE_PRESSURE_0,DILUTION_1,PERMEATE_PRESSURE_1,DILUTION_2,PERMEATE_PRESSURE_2,OMEGA_1,OMEGA_2,EVAP_ENERGY,ENERGY_REDUCTION,EUR_GWP_REDUCTION,USA_GWP_REDUCTION,IND_GWP_REDUCTION,CHN_GWP_REDUCTION,MOLAR_POWER_KW,EUR_COST_REDUCTION,USA_COST_REDUCTION,IND_COST_REDUCTION,CHN_COST_REDUCTION,EUR_BREAKEVEN_COST,USA_BREAKEVEN_COST,IND_BREAKEVEN_COST,CHN_BREAKEVEN_COST,NF_ENERGY,EVAP_ENERGY_THERMAL,EVAP_ENERGY_ELECTRIC
0.0,1.0,0.9928198889657508,1.0,100.00000097494096,66.67755940020542,137.96557057620723,13.796556923112435,36.947231247509535,0.0041842288421394,2.0037733224511665,0.0046631270340283,2.3503840089432586,0.0053740363338296,2.192226826668588,0.0198535342473141,0.04437578413733,126273833.07446475,0.964797373149677,0.9563926042694958,0.9561411314458856,0.9429224151837402,0.9465560716319308,1.852154427783484,0.7020831248307227,0.14401645606716784,0.053661295118064514,-0.24395629328197457,382.93760677595765,117.92210774188811,105.96681128751625,79.61765296214702,4445170.626680362,65097610.04018637,61176223.034278385
