Unnamed: 0,OPTIMAL,SOLVENT_REC,SOLUTE_REC,SEP_FACTOR,MOLAR_POWER,FINAL_CONC1,FINAL_CONC2,FEED_PRESSURE,DILUTION_0,PERMEATE_PRESSURE_0,DILUTION_1,PERMEATE_PRESSURE_1,DILUTION_2,PERMEATE_PRESSURE_2,OMEGA_1,OMEGA_2,EVAP_ENERGY,ENERGY_REDUCTION,EUR_GWP_REDUCTION,USA_GWP_REDUCTION,IND_GWP_REDUCTION,CHN_GWP_REDUCTION,MOLAR_POWER_KW,EUR_COST_REDUCTION,USA_COST_REDUCTION,IND_COST_REDUCTION,CHN_COST_REDUCTION,EUR_BREAKEVEN_COST,USA_BREAKEVEN_COST,IND_BREAKEVEN_COST,CHN_BREAKEVEN_COST,NF_ENERGY,EVAP_ENERGY_THERMAL,EVAP_ENERGY_ELECTRIC
0.0,1.0,0.9926848508265222,1.0000000000000036,100.00000097494096,66.3544062510838,135.4573779122739,13.545737659164445,36.87250273089704,0.0040941294343571,2.1433182987574284,0.0045239510117791,2.44225401832736,0.0051711374443341,2.128999001400413,0.0189647679516581,0.0367302666677681,126256762.02654544,0.9649632462261664,0.9565547049043827,0.9563047924330382,0.9431680963811712,0.946779206520019,1.8431779514189943,0.7023549487649751,0.14438416013507221,0.05401791529003974,-0.24355474379002873,383.08968244571855,117.97056651878468,106.00736783872524,79.64814443079018,4423627.083405587,65088809.44869902,61167952.57784642
