{"best_model_path": "/ibex/user/bekeak/meprom-tl/checkpoints_mcmpnn/ft/mcmpnn_ft_v40_fold4-epoch=362-val_loss_weighted=0.44.ckpt", "val_rmse_scaled": 0.44012436270713806, "val_mae_scaled": 0.2937668561935425, "val_r2": 0.8363403677940369, "val_rmse": 0.16431082785129547, "val_mae": 0.1096714437007904, "test_rmse": 0.28556801524311043, "test_mae": 0.22172351725788902, "test_r2": 0.4231814602610128, "general_test_rmse": 0.2882790331751484, "general_test_mae": 0.22538920747067046, "general_test_r2": 0.40446466626425925, "target_test_rmse": 0.1989526417002005, "target_test_mae": 0.12283757987500825, "target_test_r2": 0.7917361430262156}