{"best_model_path": "/ibex/user/bekeak/meprom-tl/checkpoints_mcmpnn/ft/mcmpnn_ft_v40_fold3-epoch=132-val_loss_weighted=0.60.ckpt", "val_rmse_scaled": 0.5980907678604126, "val_mae_scaled": 0.3812907636165619, "val_r2": 0.7129260897636414, "val_rmse": 0.22289998829364777, "val_mae": 0.1421016901731491, "test_rmse": 0.27375256207594667, "test_mae": 0.20828429998842388, "test_r2": 0.46992604057296605, "general_test_rmse": 0.2760450465973988, "general_test_mae": 0.2113575612562128, "general_test_r2": 0.4539387775649988, "target_test_rmse": 0.202335734455323, "target_test_mae": 0.12537975891591677, "target_test_r2": 0.7845930719418053}