{"best_model_path": "/ibex/user/bekeak/meprom-tl/checkpoints_mcmpnn/ft/mcmpnn_ft_v40_fold0-epoch=795-val_loss_weighted=0.46.ckpt", "val_rmse_scaled": 0.4593086242675781, "val_mae_scaled": 0.286726713180542, "val_r2": 0.8285165429115295, "val_rmse": 0.17159798741340637, "val_mae": 0.10712128132581711, "test_rmse": 0.2953932468294481, "test_mae": 0.2278995256619438, "test_r2": 0.3828066908225696, "general_test_rmse": 0.2982458538595716, "general_test_mae": 0.23188616597031805, "general_test_r2": 0.3625733014947393, "target_test_rmse": 0.20390036327612734, "target_test_mae": 0.120355589974074, "target_test_r2": 0.7812487789061023}