{"best_model_path": "/ibex/user/bekeak/meprom-tl/checkpoints_mcmpnn/ft/mcmpnn_ft_v40_fold1-epoch=595-val_loss_weighted=0.41.ckpt", "val_rmse_scaled": 0.4099900722503662, "val_mae_scaled": 0.26904788613319397, "val_r2": 0.8577129244804382, "val_rmse": 0.15336434543132782, "val_mae": 0.10064232349395752, "test_rmse": 0.3053220199263415, "test_mae": 0.2353533273068721, "test_r2": 0.34061913743714667, "general_test_rmse": 0.30820491126252686, "general_test_mae": 0.2393206148636789, "general_test_r2": 0.3192925090410619, "target_test_rmse": 0.21332628922368843, "target_test_mae": 0.12833148501067787, "target_test_r2": 0.7605563937336675}