{"best_model_path": "/ibex/user/bekeak/meprom-tl/checkpoints_mcmpnn/ft/mcmpnn_ft_v40_fold2-epoch=222-val_loss_weighted=0.46.ckpt", "val_rmse_scaled": 0.4556550085544586, "val_mae_scaled": 0.2987465262413025, "val_r2": 0.8254789710044861, "val_rmse": 0.17026081681251526, "val_mae": 0.11163013428449631, "test_rmse": 0.27643071341283193, "test_mae": 0.21629864836431253, "test_r2": 0.45950376424469985, "general_test_rmse": 0.2785844067484426, "general_test_mae": 0.21946071309617204, "general_test_r2": 0.4438460477087731, "target_test_rmse": 0.21016319618213256, "target_test_mae": 0.1309985574969876, "target_test_r2": 0.7676044455065373}