{"best_model_path": "/ibex/user/bekeak/meprom-tl/checkpoints_mcmpnn/combi/mcmpnn_combi_v42d_fold3-epoch=433-val_loss_weighted=0.58.ckpt", "val_rmse_scaled": 0.5761319398880005, "val_mae_scaled": 0.40961766242980957, "val_r2": 0.6652053594589233, "val_rmse": 0.2186800241470337, "val_mae": 0.1554768830537796, "test_rmse": 0.4117447982166991, "test_mae": 0.28650714251086773, "test_r2": 0.18408102417192862, "general_test_rmse": 0.4567224369311251, "general_test_mae": 0.3173776846872219, "general_test_r2": 0.1497545198720588, "target_test_rmse": 0.27529245074792796, "target_test_mae": 0.2124178591690113, "target_test_r2": 0.17011853826831136}