{"best_model_path": "/ibex/user/bekeak/meprom-tl/checkpoints_mcmpnn/combi/mcmpnn_combi_v42d_fold0-epoch=273-val_loss_weighted=0.55.ckpt", "val_rmse_scaled": 0.5498665571212769, "val_mae_scaled": 0.37509188055992126, "val_r2": 0.6841880083084106, "val_rmse": 0.20904190838336945, "val_mae": 0.14259809255599976, "test_rmse": 0.429781940792083, "test_mae": 0.2909051819390553, "test_r2": 0.1110299764038235, "general_test_rmse": 0.48463609154872705, "general_test_mae": 0.3272347158201585, "general_test_r2": 0.04264911197287968, "target_test_rmse": 0.25363246643719534, "target_test_mae": 0.20371431776074295, "target_test_r2": 0.2955711258758459}