{"best_model_path": "/ibex/user/bekeak/meprom-tl/checkpoints_mcmpnn/combi/mcmpnn_combi_v42d_fold4-epoch=1086-val_loss_weighted=0.54.ckpt", "val_rmse_scaled": 0.5380311012268066, "val_mae_scaled": 0.36582663655281067, "val_r2": 0.7110395431518555, "val_rmse": 0.2041134387254715, "val_mae": 0.13878405094146729, "test_rmse": 0.47634942027587085, "test_mae": 0.34797542164656087, "test_r2": -0.09204886856315642, "general_test_rmse": 0.5474412775099935, "general_test_mae": 0.4193078222294462, "general_test_r2": -0.22155976092067164, "target_test_rmse": 0.22853694401733624, "target_test_mae": 0.17677765801246187, "target_test_r2": 0.4280734068960257}