{"best_model_path": "/ibex/user/bekeak/meprom-tl/checkpoints_mcmpnn/combi/mcmpnn_combi_v42d_fold1-epoch=103-val_loss_weighted=0.50.ckpt", "val_rmse_scaled": 0.5002960562705994, "val_mae_scaled": 0.33905133605003357, "val_r2": 0.7191573977470398, "val_rmse": 0.1912444680929184, "val_mae": 0.12960663437843323, "test_rmse": 0.5337591399755546, "test_mae": 0.4111786878906092, "test_r2": -0.37113886443327626, "general_test_rmse": 0.6126472273584159, "general_test_mae": 0.49686720459007533, "general_test_r2": -0.5298913253417419, "target_test_rmse": 0.2604765970943615, "target_test_mae": 0.20552623216567117, "target_test_r2": 0.2570409482346607}