{"best_model_path": "/ibex/user/bekeak/meprom-tl/checkpoints_mcmpnn/combi/mcmpnn_combi_v42d_fold2-epoch=986-val_loss_weighted=0.51.ckpt", "val_rmse_scaled": 0.5098863840103149, "val_mae_scaled": 0.35413506627082825, "val_r2": 0.7054883241653442, "val_rmse": 0.19576780498027802, "val_mae": 0.13596802949905396, "test_rmse": 0.4480530215563966, "test_mae": 0.31647694878617005, "test_r2": 0.03383875685035609, "general_test_rmse": 0.4973293913751291, "general_test_mae": 0.34978164972027254, "general_test_r2": -0.008156349224988313, "target_test_rmse": 0.2982406361104658, "target_test_mae": 0.2365456613289177, "target_test_r2": 0.025995209089840654}