{"fold0": {"best_model_path": "/ibex/user/bekeak/meprom-tl/checkpoints_admpnn/combi/admpnn_combi_v42a_fold0-epoch=325-val_loss_weighted=0.50.ckpt", "val_rmse_scaled": 0.49967506527900696, "val_mae_scaled": 0.34280332922935486, "val_r2": 0.7334272861480713, "val_rmse": 0.19079658389091492, "val_mae": 0.1308964639902115, "test_rmse": 0.42025203627200075, "test_mae": 0.28367514845844743, "test_r2": 0.1500166000901445, "general_test_rmse": 0.46993392891803143, "general_test_mae": 0.32097913395118327, "general_test_r2": -0.1623432213676017, "target_test_rmse": 0.2096029684291916, "target_test_mae": 0.17176319460985653, "target_test_r2": 0.5041682697135379}, "fold1": {"best_model_path": "/ibex/user/bekeak/meprom-tl/checkpoints_admpnn/combi/admpnn_combi_v42a_fold1-epoch=179-val_loss_weighted=0.52.ckpt", "val_rmse_scaled": 0.5203481912612915, "val_mae_scaled": 0.35726049542427063, "val_r2": 0.7212767004966736, "val_rmse": 0.19779159128665924, "val_mae": 0.13579969108104706, "test_rmse": 0.4695752536736975, "test_mae": 0.33367578183026797, "test_r2": -0.06120966039320863, "general_test_rmse": 0.5291348882028403, "general_test_mae": 0.39250048785272296, "general_test_r2": -0.4736473864811319, "target_test_rmse": 0.20506704592055508, "target_test_mae": 0.1572016734048305, "target_test_r2": 0.5253962030955208}, "fold2": {"best_model_path": "/ibex/user/bekeak/meprom-tl/checkpoints_admpnn/combi/admpnn_combi_v42a_fold2-epoch=127-val_loss_weighted=0.58.ckpt", "val_rmse_scaled": 0.5755645036697388, "val_mae_scaled": 0.39253079891204834, "val_r2": 0.6312878131866455, "val_rmse": 0.2205006331205368, "val_mae": 0.15037982165813446, "test_rmse": 0.43528858668501597, "test_mae": 0.28832510079814294, "test_r2": 0.08810391468750889, "general_test_rmse": 0.48827183478562813, "general_test_mae": 0.33450864684721643, "general_test_r2": -0.2548277955408138, "target_test_rmse": 0.20658285508328014, "target_test_mae": 0.1497744705397725, "target_test_r2": 0.5183539439731406}, "fold3": {"best_model_path": "/ibex/user/bekeak/meprom-tl/checkpoints_admpnn/combi/admpnn_combi_v42a_fold3-epoch=88-val_loss_weighted=0.53.ckpt", "val_rmse_scaled": 0.5292274951934814, "val_mae_scaled": 0.3639273941516876, "val_r2": 0.7369061708450317, "val_rmse": 0.199045330286026, "val_mae": 0.13687506318092346, "test_rmse": 0.4418747537364201, "test_mae": 0.28808162562523426, "test_r2": 0.060300124285535994, "general_test_rmse": 0.49486572120678246, "general_test_mae": 0.33001193502675746, "general_test_r2": -0.2889483855308148, "target_test_rmse": 0.21526019680758143, "target_test_mae": 0.16229069128489235, "target_test_r2": 0.4770418642259582}, "fold4": {"best_model_path": "/ibex/user/bekeak/meprom-tl/checkpoints_admpnn/combi/admpnn_combi_v42a_fold4-epoch=1058-val_loss_weighted=0.50.ckpt", "val_rmse_scaled": 0.49987131357192993, "val_mae_scaled": 0.3496036231517792, "val_r2": 0.7154935598373413, "val_rmse": 0.192048117518425, "val_mae": 0.13431601226329803, "test_rmse": 0.4124226792715853, "test_mae": 0.274354384956998, "test_r2": 0.1813922163637477, "general_test_rmse": 0.46263145130425704, "general_test_mae": 0.31988985989420077, "general_test_r2": -0.12649972993592518, "target_test_rmse": 0.19566885947738633, "target_test_mae": 0.13774797066385605, "target_test_r2": 0.5679013743756072}}