{"best_model_path": "/ibex/user/bekeak/meprom-tl/checkpoints_mcmpnn/combi_ft/mcmpnn_combi_ft_v40_fold3-epoch=795-val_loss_weighted=0.42.ckpt", "val_rmse_scaled": 0.4218393564224243, "val_mae_scaled": 0.2499866932630539, "val_r2": 0.8198039531707764, "val_rmse": 0.1621219664812088, "val_mae": 0.09607528150081635, "test_rmse": 0.14955189489944037, "test_mae": 0.08560753459330905, "test_r2": 0.8546951115861867, "general_test_rmse": 0.12224526335234036, "general_test_mae": 0.07356716704736076, "general_test_r2": 0.8930234073639721, "target_test_rmse": 0.205120814621722, "target_test_mae": 0.11758075528103133, "target_test_r2": 0.7786222586618647}