{"best_model_path": "/ibex/user/bekeak/meprom-tl/checkpoints_mcmpnn/combi_ft/mcmpnn_combi_ft_v40_fold0-epoch=769-val_loss_weighted=0.35.ckpt", "val_rmse_scaled": 0.349479079246521, "val_mae_scaled": 0.2190876007080078, "val_r2": 0.8708469867706299, "val_rmse": 0.13477453589439392, "val_mae": 0.0844898372888565, "test_rmse": 0.14527593292598623, "test_mae": 0.08564921679271774, "test_r2": 0.8628853905093239, "general_test_rmse": 0.11820518801833037, "general_test_mae": 0.07323021320079359, "general_test_r2": 0.8999774882828417, "target_test_rmse": 0.20011449497077546, "target_test_mae": 0.11862790326927015, "target_test_r2": 0.7892965817183444}