{"best_model_path": "/ibex/user/bekeak/meprom-tl/checkpoints_mcmpnn/combi_ft/mcmpnn_combi_ft_v40_fold4-epoch=512-val_loss_weighted=0.36.ckpt", "val_rmse_scaled": 0.3630993068218231, "val_mae_scaled": 0.2324019819498062, "val_r2": 0.8595393896102905, "val_rmse": 0.14009831845760345, "val_mae": 0.08967003226280212, "test_rmse": 0.13718885131419883, "test_mae": 0.08309331041084349, "test_r2": 0.8777260267964078, "general_test_rmse": 0.10791890021732145, "general_test_mae": 0.06896241120680217, "general_test_r2": 0.9166280994834616, "target_test_rmse": 0.19460763176588836, "target_test_mae": 0.12061795147359433, "target_test_r2": 0.8007335323747591}