{"best_model_path": "/ibex/user/bekeak/meprom-tl/checkpoints_mcmpnn/combi_ft/mcmpnn_combi_ft_v40_fold1-epoch=962-val_loss_weighted=0.33.ckpt", "val_rmse_scaled": 0.3332017660140991, "val_mae_scaled": 0.2158292829990387, "val_r2": 0.8786914348602295, "val_rmse": 0.12880012392997742, "val_mae": 0.08342944085597992, "test_rmse": 0.14904155861649526, "test_mae": 0.08773238154916298, "test_r2": 0.8556851068409488, "general_test_rmse": 0.12109512279259924, "general_test_mae": 0.07396405201911375, "general_test_r2": 0.8950269094174895, "target_test_rmse": 0.2055741333206224, "target_test_mae": 0.12429421783264137, "target_test_r2": 0.7776426841396039}