{"best_model_path": "/ibex/user/bekeak/meprom-tl/checkpoints_mcmpnn/combi_ft/mcmpnn_combi_ft_v40_fold2-epoch=362-val_loss_weighted=0.36.ckpt", "val_rmse_scaled": 0.3566906154155731, "val_mae_scaled": 0.22820886969566345, "val_r2": 0.8667102456092834, "val_rmse": 0.13765233755111694, "val_mae": 0.08806927502155304, "test_rmse": 0.15059289576252433, "test_mae": 0.08952184838692974, "test_r2": 0.852665194567449, "general_test_rmse": 0.11558346283237082, "general_test_mae": 0.07466991619846833, "general_test_r2": 0.9043651715614132, "target_test_rmse": 0.21777053728964055, "target_test_mae": 0.1289611894165428, "target_test_r2": 0.7504757653542589}