substructure_smarts,mean_mean_sub_rejection_contribution,std_mean_sub_rejection_contribution
C1(P(C2CCCCC2)C3CCCCC3)CCCCC1,0.3485830297168005,0.1230082726563855
C=CC1C[N@@]2CC[C@H]1CC2,0.21772181283324593,0.047953489247590596
CC12CC3CC(C2)CC(C3)C1,0.27458611856108517,0.04542554191551724
P(c1ccccc1)(c2ccccc2)c3ccccc3,0.34486265115439907,0.06032254503755219
[NH]c1nc([NH])ccc1,0.1988749603995455,0.027190829130174673
c1(N2CCN(c3ccccc3)C2)ccccc1,0.3235483516656719,0.09114333451471168
c1(c2ccccc2)ccccn1,0.2753028053781826,0.03561718876582911
c1(c2ncccc2)ncccc1,0.2859510048049435,0.04115586176378773
c12c(c3c([#7]2)cccc3)cccc1,0.22506725880327275,0.033049563881140026
