,solute_smiles_1,solvent,membrane,solvent_smiles,solvent_viscosity,solvent_density,permeance,solute_diffusivity_1,solute_density_1,solute_mw_1,solute_solubility_1,solute_rejection_1,solute_molar_volume_1,solute_permeance_1,solute_cost_1,bnf_binary_energy,bnf_binary_recovery,bnf_binary_no_stages,bnf_binary_total_area,bnf_binary_productivity,bnf_binary_cost_EUR,bnf_binary_cost_USA,bnf_binary_cost_IND,bnf_binary_cost_CHN,bnf_binary_cost_membrane,bnf_binary_cost_waste
0,Cl[Pd]12C3=C(C[P](C4=CC=CC=C4)2C5=CC=CC=C5)C=C(OC)C=C3C[P](C6=CC=CC=C6)1C7=CC=CC=C7,Toluene,GMT-oNF-2,Cc1ccccc1,0.00059,867.0,9.472222222222224e-13,1e-09,1300,0.644041702488,10000,0.8960745520000002,0.0004954166942215,3.1318633237602264e-07,,6648446.038515784,0.5308626623814483,3,2520.0,0.005516927020863206,,,,,2.0677655459117377,
1,CC1=CC=[N]([Ru]23([N]4=C(C5=CC=CC=[N]53)C=CC=C4)6[N]7=CC=CC=C7C8=[N]2C=CC=C8)C(C9=[N]6C=CC(C)=C9)=C1,Toluene,GMT-oNF-2,Cc1ccccc1,0.00059,867.0,9.472222222222224e-13,1e-09,1300,0.5981418941960001,10000,0.352958645,0.0004601091493815,2.92158678310032e-06,,13814206236.645401,0.00025549146322597206,8,1106400.0,2.6125437522425617e-06,,,,,4366.515050038202,
2,CC1=CC(C)=CC(C)=C1N2CCN(C3=C(C)C=C(C)C=C3C)C2[Ru]4(Cl)(Cl)=CC5=CC(O)=CC=C5O4C(C)C,Toluene,GMT-oNF-2,Cc1ccccc1,0.00059,867.0,9.472222222222224e-13,1e-09,1300,0.643143208148,10000,0.5868794599999999,0.0004947255447292,1.51858064125889e-06,,59457575.912562996,0.05936016917164867,4,10200.0,0.0006096359209421463,,,,,18.7123350530603,
3,NC(C=C1)=CC2=C1OCCOCCOC(C=CC=C3)=C3OCCOCCO2,Toluene,GMT-oNF-2,Cc1ccccc1,0.00059,867.0,9.472222222222224e-13,1e-09,1300,0.37516818752,10000,0.449016986,0.0002885909134769,2.560387610588623e-06,,490537679.9115783,0.0071949860515140756,5,30720.0,7.3604707306989e-05,,,,,154.98616909746508,
4,COC1=CC2=C([C@H](NC(C3=O)=C(OC)C3=O)[C@H]4[N@@](CC5)C[C@H](CC)[C@@H]5C4)C=CN=C2C=C1,Toluene,GMT-oNF-2,Cc1ccccc1,0.00059,867.0,9.472222222222224e-13,1e-09,1300,0.435215806408,10000,0.6802625640000001,0.0003347813895446,1.154755195332269e-06,,33477696.14964411,0.10542576612588683,4,10200.0,0.001082735021144167,,,,,10.536014251201982,
5,P(OC1=CC=CC=C1)(OC2=CC=CC=C2)OC3=CC=CC=C3,Toluene,GMT-oNF-2,Cc1ccccc1,0.00059,867.0,9.472222222222224e-13,1e-09,1300,0.31007588097,10000,0.609276726,0.0002385199084384,1.569803564674074e-06,,52009263.01407508,0.06786121471766925,4,10200.0,0.000696942658822783,,,,,16.368221213950903,
