{"best_model_path": "/ibex/user/bekeak/meprom-tl/checkpoints_mcmpnn/combi/mcmpnn_combi_v40_fold1-epoch=974-val_loss_weighted=0.33.ckpt", "val_rmse_scaled": 0.3298186659812927, "val_mae_scaled": 0.21278895437717438, "val_r2": 0.879071831703186, "val_rmse": 0.12749236822128296, "val_mae": 0.08225419372320175, "test_rmse": 0.15337369899819903, "test_mae": 0.09065092542795124, "test_r2": 0.8471736754054192, "general_test_rmse": 0.12789238148213855, "general_test_mae": 0.07716523987713231, "general_test_r2": 0.8829115575880462, "target_test_rmse": 0.20628998299990764, "target_test_mae": 0.12646219795207397, "target_test_r2": 0.7760914038396861}