{"best_model_path": "/ibex/user/bekeak/meprom-tl/checkpoints_mcmpnn/combi/mcmpnn_combi_v40_fold2-epoch=688-val_loss_weighted=0.36.ckpt", "val_rmse_scaled": 0.3605653643608093, "val_mae_scaled": 0.22691458463668823, "val_r2": 0.8636350035667419, "val_rmse": 0.13914766907691956, "val_mae": 0.08756978809833527, "test_rmse": 0.14566041988323639, "test_mae": 0.08878400853536354, "test_r2": 0.8621586556588177, "general_test_rmse": 0.11595441467141092, "general_test_mae": 0.07424780708168151, "general_test_r2": 0.9037503285284834, "target_test_rmse": 0.20458318474261808, "target_test_mae": 0.1273849322602012, "target_test_r2": 0.7797812177013738}