{"best_model_path": "/ibex/user/bekeak/meprom-tl/checkpoints_mcmpnn/combi/mcmpnn_combi_v40_fold3-epoch=433-val_loss_weighted=0.41.ckpt", "val_rmse_scaled": 0.4141087532043457, "val_mae_scaled": 0.25359228253364563, "val_r2": 0.825659990310669, "val_rmse": 0.15915092825889587, "val_mae": 0.09746098518371582, "test_rmse": 0.14785502664966058, "test_mae": 0.08705593616228534, "test_r2": 0.8579737655315396, "general_test_rmse": 0.12358647380749468, "general_test_mae": 0.0746969269132677, "general_test_r2": 0.890663148918943, "target_test_rmse": 0.19837895569970226, "target_test_mae": 0.11987531036961933, "target_test_r2": 0.7929354817112938}