{"best_model_path": "/ibex/user/bekeak/meprom-tl/checkpoints_mcmpnn/combi/mcmpnn_combi_v40_fold0-epoch=937-val_loss_weighted=0.34.ckpt", "val_rmse_scaled": 0.3432738184928894, "val_mae_scaled": 0.21685366332530975, "val_r2": 0.8759413361549377, "val_rmse": 0.13238151371479034, "val_mae": 0.0836283341050148, "test_rmse": 0.14469515559441717, "test_mae": 0.08439298297624984, "test_r2": 0.8639794998881121, "general_test_rmse": 0.11636260292355077, "general_test_mae": 0.07178775085536078, "general_test_r2": 0.9030714904351407, "target_test_rmse": 0.2014396438852484, "target_test_mae": 0.11786620161072443, "target_test_r2": 0.7864968057683617}