{"best_model_path": "/ibex/user/bekeak/meprom-tl/checkpoints_mcmpnn/combi/mcmpnn_combi_v40_fold4-epoch=938-val_loss_weighted=0.35.ckpt", "val_rmse_scaled": 0.352009654045105, "val_mae_scaled": 0.2253996729850769, "val_r2": 0.8689137101173401, "val_rmse": 0.13581949472427368, "val_mae": 0.08696826547384262, "test_rmse": 0.13546205153479912, "test_mae": 0.08200015725247715, "test_r2": 0.8807847861445277, "general_test_rmse": 0.10780904608359343, "general_test_mae": 0.0692295334240949, "general_test_r2": 0.916797746994647, "target_test_rmse": 0.19029976907592325, "target_test_mae": 0.11591257652858103, "target_test_r2": 0.8094578727410627}