{"fold0": {"best_model_path": "/ibex/user/bekeak/meprom-tl/checkpoints_mcmpnn/zeroshot/mcmpnn_combi_v41a_smi12_fold0-epoch=35-val_loss_weighted=0.49.ckpt", "val_rmse_scaled": 0.49197036027908325, "val_mae_scaled": 0.34303027391433716, "val_r2": 0.7417369484901428, "val_rmse": 0.18785460293293, "val_mae": 0.1309831291437149, "test_rmse": 0.46260586735908354, "test_mae": 0.2945134061715795, "test_r2": -0.029942702225987716, "general_test_rmse": 0.5204815550286052, "general_test_mae": 0.3441575050238997, "general_test_r2": -0.4258422200514205, "target_test_rmse": 0.2081191888548178, "target_test_mae": 0.14558107542960175, "target_test_r2": 0.5111634088674522}, "fold1": {"best_model_path": "/ibex/user/bekeak/meprom-tl/checkpoints_mcmpnn/zeroshot/mcmpnn_combi_v41a_smi12_fold1-epoch=1464-val_loss_weighted=0.54.ckpt", "val_rmse_scaled": 0.5408310294151306, "val_mae_scaled": 0.3663037419319153, "val_r2": 0.6974292397499084, "val_rmse": 0.20557740330696106, "val_mae": 0.1392371505498886, "test_rmse": 0.47070542834398194, "test_mae": 0.3290290299654849, "test_r2": -0.06632405077211989, "general_test_rmse": 0.5308237209850082, "general_test_mae": 0.39252141658886935, "general_test_r2": -0.4830692398376242, "target_test_rmse": 0.2023188963061928, "target_test_mae": 0.13855188324341447, "target_test_r2": 0.5380315121551257}, "fold2": {"best_model_path": "/ibex/user/bekeak/meprom-tl/checkpoints_mcmpnn/zeroshot/mcmpnn_combi_v41a_smi12_fold2-epoch=74-val_loss_weighted=0.56.ckpt", "val_rmse_scaled": 0.5616544485092163, "val_mae_scaled": 0.3997534215450287, "val_r2": 0.6517261266708374, "val_rmse": 0.21517165005207062, "val_mae": 0.15314683318138123, "test_rmse": 0.4107702222680695, "test_mae": 0.2898087426796802, "test_r2": 0.18793891841541255, "general_test_rmse": 0.4601645836126321, "general_test_mae": 0.3339250118156074, "general_test_r2": -0.11451819770908722, "target_test_rmse": 0.19918428558175283, "target_test_mae": 0.1574599457903653, "target_test_r2": 0.5522355579649416}, "fold3": {"best_model_path": "/ibex/user/bekeak/meprom-tl/checkpoints_mcmpnn/zeroshot/mcmpnn_combi_v41a_smi12_fold3-epoch=359-val_loss_weighted=0.52.ckpt", "val_rmse_scaled": 0.5245503783226013, "val_mae_scaled": 0.3555939197540283, "val_r2": 0.7426854968070984, "val_rmse": 0.19728624820709229, "val_mae": 0.13374079763889313, "test_rmse": 0.41907001409525596, "test_mae": 0.2798554377282092, "test_r2": 0.15479128864833835, "general_test_rmse": 0.4679510633626048, "general_test_mae": 0.3220045314165685, "general_test_r2": -0.15255500324950577, "target_test_rmse": 0.21341066833091377, "target_test_mae": 0.15340815578659237, "target_test_r2": 0.48598983274828644}, "fold4": {"best_model_path": "/ibex/user/bekeak/meprom-tl/checkpoints_mcmpnn/zeroshot/mcmpnn_combi_v41a_smi12_fold4-epoch=946-val_loss_weighted=0.50.ckpt", "val_rmse_scaled": 0.4982520043849945, "val_mae_scaled": 0.3436771333217621, "val_r2": 0.7174285650253296, "val_rmse": 0.19142599403858185, "val_mae": 0.13203907012939453, "test_rmse": 0.4056029221326048, "test_mae": 0.2644974034921, "test_r2": 0.20824112247074866, "general_test_rmse": 0.4555578597165169, "general_test_mae": 0.30969014162886915, "general_test_r2": -0.09231493357829978, "target_test_rmse": 0.18829771059198827, "target_test_mae": 0.12891918557563692, "target_test_r2": 0.5998438120023223}}