{"fold0": {"best_model_path": "/ibex/user/bekeak/meprom-tl/checkpoints_mcmpnn/zeroshot/mcmpnn_combi_v41a_smi7_fold0-epoch=411-val_loss_weighted=0.50.ckpt", "val_rmse_scaled": 0.49795761704444885, "val_mae_scaled": 0.32563313841819763, "val_r2": 0.7320823073387146, "val_rmse": 0.19014078378677368, "val_mae": 0.12434018403291702, "test_rmse": 0.4181993682840759, "test_mae": 0.2803380026154938, "test_r2": 0.15829959505182067, "general_test_rmse": 0.4700994314313814, "general_test_mae": 0.3288476228660197, "general_test_r2": -0.1631620794558335, "target_test_rmse": 0.1912653394267233, "target_test_mae": 0.1348091611477715, "target_test_r2": 0.5871312534041428}, "fold1": {"best_model_path": "/ibex/user/bekeak/meprom-tl/checkpoints_mcmpnn/zeroshot/mcmpnn_combi_v41a_smi7_fold1-epoch=339-val_loss_weighted=0.53.ckpt", "val_rmse_scaled": 0.5271986722946167, "val_mae_scaled": 0.358412504196167, "val_r2": 0.7098492383956909, "val_rmse": 0.20039555430412292, "val_mae": 0.13623759150505066, "test_rmse": 0.47329083576095166, "test_mae": 0.33597822447632386, "test_r2": -0.07807005241223552, "general_test_rmse": 0.535019268450545, "general_test_mae": 0.40400666742342417, "general_test_r2": -0.5066057817646175, "target_test_rmse": 0.19308032736410943, "target_test_mae": 0.1318929044004117, "target_test_r2": 0.5792583451607127}, "fold2": {"best_model_path": "/ibex/user/bekeak/meprom-tl/checkpoints_mcmpnn/zeroshot/mcmpnn_combi_v41a_smi7_fold2-epoch=139-val_loss_weighted=0.56.ckpt", "val_rmse_scaled": 0.5648613572120667, "val_mae_scaled": 0.3893490135669708, "val_r2": 0.6466195583343506, "val_rmse": 0.21640022099018097, "val_mae": 0.14916087687015533, "test_rmse": 0.41634561171756357, "test_mae": 0.2727457220307147, "test_r2": 0.16574508433290513, "general_test_rmse": 0.46593359323497274, "general_test_mae": 0.31560908042518027, "general_test_r2": -0.14263844113745816, "target_test_rmse": 0.20516413354507673, "target_test_mae": 0.1441556529830901, "target_test_r2": 0.5249467007123264}, "fold3": {"best_model_path": "/ibex/user/bekeak/meprom-tl/checkpoints_mcmpnn/zeroshot/mcmpnn_combi_v41a_smi7_fold3-epoch=66-val_loss_weighted=0.51.ckpt", "val_rmse_scaled": 0.5055551528930664, "val_mae_scaled": 0.34963223338127136, "val_r2": 0.7616845965385437, "val_rmse": 0.19014203548431396, "val_mae": 0.1314985752105713, "test_rmse": 0.4164939915000488, "test_mae": 0.28150347202289416, "test_r2": 0.1651503446870738, "general_test_rmse": 0.46702809506836995, "general_test_mae": 0.32789217119834735, "general_test_r2": -0.14801297850467998, "target_test_rmse": 0.19880458089041242, "target_test_mae": 0.14233739378039012, "target_test_r2": 0.5539410761084991}, "fold4": {"best_model_path": "/ibex/user/bekeak/meprom-tl/checkpoints_mcmpnn/zeroshot/mcmpnn_combi_v41a_smi7_fold4-epoch=613-val_loss_weighted=0.51.ckpt", "val_rmse_scaled": 0.5085055828094482, "val_mae_scaled": 0.3538365960121155, "val_r2": 0.7061002254486084, "val_rmse": 0.19536536931991577, "val_mae": 0.13594229519367218, "test_rmse": 0.4146260106428539, "test_mae": 0.27163869305752814, "test_r2": 0.17262217407987945, "general_test_rmse": 0.464777955979217, "general_test_mae": 0.3183407002780569, "general_test_r2": -0.13697738553166938, "target_test_rmse": 0.1990057436807319, "target_test_mae": 0.13153268717364186, "target_test_r2": 0.5530379193020242}}