{"fold0": {"best_model_path": "/ibex/user/bekeak/meprom-tl/checkpoints_mcmpnn/zeroshot/mcmpnn_combi_v41a_smi11_fold0-epoch=493-val_loss_weighted=0.49.ckpt", "val_rmse_scaled": 0.49451541900634766, "val_mae_scaled": 0.3289157748222351, "val_r2": 0.7371665835380554, "val_rmse": 0.18882641196250916, "val_mae": 0.1255936324596405, "test_rmse": 0.41621331590924704, "test_mae": 0.27247212492605244, "test_r2": 0.1662751770744001, "general_test_rmse": 0.4673210050415661, "general_test_mae": 0.3197677460254023, "general_test_r2": -0.14945344816048434, "target_test_rmse": 0.19433815744833424, "target_test_mae": 0.1305852379614527, "target_test_r2": 0.5737586100346923}, "fold1": {"best_model_path": "/ibex/user/bekeak/meprom-tl/checkpoints_mcmpnn/zeroshot/mcmpnn_combi_v41a_smi11_fold1-epoch=418-val_loss_weighted=0.52.ckpt", "val_rmse_scaled": 0.5225219130516052, "val_mae_scaled": 0.3489318788051605, "val_r2": 0.7171882390975952, "val_rmse": 0.1986178606748581, "val_mae": 0.13263386487960815, "test_rmse": 0.46690536275476685, "test_mae": 0.3268206985176689, "test_r2": -0.04917640589223149, "general_test_rmse": 0.5277648303522934, "general_test_mae": 0.39151378967953293, "general_test_r2": -0.4660260090220494, "target_test_rmse": 0.1907755714023562, "target_test_mae": 0.13274141013091545, "target_test_r2": 0.5892429900544078}, "fold2": {"best_model_path": "/ibex/user/bekeak/meprom-tl/checkpoints_mcmpnn/zeroshot/mcmpnn_combi_v41a_smi11_fold2-epoch=64-val_loss_weighted=0.58.ckpt", "val_rmse_scaled": 0.5791996717453003, "val_mae_scaled": 0.4169366955757141, "val_r2": 0.6283664703369141, "val_rmse": 0.2218932807445526, "val_mae": 0.15972980856895447, "test_rmse": 0.420852493937654, "test_mae": 0.29167771865328956, "test_r2": 0.14758594600731523, "general_test_rmse": 0.46498859021322747, "general_test_mae": 0.3224987547205332, "general_test_r2": -0.13800816000971228, "target_test_rmse": 0.24458970714080755, "target_test_mae": 0.19921461395771428, "target_test_r2": 0.3248258414219465}, "fold3": {"best_model_path": "/ibex/user/bekeak/meprom-tl/checkpoints_mcmpnn/zeroshot/mcmpnn_combi_v41a_smi11_fold3-epoch=35-val_loss_weighted=0.52.ckpt", "val_rmse_scaled": 0.5182801485061646, "val_mae_scaled": 0.37348949909210205, "val_r2": 0.7501617074012756, "val_rmse": 0.19492797553539276, "val_mae": 0.1404714286327362, "test_rmse": 0.4108136655439588, "test_mae": 0.2803098790041441, "test_r2": 0.1877671413135923, "general_test_rmse": 0.4599881507730203, "general_test_mae": 0.3247195411529031, "general_test_r2": -0.11366372119887225, "target_test_rmse": 0.20075900998733723, "target_test_mae": 0.1470808995701783, "target_test_r2": 0.5451276395047053}, "fold4": {"best_model_path": "/ibex/user/bekeak/meprom-tl/checkpoints_mcmpnn/zeroshot/mcmpnn_combi_v41a_smi11_fold4-epoch=196-val_loss_weighted=0.49.ckpt", "val_rmse_scaled": 0.49478214979171753, "val_mae_scaled": 0.34768950939178467, "val_r2": 0.7223102450370789, "val_rmse": 0.19009289145469666, "val_mae": 0.13358061015605927, "test_rmse": 0.4295886954063125, "test_mae": 0.28161913202230243, "test_r2": 0.11182922233538506, "general_test_rmse": 0.48243576860051524, "general_test_mae": 0.3282804273062951, "general_test_r2": -0.2250104194483542, "target_test_rmse": 0.1998824277004361, "target_test_mae": 0.141635266330719, "target_test_r2": 0.5490912230251137}}