{"fold0": {"best_model_path": "/ibex/user/bekeak/meprom-tl/checkpoints_mcmpnn/zeroshot/mcmpnn_combi_v41a_smi5_fold0-epoch=53-val_loss_weighted=0.49.ckpt", "val_rmse_scaled": 0.4886699318885803, "val_mae_scaled": 0.3450546860694885, "val_r2": 0.7444080114364624, "val_rmse": 0.18659436702728271, "val_mae": 0.13175612688064575, "test_rmse": 0.4483467203426215, "test_mae": 0.3028915819216414, "test_r2": 0.03257170418814981, "general_test_rmse": 0.501797873589716, "general_test_mae": 0.3494689358856151, "general_test_r2": -0.3253128736981674, "target_test_rmse": 0.22058055478475982, "target_test_mae": 0.1631595024989422, "target_test_r2": 0.45087159761011997}, "fold1": {"best_model_path": "/ibex/user/bekeak/meprom-tl/checkpoints_mcmpnn/zeroshot/mcmpnn_combi_v41a_smi5_fold1-epoch=722-val_loss_weighted=0.53.ckpt", "val_rmse_scaled": 0.5341898798942566, "val_mae_scaled": 0.36046290397644043, "val_r2": 0.7039210796356201, "val_rmse": 0.20305301249027252, "val_mae": 0.13701696693897247, "test_rmse": 0.4788912498518792, "test_mae": 0.331281311577913, "test_r2": -0.10373444187898828, "general_test_rmse": 0.5404431186333127, "general_test_mae": 0.3965232641071106, "general_test_r2": -0.5373075715966522, "target_test_rmse": 0.20275852694794297, "target_test_mae": 0.13555544434839226, "target_test_r2": 0.5360216538020064}, "fold2": {"best_model_path": "/ibex/user/bekeak/meprom-tl/checkpoints_mcmpnn/zeroshot/mcmpnn_combi_v41a_smi5_fold2-epoch=93-val_loss_weighted=0.57.ckpt", "val_rmse_scaled": 0.5689200162887573, "val_mae_scaled": 0.3951761722564697, "val_r2": 0.641246497631073, "val_rmse": 0.2179551124572754, "val_mae": 0.15139327943325043, "test_rmse": 0.38053030942403454, "test_mae": 0.25431912827236736, "test_r2": 0.3031018691305899, "general_test_rmse": 0.4178541933490691, "general_test_mae": 0.2791640776908616, "general_test_r2": 0.08101099996451822, "target_test_rmse": 0.23538662962371268, "target_test_mae": 0.1797842712514958, "target_test_r2": 0.37467896387592536}, "fold3": {"best_model_path": "/ibex/user/bekeak/meprom-tl/checkpoints_mcmpnn/zeroshot/mcmpnn_combi_v41a_smi5_fold3-epoch=267-val_loss_weighted=0.54.ckpt", "val_rmse_scaled": 0.5367093682289124, "val_mae_scaled": 0.3661056458950043, "val_r2": 0.730730414390564, "val_rmse": 0.20185931026935577, "val_mae": 0.1376943141222, "test_rmse": 0.4158156765692514, "test_mae": 0.26597760894803835, "test_r2": 0.16786745397678537, "general_test_rmse": 0.4654433145057091, "general_test_mae": 0.30830191237008864, "general_test_r2": -0.14023502318343062, "target_test_rmse": 0.20420155631925907, "target_test_mae": 0.13900469955842634, "target_test_r2": 0.5293938988624965}, "fold4": {"best_model_path": "/ibex/user/bekeak/meprom-tl/checkpoints_mcmpnn/zeroshot/mcmpnn_combi_v41a_smi5_fold4-epoch=597-val_loss_weighted=0.51.ckpt", "val_rmse_scaled": 0.5072969198226929, "val_mae_scaled": 0.3545878529548645, "val_r2": 0.7072358131408691, "val_rmse": 0.1949010044336319, "val_mae": 0.13623091578483582, "test_rmse": 0.42032366090819073, "test_mae": 0.2703330104084507, "test_r2": 0.1497268456833719, "general_test_rmse": 0.4720284835960709, "general_test_mae": 0.31391966918036035, "general_test_r2": -0.17272773255905327, "target_test_rmse": 0.1955895091750975, "target_test_mae": 0.13957304110503296, "target_test_r2": 0.5682517643595419}}