{"fold0": {"best_model_path": "/ibex/user/bekeak/meprom-tl/checkpoints_mcmpnn/zeroshot/mcmpnn_combi_v41a_smi4_fold0-epoch=63-val_loss_weighted=0.50.ckpt", "val_rmse_scaled": 0.49506038427352905, "val_mae_scaled": 0.33976805210113525, "val_r2": 0.7389404773712158, "val_rmse": 0.18903450667858124, "val_mae": 0.1297374814748764, "test_rmse": 0.4391195630554928, "test_mae": 0.2917325490950874, "test_r2": 0.07198208009005735, "general_test_rmse": 0.49311540006163673, "general_test_mae": 0.3406535257494978, "general_test_r2": -0.27984658803462104, "target_test_rmse": 0.20448856786998226, "target_test_mae": 0.14496962263801172, "target_test_r2": 0.5280700665530209}, "fold1": {"best_model_path": "/ibex/user/bekeak/meprom-tl/checkpoints_mcmpnn/zeroshot/mcmpnn_combi_v41a_smi4_fold1-epoch=941-val_loss_weighted=0.54.ckpt", "val_rmse_scaled": 0.538966715335846, "val_mae_scaled": 0.3636358380317688, "val_r2": 0.6992301940917969, "val_rmse": 0.20486874878406525, "val_mae": 0.1382230520248413, "test_rmse": 0.48408018144767684, "test_mae": 0.34079035229205124, "test_r2": -0.12778261777168076, "general_test_rmse": 0.546931952533768, "general_test_mae": 0.40979402451849767, "general_test_r2": -0.5744445711955091, "target_test_rmse": 0.199826962749864, "target_test_mae": 0.13377935927926185, "target_test_r2": 0.5493414317441105}, "fold2": {"best_model_path": "/ibex/user/bekeak/meprom-tl/checkpoints_mcmpnn/zeroshot/mcmpnn_combi_v41a_smi4_fold2-epoch=51-val_loss_weighted=0.57.ckpt", "val_rmse_scaled": 0.574489176273346, "val_mae_scaled": 0.3903466463088989, "val_r2": 0.6364797353744507, "val_rmse": 0.2200886756181717, "val_mae": 0.14954307675361633, "test_rmse": 0.4217121114107256, "test_mae": 0.294015254410797, "test_r2": 0.14410017192029667, "general_test_rmse": 0.47131604150854406, "general_test_mae": 0.33929232179011526, "general_test_r2": -0.1691903609640324, "target_test_rmse": 0.2120093968100564, "target_test_mae": 0.15818406279130867, "target_test_r2": 0.49271773577571343}, "fold3": {"best_model_path": "/ibex/user/bekeak/meprom-tl/checkpoints_mcmpnn/zeroshot/mcmpnn_combi_v41a_smi4_fold3-epoch=224-val_loss_weighted=0.52.ckpt", "val_rmse_scaled": 0.5162573456764221, "val_mae_scaled": 0.35338085889816284, "val_r2": 0.7500400543212891, "val_rmse": 0.19416719675064087, "val_mae": 0.13290846347808838, "test_rmse": 0.4179207465587316, "test_mae": 0.27865014912315156, "test_r2": 0.15942077272300248, "general_test_rmse": 0.4691032969963503, "general_test_mae": 0.3255744786872448, "general_test_r2": -0.1582378522614165, "target_test_rmse": 0.19610529390631368, "target_test_mae": 0.13787714815932733, "target_test_r2": 0.5659716546245671}, "fold4": {"best_model_path": "/ibex/user/bekeak/meprom-tl/checkpoints_mcmpnn/zeroshot/mcmpnn_combi_v41a_smi4_fold4-epoch=380-val_loss_weighted=0.50.ckpt", "val_rmse_scaled": 0.4956355094909668, "val_mae_scaled": 0.34585967659950256, "val_r2": 0.7216435670852661, "val_rmse": 0.1904207468032837, "val_mae": 0.13287760317325592, "test_rmse": 0.419024726434234, "test_mae": 0.277652423473378, "test_r2": 0.15497395720516882, "general_test_rmse": 0.47001370939187587, "general_test_mae": 0.32344443958879027, "general_test_r2": -0.16273791585048003, "target_test_rmse": 0.19896783860524997, "target_test_mae": 0.14027635233712993, "target_test_r2": 0.5532081708494417}}