{"fold0": {"best_model_path": "/ibex/user/bekeak/meprom-tl/checkpoints_mcmpnn/zeroshot/mcmpnn_combi_v41a_smi0_fold0-epoch=427-val_loss_weighted=0.49.ckpt", "val_rmse_scaled": 0.48812371492385864, "val_mae_scaled": 0.3267655670642853, "val_r2": 0.7436051964759827, "val_rmse": 0.18638579547405243, "val_mae": 0.1247725859284401, "test_rmse": 0.415818374044062, "test_mae": 0.28394363326581784, "test_r2": 0.1678566575398579, "general_test_rmse": 0.46501749068527737, "general_test_mae": 0.3280036973779361, "general_test_r2": -0.13814962582538448, "target_test_rmse": 0.20711318236203963, "target_test_mae": 0.1517634286579186, "target_test_r2": 0.515877863326873}, "fold1": {"best_model_path": "/ibex/user/bekeak/meprom-tl/checkpoints_mcmpnn/zeroshot/mcmpnn_combi_v41a_smi0_fold1-epoch=153-val_loss_weighted=0.52.ckpt", "val_rmse_scaled": 0.5245319604873657, "val_mae_scaled": 0.3627271354198456, "val_r2": 0.7166964411735535, "val_rmse": 0.19938190281391144, "val_mae": 0.13787764310836792, "test_rmse": 0.47224124901328524, "test_mae": 0.3336829704682035, "test_r2": -0.07329382056464451, "general_test_rmse": 0.5321572073140556, "general_test_mae": 0.39546356412216876, "general_test_r2": -0.49052985817900296, "target_test_rmse": 0.2060904525940499, "target_test_mae": 0.14834115795090708, "target_test_r2": 0.52064727146081}, "fold2": {"best_model_path": "/ibex/user/bekeak/meprom-tl/checkpoints_mcmpnn/zeroshot/mcmpnn_combi_v41a_smi0_fold2-epoch=77-val_loss_weighted=0.57.ckpt", "val_rmse_scaled": 0.5663585662841797, "val_mae_scaled": 0.39927518367767334, "val_r2": 0.6462466716766357, "val_rmse": 0.21697381138801575, "val_mae": 0.15296362340450287, "test_rmse": 0.41670505461455265, "test_mae": 0.27607444989620017, "test_r2": 0.16430399098599247, "general_test_rmse": 0.4662225854554339, "general_test_mae": 0.3184167347442498, "general_test_r2": -0.14405630853954432, "target_test_rmse": 0.20611137962562723, "target_test_mae": 0.14904758220396783, "target_test_r2": 0.520549916742326}, "fold3": {"best_model_path": "/ibex/user/bekeak/meprom-tl/checkpoints_mcmpnn/zeroshot/mcmpnn_combi_v41a_smi0_fold3-epoch=47-val_loss_weighted=0.52.ckpt", "val_rmse_scaled": 0.5247293710708618, "val_mae_scaled": 0.3668298125267029, "val_r2": 0.7425467371940613, "val_rmse": 0.1973535716533661, "val_mae": 0.13796667754650116, "test_rmse": 0.41549827678350415, "test_mae": 0.2752097283560429, "test_r2": 0.16913733341308557, "general_test_rmse": 0.46403567793310724, "general_test_mae": 0.3142555613550137, "general_test_r2": -0.1333486444543479, "target_test_rmse": 0.21111115052436064, "target_test_mae": 0.158072211828353, "target_test_r2": 0.49700716003480694}, "fold4": {"best_model_path": "/ibex/user/bekeak/meprom-tl/checkpoints_mcmpnn/zeroshot/mcmpnn_combi_v41a_smi0_fold4-epoch=357-val_loss_weighted=0.50.ckpt", "val_rmse_scaled": 0.5027379989624023, "val_mae_scaled": 0.35017257928848267, "val_r2": 0.712927520275116, "val_rmse": 0.19314949214458466, "val_mae": 0.13453459739685059, "test_rmse": 0.4001078278735313, "test_mae": 0.26312935318698805, "test_r2": 0.22954924059953885, "general_test_rmse": 0.4474665534341807, "general_test_mae": 0.30508511191914833, "general_test_r2": -0.05385762244512282, "target_test_rmse": 0.19916360406034841, "target_test_mae": 0.13726207523742945, "target_test_r2": 0.5523285368774472}}