{"fold0": {"best_model_path": "/ibex/user/bekeak/meprom-tl/checkpoints_mcmpnn/zeroshot/mcmpnn_combi_v41a_smi9_fold0-epoch=30-val_loss_weighted=0.49.ckpt", "val_rmse_scaled": 0.4941280782222748, "val_mae_scaled": 0.349202424287796, "val_r2": 0.7389488220214844, "val_rmse": 0.18867850303649902, "val_mae": 0.13333991169929504, "test_rmse": 0.4528124410513976, "test_mae": 0.3188353358772295, "test_r2": 0.013203745426700109, "general_test_rmse": 0.5087714398260658, "general_test_mae": 0.3718185682421137, "general_test_r2": -0.36240500770172845, "target_test_rmse": 0.20883317631503875, "target_test_mae": 0.15988562826410987, "target_test_r2": 0.5078035852094307}, "fold1": {"best_model_path": "/ibex/user/bekeak/meprom-tl/checkpoints_mcmpnn/zeroshot/mcmpnn_combi_v41a_smi9_fold1-epoch=1059-val_loss_weighted=0.53.ckpt", "val_rmse_scaled": 0.5278784036636353, "val_mae_scaled": 0.3567972481250763, "val_r2": 0.7115682363510132, "val_rmse": 0.20065394043922424, "val_mae": 0.13562360405921936, "test_rmse": 0.4754687013397804, "test_mae": 0.3415030162168866, "test_r2": -0.08801443940130982, "general_test_rmse": 0.5363659721248799, "general_test_mae": 0.4096825144006489, "general_test_r2": -0.5141999198134302, "target_test_rmse": 0.2030186195223243, "target_test_mae": 0.13696450588789952, "target_test_r2": 0.5348305352338494}, "fold2": {"best_model_path": "/ibex/user/bekeak/meprom-tl/checkpoints_mcmpnn/zeroshot/mcmpnn_combi_v41a_smi9_fold2-epoch=182-val_loss_weighted=0.58.ckpt", "val_rmse_scaled": 0.5785504579544067, "val_mae_scaled": 0.3973056972026825, "val_r2": 0.62694251537323, "val_rmse": 0.2216445654630661, "val_mae": 0.1522091031074524, "test_rmse": 0.4007051600195562, "test_mae": 0.2640794577360794, "test_r2": 0.22724706849817444, "general_test_rmse": 0.44377816231645095, "general_test_mae": 0.29778766246474747, "general_test_r2": -0.036555685746790356, "target_test_rmse": 0.2268068279036688, "target_test_mae": 0.16295484968584756, "target_test_r2": 0.41943385477863626}, "fold3": {"best_model_path": "/ibex/user/bekeak/meprom-tl/checkpoints_mcmpnn/zeroshot/mcmpnn_combi_v41a_smi9_fold3-epoch=47-val_loss_weighted=0.51.ckpt", "val_rmse_scaled": 0.5074063539505005, "val_mae_scaled": 0.35492148995399475, "val_r2": 0.7618676424026489, "val_rmse": 0.1908382773399353, "val_mae": 0.13348789513111115, "test_rmse": 0.4109987522902926, "test_mae": 0.26708188695968693, "test_r2": 0.18703509457269785, "general_test_rmse": 0.46061908596941176, "general_test_mae": 0.30960476225682937, "general_test_r2": -0.11672089354728366, "target_test_rmse": 0.1979142701328322, "target_test_mae": 0.13951324967325412, "target_test_r2": 0.5579273204543094}, "fold4": {"best_model_path": "/ibex/user/bekeak/meprom-tl/checkpoints_mcmpnn/zeroshot/mcmpnn_combi_v41a_smi9_fold4-epoch=383-val_loss_weighted=0.50.ckpt", "val_rmse_scaled": 0.5001056790351868, "val_mae_scaled": 0.3537690043449402, "val_r2": 0.7165689468383789, "val_rmse": 0.1921381652355194, "val_mae": 0.1359163224697113, "test_rmse": 0.4062765694166913, "test_mae": 0.27044632085216885, "test_r2": 0.2056089464675186, "general_test_rmse": 0.4557845795160541, "general_test_mae": 0.31423640405567754, "general_test_r2": -0.09340243999252817, "target_test_rmse": 0.19241582896429596, "target_test_mae": 0.13907606861202598, "target_test_r2": 0.5821493808262729}}