{"fold0": {"best_model_path": "/ibex/user/bekeak/meprom-tl/checkpoints_mcmpnn/zeroshot/mcmpnn_combi_v41a_smi3_fold0-epoch=427-val_loss_weighted=0.49.ckpt", "val_rmse_scaled": 0.4889792799949646, "val_mae_scaled": 0.3291928768157959, "val_r2": 0.7422208786010742, "val_rmse": 0.18671248853206635, "val_mae": 0.12569943070411682, "test_rmse": 0.40987132810095334, "test_mae": 0.2732489954963424, "test_r2": 0.19148911871025698, "general_test_rmse": 0.45852864271342103, "general_test_mae": 0.31642422048656893, "general_test_r2": -0.1066077892764723, "target_test_rmse": 0.20305780712064866, "target_test_mae": 0.14372332490835704, "target_test_r2": 0.5346509395544783}, "fold1": {"best_model_path": "/ibex/user/bekeak/meprom-tl/checkpoints_mcmpnn/zeroshot/mcmpnn_combi_v41a_smi3_fold1-epoch=425-val_loss_weighted=0.54.ckpt", "val_rmse_scaled": 0.5354763269424438, "val_mae_scaled": 0.3612081706523895, "val_r2": 0.7012074589729309, "val_rmse": 0.20354200899600983, "val_mae": 0.1373002529144287, "test_rmse": 0.47659847606160316, "test_mae": 0.3405896770384669, "test_r2": -0.09319110650485496, "general_test_rmse": 0.5380071827476036, "general_test_mae": 0.40866600889979937, "general_test_r2": -0.523480609481918, "target_test_rmse": 0.2005722830617604, "target_test_mae": 0.1363606700594635, "target_test_r2": 0.5459734039592302}, "fold2": {"best_model_path": "/ibex/user/bekeak/meprom-tl/checkpoints_mcmpnn/zeroshot/mcmpnn_combi_v41a_smi3_fold2-epoch=133-val_loss_weighted=0.58.ckpt", "val_rmse_scaled": 0.5780032277107239, "val_mae_scaled": 0.4010084271430969, "val_r2": 0.6301553249359131, "val_rmse": 0.22143492102622986, "val_mae": 0.15362763404846191, "test_rmse": 0.4140801152061796, "test_mae": 0.27997223687484113, "test_r2": 0.17479938650590476, "general_test_rmse": 0.4625647178297462, "general_test_mae": 0.3207169045154175, "general_test_r2": -0.12617476362039115, "target_test_rmse": 0.2096449544315422, "target_test_mae": 0.157738217298873, "target_test_r2": 0.5039696076678923}, "fold3": {"best_model_path": "/ibex/user/bekeak/meprom-tl/checkpoints_mcmpnn/zeroshot/mcmpnn_combi_v41a_smi3_fold3-epoch=42-val_loss_weighted=0.53.ckpt", "val_rmse_scaled": 0.5255421996116638, "val_mae_scaled": 0.3595641255378723, "val_r2": 0.7425742745399475, "val_rmse": 0.19765926897525787, "val_mae": 0.1352340131998062, "test_rmse": 0.4012873803866196, "test_mae": 0.26423674960831417, "test_r2": 0.22499983337667373, "general_test_rmse": 0.4476356479067536, "general_test_mae": 0.29809730652827454, "general_test_r2": -0.05465426374943805, "target_test_rmse": 0.2073481057251554, "target_test_mae": 0.16265509111997759, "target_test_r2": 0.5147789849196195}, "fold4": {"best_model_path": "/ibex/user/bekeak/meprom-tl/checkpoints_mcmpnn/zeroshot/mcmpnn_combi_v41a_smi3_fold4-epoch=407-val_loss_weighted=0.50.ckpt", "val_rmse_scaled": 0.49633875489234924, "val_mae_scaled": 0.3449479639530182, "val_r2": 0.7194183468818665, "val_rmse": 0.19069091975688934, "val_mae": 0.13252732157707214, "test_rmse": 0.4196724324029419, "test_mae": 0.271201294861335, "test_r2": 0.15235954620485337, "general_test_rmse": 0.468986516488376, "general_test_mae": 0.3141429490263409, "general_test_r2": -0.15766125103279016, "target_test_rmse": 0.21131669320217467, "target_test_mae": 0.1423763472674785, "target_test_r2": 0.49602723240211544}}