{"fold0": {"best_model_path": "/ibex/user/bekeak/meprom-tl/checkpoints_mcmpnn/zeroshot/mcmpnn_combi_v41a_smi8_fold0-epoch=651-val_loss_weighted=0.50.ckpt", "val_rmse_scaled": 0.4953901767730713, "val_mae_scaled": 0.3323028087615967, "val_r2": 0.7350326776504517, "val_rmse": 0.18916043639183044, "val_mae": 0.12688693404197693, "test_rmse": 0.4012347889205748, "test_mae": 0.26673316055975543, "test_r2": 0.2252029582497993, "general_test_rmse": 0.4495054449148668, "general_test_mae": 0.30908835902224435, "general_test_r2": -0.06348335475898637, "target_test_rmse": 0.19440164632511348, "target_test_mae": 0.13966757919691106, "target_test_r2": 0.5734800645565019}, "fold1": {"best_model_path": "/ibex/user/bekeak/meprom-tl/checkpoints_mcmpnn/zeroshot/mcmpnn_combi_v41a_smi8_fold1-epoch=734-val_loss_weighted=0.53.ckpt", "val_rmse_scaled": 0.5274589657783508, "val_mae_scaled": 0.35680729150772095, "val_r2": 0.7116018533706665, "val_rmse": 0.20049449801445007, "val_mae": 0.13562741875648499, "test_rmse": 0.47627088288119984, "test_mae": 0.33611344965915724, "test_r2": -0.09168879841710664, "general_test_rmse": 0.537605565294268, "general_test_mae": 0.403660012288363, "general_test_r2": -0.521206929688828, "target_test_rmse": 0.2006902662861247, "target_test_mae": 0.13347376790731183, "target_test_r2": 0.5454391000562127}, "fold2": {"best_model_path": "/ibex/user/bekeak/meprom-tl/checkpoints_mcmpnn/zeroshot/mcmpnn_combi_v41a_smi8_fold2-epoch=120-val_loss_weighted=0.57.ckpt", "val_rmse_scaled": 0.5701451301574707, "val_mae_scaled": 0.38834699988365173, "val_r2": 0.6413958668708801, "val_rmse": 0.218424454331398, "val_mae": 0.14877699315547943, "test_rmse": 0.41684186680973967, "test_mae": 0.2826232383411395, "test_r2": 0.16375515111399297, "general_test_rmse": 0.46430083584733534, "general_test_mae": 0.3223102670077097, "general_test_r2": -0.13464424406896214, "target_test_rmse": 0.21977892524249265, "target_test_mae": 0.16356214357603993, "target_test_r2": 0.45485560854540075}, "fold3": {"best_model_path": "/ibex/user/bekeak/meprom-tl/checkpoints_mcmpnn/zeroshot/mcmpnn_combi_v41a_smi8_fold3-epoch=314-val_loss_weighted=0.52.ckpt", "val_rmse_scaled": 0.5164108872413635, "val_mae_scaled": 0.3546248972415924, "val_r2": 0.7495476007461548, "val_rmse": 0.19422493875026703, "val_mae": 0.133376345038414, "test_rmse": 0.4010254775659158, "test_mae": 0.25884377980429496, "test_r2": 0.226011121063318, "general_test_rmse": 0.4493246774466477, "general_test_mae": 0.29950800488060497, "general_test_r2": -0.06262817251079644, "target_test_rmse": 0.19392715978480457, "target_test_mae": 0.1368511221061428, "target_test_r2": 0.5755595838915812}, "fold4": {"best_model_path": "/ibex/user/bekeak/meprom-tl/checkpoints_mcmpnn/zeroshot/mcmpnn_combi_v41a_smi8_fold4-epoch=75-val_loss_weighted=0.49.ckpt", "val_rmse_scaled": 0.4904395043849945, "val_mae_scaled": 0.35380756855010986, "val_r2": 0.7281438112258911, "val_rmse": 0.1884244680404663, "val_mae": 0.135931134223938, "test_rmse": 0.42240892268294133, "test_mae": 0.2822928475968715, "test_r2": 0.14126936218114128, "general_test_rmse": 0.4736509763821892, "general_test_mae": 0.32595311329359306, "general_test_r2": -0.18080356899188965, "target_test_rmse": 0.20169641443213315, "target_test_mae": 0.15131204875362933, "target_test_r2": 0.5408698493682688}}