{"fold0": {"best_model_path": "/ibex/user/bekeak/meprom-tl/checkpoints_mcmpnn/zeroshot/mcmpnn_combi_v41a_smi6_fold0-epoch=360-val_loss_weighted=0.49.ckpt", "val_rmse_scaled": 0.49123820662498474, "val_mae_scaled": 0.32579344511032104, "val_r2": 0.7402088642120361, "val_rmse": 0.18757504224777222, "val_mae": 0.12440139055252075, "test_rmse": 0.4264846458164926, "test_mae": 0.28260187144425686, "test_r2": 0.12461804057647863, "general_test_rmse": 0.47788456195048556, "general_test_mae": 0.32896498325886325, "general_test_r2": -0.20200641399306507, "target_test_rmse": 0.20599919122037552, "target_test_mae": 0.14351254301274868, "target_test_r2": 0.5210717132726481}, "fold1": {"best_model_path": "/ibex/user/bekeak/meprom-tl/checkpoints_mcmpnn/zeroshot/mcmpnn_combi_v41a_smi6_fold1-epoch=85-val_loss_weighted=0.53.ckpt", "val_rmse_scaled": 0.5257786512374878, "val_mae_scaled": 0.35390204191207886, "val_r2": 0.7136864066123962, "val_rmse": 0.19985578954219818, "val_mae": 0.13452309370040894, "test_rmse": 0.49904200236215596, "test_mae": 0.35499196556179274, "test_r2": -0.19857438258636662, "general_test_rmse": 0.5624646345737258, "general_test_mae": 0.4206453303790869, "general_test_r2": -0.6651418090510217, "target_test_rmse": 0.2169614260766297, "target_test_mae": 0.15803184744335982, "target_test_r2": 0.46874318852363506}, "fold2": {"best_model_path": "/ibex/user/bekeak/meprom-tl/checkpoints_mcmpnn/zeroshot/mcmpnn_combi_v41a_smi6_fold2-epoch=115-val_loss_weighted=0.57.ckpt", "val_rmse_scaled": 0.5679615139961243, "val_mae_scaled": 0.39913058280944824, "val_r2": 0.6408208608627319, "val_rmse": 0.2175879031419754, "val_mae": 0.15290822088718414, "test_rmse": 0.40779057457239937, "test_mae": 0.26981830336247636, "test_r2": 0.19967725747638054, "general_test_rmse": 0.45469272964811897, "general_test_mae": 0.30545215271816994, "general_test_r2": -0.08817013759182846, "target_test_rmse": 0.21198147322378363, "target_test_mae": 0.1629167517892402, "target_test_r2": 0.492851354449633}, "fold3": {"best_model_path": "/ibex/user/bekeak/meprom-tl/checkpoints_mcmpnn/zeroshot/mcmpnn_combi_v41a_smi6_fold3-epoch=107-val_loss_weighted=0.53.ckpt", "val_rmse_scaled": 0.5333364605903625, "val_mae_scaled": 0.36618030071258545, "val_r2": 0.732054591178894, "val_rmse": 0.20059074461460114, "val_mae": 0.13772240281105042, "test_rmse": 0.4089352043131673, "test_mae": 0.2605169674282535, "test_r2": 0.1951780908152163, "general_test_rmse": 0.45455222843778537, "general_test_mae": 0.29583657570739225, "general_test_r2": -0.08749774681082934, "target_test_rmse": 0.221492265622422, "target_test_mae": 0.1545581496031485, "target_test_r2": 0.4463228651965673}, "fold4": {"best_model_path": "/ibex/user/bekeak/meprom-tl/checkpoints_mcmpnn/zeroshot/mcmpnn_combi_v41a_smi6_fold4-epoch=1352-val_loss_weighted=0.50.ckpt", "val_rmse_scaled": 0.4955759644508362, "val_mae_scaled": 0.349047988653183, "val_r2": 0.720932126045227, "val_rmse": 0.19039787352085114, "val_mae": 0.13410253822803497, "test_rmse": 0.4191212294029915, "test_mae": 0.2695373026906611, "test_r2": 0.1545846870403672, "general_test_rmse": 0.4709236810476964, "general_test_mae": 0.3177266282024953, "general_test_r2": -0.16724451961266773, "target_test_rmse": 0.19324358411396889, "target_test_mae": 0.12496934193285864, "target_test_r2": 0.5785465382606426}}