{"fold0": {"best_model_path": "/ibex/user/bekeak/meprom-tl/checkpoints_mcmpnn/zeroshot/mcmpnn_combi_v41a_smi2_fold0-epoch=272-val_loss_weighted=0.48.ckpt", "val_rmse_scaled": 0.4847753643989563, "val_mae_scaled": 0.3367495834827423, "val_r2": 0.7465425729751587, "val_rmse": 0.1851072609424591, "val_mae": 0.12858490645885468, "test_rmse": 0.43587517898481326, "test_mae": 0.3104910618700041, "test_r2": 0.08564452723827665, "general_test_rmse": 0.4859460453150055, "general_test_mae": 0.36147943400535865, "general_test_r2": -0.24290200219621227, "target_test_rmse": 0.22697576648954731, "target_test_mae": 0.15752594634047923, "target_test_r2": 0.41856865550513134}, "fold1": {"best_model_path": "/ibex/user/bekeak/meprom-tl/checkpoints_mcmpnn/zeroshot/mcmpnn_combi_v41a_smi2_fold1-epoch=82-val_loss_weighted=0.53.ckpt", "val_rmse_scaled": 0.5262245535850525, "val_mae_scaled": 0.3636625409126282, "val_r2": 0.7124355435371399, "val_rmse": 0.2000252902507782, "val_mae": 0.13823319971561432, "test_rmse": 0.48045770727433934, "test_mae": 0.3512890188749505, "test_r2": -0.11096690110462193, "general_test_rmse": 0.5420616139264541, "general_test_mae": 0.4169227848985164, "general_test_r2": -0.5465290813045702, "target_test_rmse": 0.20461201027530376, "target_test_mae": 0.15438774534734165, "target_test_r2": 0.5275001202688576}, "fold2": {"best_model_path": "/ibex/user/bekeak/meprom-tl/checkpoints_mcmpnn/zeroshot/mcmpnn_combi_v41a_smi2_fold2-epoch=81-val_loss_weighted=0.58.ckpt", "val_rmse_scaled": 0.5759209394454956, "val_mae_scaled": 0.41091084480285645, "val_r2": 0.6331440806388855, "val_rmse": 0.22063718736171722, "val_mae": 0.15742127597332, "test_rmse": 0.39314710807660885, "test_mae": 0.27219295840618707, "test_r2": 0.25612328926370387, "general_test_rmse": 0.4385598171529776, "general_test_mae": 0.3136931898297284, "general_test_r2": -0.012321492951508528, "target_test_rmse": 0.20311193108017286, "target_test_mae": 0.1476922781601854, "target_test_r2": 0.5344028339461642}, "fold3": {"best_model_path": "/ibex/user/bekeak/meprom-tl/checkpoints_mcmpnn/zeroshot/mcmpnn_combi_v41a_smi2_fold3-epoch=52-val_loss_weighted=0.52.ckpt", "val_rmse_scaled": 0.5192850232124329, "val_mae_scaled": 0.36165034770965576, "val_r2": 0.7495046257972717, "val_rmse": 0.19530591368675232, "val_mae": 0.13601866364479065, "test_rmse": 0.4165316644190403, "test_mae": 0.28609471142049486, "test_r2": 0.1649993093948614, "general_test_rmse": 0.4674799556608103, "general_test_mae": 0.3354590812963797, "general_test_r2": -0.15023551191324191, "target_test_rmse": 0.19591319178451827, "target_test_mae": 0.13800160091630148, "target_test_r2": 0.5668215748539905}, "fold4": {"best_model_path": "/ibex/user/bekeak/meprom-tl/checkpoints_mcmpnn/zeroshot/mcmpnn_combi_v41a_smi2_fold4-epoch=691-val_loss_weighted=0.50.ckpt", "val_rmse_scaled": 0.500351071357727, "val_mae_scaled": 0.3495178520679474, "val_r2": 0.7150486707687378, "val_rmse": 0.19223244488239288, "val_mae": 0.13428305089473724, "test_rmse": 0.41150999822419315, "test_mae": 0.26909824156003986, "test_r2": 0.18501132442607326, "general_test_rmse": 0.46169120250231394, "general_test_mae": 0.31392935122183974, "general_test_r2": -0.1219254033378323, "target_test_rmse": 0.19464231053505943, "target_test_mae": 0.13460491432771796, "target_test_r2": 0.572423369584341}}