{"fold0": {"best_model_path": "/ibex/user/bekeak/meprom-tl/checkpoints_mcmpnn/zeroshot/mcmpnn_combi_v41a_smi10_fold0-epoch=385-val_loss_weighted=0.48.ckpt", "val_rmse_scaled": 0.4812527298927307, "val_mae_scaled": 0.32192566990852356, "val_r2": 0.7511252164840698, "val_rmse": 0.18376216292381287, "val_mae": 0.12292451411485672, "test_rmse": 0.4132743642860129, "test_mae": 0.2826541918218592, "test_r2": 0.17800774747225867, "general_test_rmse": 0.4614842315271225, "general_test_mae": 0.32718812196126346, "general_test_r2": -0.1209197357145626, "target_test_rmse": 0.2104274443266668, "target_test_mae": 0.14905241279865172, "target_test_r2": 0.5002598773235976}, "fold1": {"best_model_path": "/ibex/user/bekeak/meprom-tl/checkpoints_mcmpnn/zeroshot/mcmpnn_combi_v41a_smi10_fold1-epoch=490-val_loss_weighted=0.54.ckpt", "val_rmse_scaled": 0.53818279504776, "val_mae_scaled": 0.3629007339477539, "val_r2": 0.6996915936470032, "val_rmse": 0.20457077026367188, "val_mae": 0.13794362545013428, "test_rmse": 0.49153206418789214, "test_mae": 0.3504787321327413, "test_r2": -0.1627718204816051, "general_test_rmse": 0.5557006155084399, "general_test_mae": 0.4209251535703997, "general_test_r2": -0.6253336954813522, "target_test_rmse": 0.20001391524834228, "target_test_mae": 0.13913947044938207, "target_test_r2": 0.5484977902663002}, "fold2": {"best_model_path": "/ibex/user/bekeak/meprom-tl/checkpoints_mcmpnn/zeroshot/mcmpnn_combi_v41a_smi10_fold2-epoch=418-val_loss_weighted=0.57.ckpt", "val_rmse_scaled": 0.5741530656814575, "val_mae_scaled": 0.38982459902763367, "val_r2": 0.6329910755157471, "val_rmse": 0.21995989978313446, "val_mae": 0.1493430733680725, "test_rmse": 0.3894963418599739, "test_mae": 0.25001804730034266, "test_r2": 0.2698744313378585, "general_test_rmse": 0.43352850513498736, "general_test_mae": 0.28568272102631576, "general_test_r2": 0.010772684869884808, "target_test_rmse": 0.2073371390852915, "target_test_mae": 0.14302401209780122, "target_test_r2": 0.5148303102344844}, "fold3": {"best_model_path": "/ibex/user/bekeak/meprom-tl/checkpoints_mcmpnn/zeroshot/mcmpnn_combi_v41a_smi10_fold3-epoch=54-val_loss_weighted=0.53.ckpt", "val_rmse_scaled": 0.5258876085281372, "val_mae_scaled": 0.376590371131897, "val_r2": 0.742952823638916, "val_rmse": 0.19778917729854584, "val_mae": 0.1416376829147339, "test_rmse": 0.4014594143665319, "test_mae": 0.27291705678584427, "test_r2": 0.22433519776406186, "general_test_rmse": 0.44817537741128927, "general_test_mae": 0.3094815705634209, "general_test_r2": -0.05719906193373836, "target_test_rmse": 0.20517101055902826, "target_test_mae": 0.16322352509504207, "target_test_r2": 0.5249148530120114}, "fold4": {"best_model_path": "/ibex/user/bekeak/meprom-tl/checkpoints_mcmpnn/zeroshot/mcmpnn_combi_v41a_smi10_fold4-epoch=196-val_loss_weighted=0.50.ckpt", "val_rmse_scaled": 0.4985744059085846, "val_mae_scaled": 0.3542376160621643, "val_r2": 0.7179278135299683, "val_rmse": 0.1915498524904251, "val_mae": 0.13609635829925537, "test_rmse": 0.41568592471327953, "test_mae": 0.2763889344093497, "test_r2": 0.16838669316209698, "general_test_rmse": 0.4667485460875913, "general_test_mae": 0.32018542569759684, "general_test_r2": -0.14663905769279317, "target_test_rmse": 0.19394980546585772, "target_test_mae": 0.14499947193961377, "target_test_r2": 0.5754604507582803}}