{"fold0": {"best_model_path": "/ibex/user/bekeak/meprom-tl/checkpoints_mcmpnn/zeroshot/mcmpnn_combi_v41a_smi1_fold0-epoch=473-val_loss_weighted=0.49.ckpt", "val_rmse_scaled": 0.48936647176742554, "val_mae_scaled": 0.3252180218696594, "val_r2": 0.741696834564209, "val_rmse": 0.1868603378534317, "val_mae": 0.12418167293071747, "test_rmse": 0.40659418277579984, "test_mae": 0.2605798154241685, "test_r2": 0.2043664045471285, "general_test_rmse": 0.45400617247871883, "general_test_mae": 0.3010359559138589, "general_test_r2": -0.0848864828034197, "target_test_rmse": 0.20714848964588906, "target_test_mae": 0.1392113939550974, "target_test_r2": 0.5157127893855982}, "fold1": {"best_model_path": "/ibex/user/bekeak/meprom-tl/checkpoints_mcmpnn/zeroshot/mcmpnn_combi_v41a_smi1_fold1-epoch=710-val_loss_weighted=0.53.ckpt", "val_rmse_scaled": 0.5305826663970947, "val_mae_scaled": 0.35693585872650146, "val_r2": 0.7072106599807739, "val_rmse": 0.20168186724185944, "val_mae": 0.1356762945652008, "test_rmse": 0.4855010215983296, "test_mae": 0.34922385491327823, "test_r2": -0.13441271961676904, "general_test_rmse": 0.5488488233489813, "general_test_mae": 0.42023223878979604, "general_test_r2": -0.5855000436174114, "target_test_rmse": 0.1978379344618499, "target_test_mae": 0.13619869188871897, "target_test_r2": 0.5582682701663447}, "fold2": {"best_model_path": "/ibex/user/bekeak/meprom-tl/checkpoints_mcmpnn/zeroshot/mcmpnn_combi_v41a_smi1_fold2-epoch=300-val_loss_weighted=0.57.ckpt", "val_rmse_scaled": 0.5683128237724304, "val_mae_scaled": 0.3938073515892029, "val_r2": 0.6399412751197815, "val_rmse": 0.21772249042987823, "val_mae": 0.15086887776851654, "test_rmse": 0.4107301105442242, "test_mae": 0.2897483963529802, "test_r2": 0.18809750624724075, "general_test_rmse": 0.4581398866819879, "general_test_mae": 0.3330292877222722, "general_test_r2": -0.10473214599823044, "target_test_rmse": 0.21241566417669616, "target_test_mae": 0.15990570997355966, "target_test_r2": 0.49077169284582434}, "fold3": {"best_model_path": "/ibex/user/bekeak/meprom-tl/checkpoints_mcmpnn/zeroshot/mcmpnn_combi_v41a_smi1_fold3-epoch=34-val_loss_weighted=0.51.ckpt", "val_rmse_scaled": 0.5072546005249023, "val_mae_scaled": 0.3600727915763855, "val_r2": 0.76264888048172, "val_rmse": 0.19078120589256287, "val_mae": 0.13542532920837402, "test_rmse": 0.42094597847478366, "test_mae": 0.27270524233701393, "test_r2": 0.14720720815983457, "general_test_rmse": 0.4725202992600524, "general_test_mae": 0.3178885141541988, "general_test_r2": -0.1751727813656574, "target_test_rmse": 0.19737215523936852, "target_test_mae": 0.13715542337930386, "target_test_r2": 0.5603458015495285}, "fold4": {"best_model_path": "/ibex/user/bekeak/meprom-tl/checkpoints_mcmpnn/zeroshot/mcmpnn_combi_v41a_smi1_fold4-epoch=337-val_loss_weighted=0.50.ckpt", "val_rmse_scaled": 0.5026317238807678, "val_mae_scaled": 0.35148876905441284, "val_r2": 0.7136656641960144, "val_rmse": 0.19310864806175232, "val_mae": 0.1350402683019638, "test_rmse": 0.42797624050806565, "test_mae": 0.28479719575566026, "test_r2": 0.1184841813075278, "general_test_rmse": 0.479767126670152, "general_test_mae": 0.3315422708869324, "general_test_r2": -0.21149536660238666, "target_test_rmse": 0.2052441959720308, "target_test_mae": 0.144561968608766, "target_test_r2": 0.5245758625885448}}