{"best_model_path": "/ibex/user/bekeak/meprom-tl/checkpoints_mcmpnn/pt/mcmpnn_pt_v40_fold4-epoch=793-val_loss_weighted=0.32.ckpt", "val_rmse_scaled": 0.32178109884262085, "val_mae_scaled": 0.2030784636735916, "val_r2": 0.89286869764328, "val_rmse": 0.12012995034456253, "val_mae": 0.07581491023302078, "test_rmse": 0.39959677191456183, "test_mae": 0.2672904637733489, "test_r2": 0.05003001257576423, "general_test_rmse": 0.10418105967719873, "general_test_mae": 0.06603524868120825, "general_test_r2": 0.922303363060274, "target_test_rmse": 0.4479834008965377, "target_test_mae": 0.32275056508830047, "target_test_r2": -0.1408981493651571}