{"best_model_path": "/ibex/user/bekeak/meprom-tl/checkpoints_mcmpnn/pt/mcmpnn_pt_v40_fold0-epoch=494-val_loss_weighted=0.30.ckpt", "val_rmse_scaled": 0.2984529137611389, "val_mae_scaled": 0.19258710741996765, "val_r2": 0.9073434472084045, "val_rmse": 0.11150220036506653, "val_mae": 0.07195066660642624, "test_rmse": 0.4147099452398083, "test_mae": 0.27826874780721306, "test_r2": -0.023186598433816874, "general_test_rmse": 0.11508536962218167, "general_test_mae": 0.07207280957374881, "general_test_r2": 0.9051876494267259, "target_test_rmse": 0.46446570901732037, "target_test_mae": 0.3350903682806044, "target_test_r2": -0.22639492006972617}