{"best_model_path": "/ibex/user/bekeak/meprom-tl/checkpoints_mcmpnn/pt/mcmpnn_pt_v40_fold1-epoch=742-val_loss_weighted=0.31.ckpt", "val_rmse_scaled": 0.3095841407775879, "val_mae_scaled": 0.195990651845932, "val_r2": 0.8958297967910767, "val_rmse": 0.11580565571784973, "val_mae": 0.07331391423940659, "test_rmse": 0.41527763897266623, "test_mae": 0.28081987895015004, "test_r2": -0.02598978264273888, "general_test_rmse": 0.11917700861530739, "general_test_mae": 0.07488120395989585, "general_test_r2": 0.8983260630215886, "target_test_rmse": 0.4648282287963308, "target_test_mae": 0.337570610090769, "target_test_r2": -0.22831009232469857}