{"best_model_path": "/ibex/user/bekeak/meprom-tl/checkpoints_mcmpnn/pt/mcmpnn_pt_v40_fold2-epoch=455-val_loss_weighted=0.32.ckpt", "val_rmse_scaled": 0.32188189029693604, "val_mae_scaled": 0.21021132171154022, "val_r2": 0.8883052468299866, "val_rmse": 0.12027493119239807, "val_mae": 0.07854791730642319, "test_rmse": 0.4027509070762943, "test_mae": 0.26824201254490104, "test_r2": 0.03497403903310381, "general_test_rmse": 0.11310248969004054, "general_test_mae": 0.07185161517090094, "general_test_r2": 0.9084266694407381, "target_test_rmse": 0.4509800910146289, "target_test_mae": 0.3223615105848483, "target_test_r2": -0.15621279391609622}