{"best_model_path": "/ibex/user/bekeak/meprom-tl/checkpoints_mcmpnn/pt/mcmpnn_pt_v40_fold3-epoch=690-val_loss_weighted=0.35.ckpt", "val_rmse_scaled": 0.34790506958961487, "val_mae_scaled": 0.21724532544612885, "val_r2": 0.8712935447692871, "val_rmse": 0.12965930998325348, "val_mae": 0.08096426725387573, "test_rmse": 0.41788984432522086, "test_mae": 0.28331201749922114, "test_r2": -0.03893786846890013, "general_test_rmse": 0.12056638080484604, "general_test_mae": 0.07427473729559966, "general_test_r2": 0.8959416036750308, "target_test_rmse": 0.46770679381883484, "target_test_mae": 0.3409166312048448, "target_test_r2": -0.24357043289848934}