{"best_model_path": "/ibex/user/bekeak/meprom-tl/checkpoints_mcmpnn/combi/mcmpnn_combi_v42c_fold4-epoch=652-val_loss_weighted=0.54.ckpt", "val_rmse_scaled": 0.5379862189292908, "val_mae_scaled": 0.36528217792510986, "val_r2": 0.6917836666107178, "val_rmse": 0.20458373427391052, "val_mae": 0.13890838623046875, "test_rmse": 0.43515900068887936, "test_mae": 0.2954252806127385, "test_r2": 0.08864677924529007, "general_test_rmse": 0.23977029582464704, "general_test_mae": 0.18735300181664194, "general_test_r2": 0.4389460324786433, "target_test_rmse": 0.5888640156389768, "target_test_mae": 0.42441477369832703, "target_test_r2": -0.8850150174975016}