{"best_model_path": "/ibex/user/bekeak/meprom-tl/checkpoints_mcmpnn/combi/mcmpnn_combi_v42c_fold0-epoch=707-val_loss_weighted=0.49.ckpt", "val_rmse_scaled": 0.48719915747642517, "val_mae_scaled": 0.3307479918003082, "val_r2": 0.7236270904541016, "val_rmse": 0.187217578291893, "val_mae": 0.12709759175777435, "test_rmse": 0.4390662760153944, "test_mae": 0.29722291427161057, "test_r2": 0.07220729587098784, "general_test_rmse": 0.2606116957776973, "general_test_mae": 0.20031466849376803, "general_test_r2": 0.3371707212990307, "target_test_rmse": 0.5846422181980387, "target_test_mae": 0.4128875956774976, "target_test_r2": -0.8580830814000306}