{"best_model_path": "/ibex/user/bekeak/meprom-tl/checkpoints_mcmpnn/combi/mcmpnn_combi_v42c_fold3-epoch=818-val_loss_weighted=0.54.ckpt", "val_rmse_scaled": 0.5440179109573364, "val_mae_scaled": 0.3658287227153778, "val_r2": 0.7066457271575928, "val_rmse": 0.20621974766254425, "val_mae": 0.13867393136024475, "test_rmse": 0.47560740567548326, "test_mae": 0.3284076217054183, "test_r2": -0.0886493259113752, "general_test_rmse": 0.29024377159223835, "general_test_mae": 0.21733569526307472, "general_test_r2": 0.17787151202386897, "target_test_rmse": 0.6289989503909135, "target_test_mae": 0.4609773418044569, "target_test_r2": -1.1507237131862773}