{"best_model_path": "/ibex/user/bekeak/meprom-tl/checkpoints_mcmpnn/combi/mcmpnn_combi_v42c_fold2-epoch=114-val_loss_weighted=0.53.ckpt", "val_rmse_scaled": 0.5296734571456909, "val_mae_scaled": 0.36622318625450134, "val_r2": 0.7092111706733704, "val_rmse": 0.20141756534576416, "val_mae": 0.13926275074481964, "test_rmse": 0.5003271530545748, "test_mae": 0.36695375801608826, "test_r2": -0.2047555539937378, "general_test_rmse": 0.2524365006420783, "general_test_mae": 0.19591817418228727, "general_test_r2": 0.37810340057359626, "target_test_rmse": 0.6877841627229361, "target_test_mae": 0.5710930066018549, "target_test_r2": -1.5715153712510808}