{"best_model_path": "/ibex/user/bekeak/meprom-tl/checkpoints_mcmpnn/combi/mcmpnn_combi_v42c_fold1-epoch=471-val_loss_weighted=0.54.ckpt", "val_rmse_scaled": 0.539181113243103, "val_mae_scaled": 0.369949072599411, "val_r2": 0.6887849569320679, "val_rmse": 0.20555202662944794, "val_mae": 0.14103569090366364, "test_rmse": 0.43879982377358223, "test_mae": 0.30939843029607167, "test_r2": 0.07333303677911185, "general_test_rmse": 0.2994665041044174, "general_test_mae": 0.239136445916082, "general_test_r2": 0.12479380071237944, "target_test_rmse": 0.56153339770104, "target_test_mae": 0.3932595098690749, "target_test_r2": -0.7140992499566821}