{"fold0": {"best_model_path": "/ibex/user/bekeak/meprom-tl/checkpoints_mcmpnn/zeroshot/mcmpnn_combi_v34f_smi6_fold0-epoch=1465-val_loss_weighted=0.62.ckpt", "val_rmse_scaled": 0.6215987205505371, "val_mae_scaled": 0.41464829444885254, "val_r2": 0.5936936140060425, "val_rmse": 0.23631221055984497, "val_mae": 0.15763619542121887, "test_rmse": 0.4151390005666153, "test_mae": 0.2834693309767703, "test_r2": 0.17057358551652213, "general_test_rmse": 0.46949322648527547, "general_test_mae": 0.3205732135575314, "general_test_r2": 0.10154092582026919, "target_test_rmse": 0.23862100382089732, "target_test_mae": 0.1944200239588146, "target_test_r2": 0.37648802931681113}, "fold1": {"best_model_path": "/ibex/user/bekeak/meprom-tl/checkpoints_mcmpnn/zeroshot/mcmpnn_combi_v34f_smi6_fold1-epoch=444-val_loss_weighted=0.57.ckpt", "val_rmse_scaled": 0.5669720768928528, "val_mae_scaled": 0.37392550706863403, "val_r2": 0.6389091610908508, "val_rmse": 0.2167322188615799, "val_mae": 0.14293773472309113, "test_rmse": 0.4282709653372462, "test_mae": 0.295099951124082, "test_r2": 0.11726965568018033, "general_test_rmse": 0.48678769641889424, "general_test_mae": 0.3481665741435976, "general_test_r2": 0.03412967508162246, "target_test_rmse": 0.23431820057379288, "target_test_mae": 0.16774003799585113, "target_test_r2": 0.3987715733471401}, "fold2": {"best_model_path": "/ibex/user/bekeak/meprom-tl/checkpoints_mcmpnn/zeroshot/mcmpnn_combi_v34f_smi6_fold2-epoch=820-val_loss_weighted=0.53.ckpt", "val_rmse_scaled": 0.5345789790153503, "val_mae_scaled": 0.3741215169429779, "val_r2": 0.6786906719207764, "val_rmse": 0.2052483707666397, "val_mae": 0.14364169538021088, "test_rmse": 0.514241891514155, "test_mae": 0.38017929141999857, "test_r2": -0.27269898067703924, "general_test_rmse": 0.5744182068637189, "general_test_mae": 0.43271314883271367, "general_test_r2": -0.34491869722290613, "target_test_rmse": 0.32744000291611525, "target_test_mae": 0.2540979881809406, "target_test_r2": -0.174061725223297}, "fold3": {"best_model_path": "/ibex/user/bekeak/meprom-tl/checkpoints_mcmpnn/zeroshot/mcmpnn_combi_v34f_smi6_fold3-epoch=290-val_loss_weighted=0.58.ckpt", "val_rmse_scaled": 0.5755971074104309, "val_mae_scaled": 0.4069696366786957, "val_r2": 0.6645883917808533, "val_rmse": 0.2184770107269287, "val_mae": 0.15447178483009338, "test_rmse": 0.42681361243952337, "test_mae": 0.31565960779466407, "test_r2": 0.1232670774762219, "general_test_rmse": 0.49120528015737247, "general_test_mae": 0.38380551352958864, "general_test_r2": 0.016519642319793193, "target_test_rmse": 0.2007466782214423, "target_test_mae": 0.1521094519122383, "target_test_r2": 0.5587098898204969}, "fold4": {"best_model_path": "/ibex/user/bekeak/meprom-tl/checkpoints_mcmpnn/zeroshot/mcmpnn_combi_v34f_smi6_fold4-epoch=1073-val_loss_weighted=0.56.ckpt", "val_rmse_scaled": 0.5622389912605286, "val_mae_scaled": 0.3961254954338074, "val_r2": 0.6830244064331055, "val_rmse": 0.21329721808433533, "val_mae": 0.15027855336666107, "test_rmse": 0.4763229815147541, "test_mae": 0.34001866470428677, "test_r2": -0.09192764822915933, "general_test_rmse": 0.5446749679405324, "general_test_mae": 0.40009317454508714, "general_test_r2": -0.20924547356071121, "target_test_rmse": 0.2437093649739703, "target_test_mae": 0.19583986194799155, "target_test_r2": 0.3496129351522529}}