{"fold0": {"best_model_path": "/ibex/user/bekeak/meprom-tl/checkpoints_mcmpnn/zeroshot/mcmpnn_combi_v37b_smi5_fold0-epoch=293-val_loss_weighted=0.55.ckpt", "val_rmse_scaled": 0.5514262318611145, "val_mae_scaled": 0.38558152318000793, "val_r2": 0.677031934261322, "val_rmse": 0.20963485538959503, "val_mae": 0.14658592641353607, "test_rmse": 0.45293188037392546, "test_mae": 0.335538965303907, "test_r2": 0.012683097980530134, "general_test_rmse": 0.5080936530001101, "general_test_mae": 0.3871579187763639, "general_test_r2": -0.05226997119363985, "target_test_rmse": 0.2791394628428933, "target_test_mae": 0.21165352390866815, "target_test_r2": 0.14676249712816658}, "fold1": {"best_model_path": "/ibex/user/bekeak/meprom-tl/checkpoints_mcmpnn/zeroshot/mcmpnn_combi_v37b_smi5_fold1-epoch=410-val_loss_weighted=0.50.ckpt", "val_rmse_scaled": 0.5003622174263, "val_mae_scaled": 0.34176039695739746, "val_r2": 0.7170512676239014, "val_rmse": 0.19126975536346436, "val_mae": 0.13064222037792206, "test_rmse": 0.4475065384199287, "test_mae": 0.3100221690012084, "test_r2": 0.03619414253062647, "general_test_rmse": 0.499151503392718, "general_test_mae": 0.34930074183640497, "general_test_r2": -0.01555723474456272, "target_test_rmse": 0.28796843174979536, "target_test_mae": 0.21575359494179464, "target_test_r2": 0.09193440428059085}, "fold2": {"best_model_path": "/ibex/user/bekeak/meprom-tl/checkpoints_mcmpnn/zeroshot/mcmpnn_combi_v37b_smi5_fold2-epoch=1233-val_loss_weighted=0.51.ckpt", "val_rmse_scaled": 0.50932377576828, "val_mae_scaled": 0.35599032044410706, "val_r2": 0.7072241902351379, "val_rmse": 0.195551797747612, "val_mae": 0.13668033480644226, "test_rmse": 0.39835332866058987, "test_mae": 0.2618240782269718, "test_r2": 0.23629138053808374, "general_test_rmse": 0.4401557146716282, "general_test_mae": 0.2891176931579207, "general_test_r2": 0.2103178396890183, "target_test_rmse": 0.2730592391912978, "target_test_mae": 0.19631939196188164, "target_test_r2": 0.1835281595324495}, "fold3": {"best_model_path": "/ibex/user/bekeak/meprom-tl/checkpoints_mcmpnn/zeroshot/mcmpnn_combi_v37b_smi5_fold3-epoch=736-val_loss_weighted=0.55.ckpt", "val_rmse_scaled": 0.5521883368492126, "val_mae_scaled": 0.38063591718673706, "val_r2": 0.6912187337875366, "val_rmse": 0.2095918506383896, "val_mae": 0.14447639882564545, "test_rmse": 0.3882481084996966, "test_mae": 0.2581309923172108, "test_r2": 0.274546653632447, "general_test_rmse": 0.44662899225351227, "general_test_mae": 0.30524224982581805, "general_test_r2": 0.18691966049186937, "target_test_rmse": 0.18373495921624738, "target_test_mae": 0.14506398547242433, "target_test_r2": 0.6303326844681749}, "fold4": {"best_model_path": "/ibex/user/bekeak/meprom-tl/checkpoints_mcmpnn/zeroshot/mcmpnn_combi_v37b_smi5_fold4-epoch=303-val_loss_weighted=0.57.ckpt", "val_rmse_scaled": 0.5703526139259338, "val_mae_scaled": 0.40278807282447815, "val_r2": 0.676427960395813, "val_rmse": 0.21637529134750366, "val_mae": 0.1528061479330063, "test_rmse": 0.4977102957020523, "test_mae": 0.35799531389530104, "test_r2": -0.1921860633787329, "general_test_rmse": 0.5570577514803751, "general_test_mae": 0.41534475660856524, "general_test_r2": -0.26485307540880365, "target_test_rmse": 0.3122192126689379, "target_test_mae": 0.22035665436369936, "target_test_r2": -0.06744795016903704}}