{"fold0": {"best_model_path": "/ibex/user/bekeak/meprom-tl/checkpoints_mcmpnn/zeroshot/mcmpnn_combi_v34f_smi4_fold0-epoch=287-val_loss_weighted=0.56.ckpt", "val_rmse_scaled": 0.5647653341293335, "val_mae_scaled": 0.3971467614173889, "val_r2": 0.6637155413627625, "val_rmse": 0.2147059589624405, "val_mae": 0.15098266303539276, "test_rmse": 0.431450585349971, "test_mae": 0.312698633298868, "test_r2": 0.10411365684477814, "general_test_rmse": 0.49779713618733307, "general_test_mae": 0.37702744040148833, "general_test_r2": -0.010053609529958152, "target_test_rmse": 0.1954070503278395, "target_test_mae": 0.15830950742845, "target_test_r2": 0.581873284120907}, "fold1": {"best_model_path": "/ibex/user/bekeak/meprom-tl/checkpoints_mcmpnn/zeroshot/mcmpnn_combi_v34f_smi4_fold1-epoch=373-val_loss_weighted=0.53.ckpt", "val_rmse_scaled": 0.5325685739517212, "val_mae_scaled": 0.3667563199996948, "val_r2": 0.681269109249115, "val_rmse": 0.2035810351371765, "val_mae": 0.14019721746444702, "test_rmse": 0.4194178314481476, "test_mae": 0.2882076079888949, "test_r2": 0.15338770335741236, "general_test_rmse": 0.4760277177179832, "general_test_mae": 0.33171079784764945, "general_test_r2": 0.07635704993555792, "target_test_rmse": 0.23292217016408492, "target_test_mae": 0.1837999523278839, "target_test_r2": 0.4059142780817404}, "fold2": {"best_model_path": "/ibex/user/bekeak/meprom-tl/checkpoints_mcmpnn/zeroshot/mcmpnn_combi_v34f_smi4_fold2-epoch=577-val_loss_weighted=0.53.ckpt", "val_rmse_scaled": 0.5285323262214661, "val_mae_scaled": 0.37825363874435425, "val_r2": 0.6846337914466858, "val_rmse": 0.20292679965496063, "val_mae": 0.14522820711135864, "test_rmse": 0.5512771488763059, "test_mae": 0.40432841726949825, "test_r2": -0.46261752503833753, "general_test_rmse": 0.6274147688166432, "general_test_mae": 0.4793273520042658, "general_test_r2": -0.6045346945576004, "target_test_rmse": 0.29752942458880904, "target_test_mae": 0.22433094931914024, "target_test_r2": 0.030635069526577352}, "fold3": {"best_model_path": "/ibex/user/bekeak/meprom-tl/checkpoints_mcmpnn/zeroshot/mcmpnn_combi_v34f_smi4_fold3-epoch=595-val_loss_weighted=0.59.ckpt", "val_rmse_scaled": 0.5860834121704102, "val_mae_scaled": 0.4070444703102112, "val_r2": 0.6530632972717285, "val_rmse": 0.22245725989341736, "val_mae": 0.15450018644332886, "test_rmse": 0.5393911717139106, "test_mae": 0.4189563848754653, "test_r2": -0.40022703718551034, "general_test_rmse": 0.6114787952014118, "general_test_mae": 0.49824824981486815, "general_test_r2": -0.5240613157593226, "target_test_rmse": 0.3030355671039093, "target_test_mae": 0.22865596564531138, "target_test_r2": -0.005575463663997082}, "fold4": {"best_model_path": "/ibex/user/bekeak/meprom-tl/checkpoints_mcmpnn/zeroshot/mcmpnn_combi_v34f_smi4_fold4-epoch=386-val_loss_weighted=0.53.ckpt", "val_rmse_scaled": 0.5310444831848145, "val_mae_scaled": 0.3732053339481354, "val_r2": 0.7220073342323303, "val_rmse": 0.20146292448043823, "val_mae": 0.14158330857753754, "test_rmse": 0.4430437476821207, "test_mae": 0.31233322502908956, "test_r2": 0.05532153467660428, "general_test_rmse": 0.5027379806310376, "general_test_mae": 0.3632011292565654, "general_test_r2": -0.030203521557429003, "target_test_rmse": 0.2465547537293558, "target_test_mae": 0.19025026009855384, "target_test_r2": 0.33433730343181756}}