{"fold0": {"best_model_path": "/ibex/user/bekeak/meprom-tl/checkpoints_mcmpnn/zeroshot/mcmpnn_combi_v31b_smi1_fold0-epoch=1422-val_loss_weighted=0.54.ckpt", "val_rmse_scaled": 0.5398502349853516, "val_mae_scaled": 0.35887962579727173, "val_r2": 0.7060946226119995, "val_rmse": 0.20533986389636993, "val_mae": 0.13650506734848022, "test_rmse": 0.24329511197034814, "test_mae": 0.16023529017047924, "test_r2": 0.6742238474855622, "general_test_rmse": 0.23552975700996903, "general_test_mae": 0.15665157410723735, "general_test_r2": 0.7210591832329623, "target_test_rmse": 0.27419149205125887, "target_test_mae": 0.17564528513699137, "target_test_r2": 0.0368378800938296}, "fold1": {"best_model_path": "/ibex/user/bekeak/meprom-tl/checkpoints_mcmpnn/zeroshot/mcmpnn_combi_v31b_smi1_fold1-epoch=336-val_loss_weighted=0.58.ckpt", "val_rmse_scaled": 0.5755702257156372, "val_mae_scaled": 0.3951885998249054, "val_r2": 0.6763357520103455, "val_rmse": 0.2183716893196106, "val_mae": 0.1499347984790802, "test_rmse": 0.321209070224659, "test_mae": 0.2213330079142981, "test_r2": 0.4321572003905897, "general_test_rmse": 0.26979831659921144, "general_test_mae": 0.1855055755492297, "general_test_r2": 0.6339849263984623, "target_test_rmse": 0.4835566857489968, "target_test_mae": 0.3753909919193609, "target_test_r2": -1.9956166022551716}, "fold2": {"best_model_path": "/ibex/user/bekeak/meprom-tl/checkpoints_mcmpnn/zeroshot/mcmpnn_combi_v31b_smi1_fold2-epoch=425-val_loss_weighted=0.56.ckpt", "val_rmse_scaled": 0.556000828742981, "val_mae_scaled": 0.3626334071159363, "val_r2": 0.6588186025619507, "val_rmse": 0.21305707097053528, "val_mae": 0.13895952701568604, "test_rmse": 0.3300357710696044, "test_mae": 0.2401015016780912, "test_r2": 0.4005202053468654, "general_test_rmse": 0.30605472136302553, "general_test_mae": 0.22278530493307683, "general_test_r2": 0.5290024291725364, "target_test_rmse": 0.41775150447153325, "target_test_mae": 0.3145611695366892, "target_test_r2": -1.2357718794125794}, "fold3": {"best_model_path": "/ibex/user/bekeak/meprom-tl/checkpoints_mcmpnn/zeroshot/mcmpnn_combi_v31b_smi1_fold3-epoch=131-val_loss_weighted=0.54.ckpt", "val_rmse_scaled": 0.5447577238082886, "val_mae_scaled": 0.38965272903442383, "val_r2": 0.6688228845596313, "val_rmse": 0.20978109538555145, "val_mae": 0.15005160868167877, "test_rmse": 0.2707033383503599, "test_mae": 0.19483607406627756, "test_r2": 0.5966892984994172, "general_test_rmse": 0.26159057215385345, "general_test_mae": 0.18486600088792512, "general_test_r2": 0.6559158435968953, "target_test_rmse": 0.3068194357563089, "target_test_mae": 0.237707360917692, "target_test_r2": -0.20602740931238772}, "fold4": {"best_model_path": "/ibex/user/bekeak/meprom-tl/checkpoints_mcmpnn/zeroshot/mcmpnn_combi_v31b_smi1_fold4-epoch=1103-val_loss_weighted=0.48.ckpt", "val_rmse_scaled": 0.48068904876708984, "val_mae_scaled": 0.3237141966819763, "val_r2": 0.7435694932937622, "val_rmse": 0.18489274382591248, "val_mae": 0.12451376765966415, "test_rmse": 0.29945287992618813, "test_mae": 0.20550978409831125, "test_r2": 0.5064745979495533, "general_test_rmse": 0.28171372282958435, "general_test_mae": 0.19138081196266435, "general_test_r2": 0.6009415550639692, "target_test_rmse": 0.3660634791806469, "target_test_mae": 0.2662643622947713, "target_test_r2": -0.7167389092453131}}