{"fold0": {"best_model_path": "/ibex/user/bekeak/meprom-tl/checkpoints_mcmpnn/zeroshot/mcmpnn_combi_v25e_smi1_fold0-epoch=373-val_loss_weighted=0.41.ckpt", "val_rmse_scaled": 0.40855616331100464, "val_mae_scaled": 0.32632017135620117, "val_r2": 0.8533233404159546, "val_rmse": 0.1540275365114212, "val_mae": 0.12302419543266296, "test_rmse": 0.2562452840903402, "test_mae": 0.17207837440535287, "test_r2": 0.5053640079674966, "general_test_rmse": 0.24961836976524837, "general_test_mae": 0.16480680261108646, "general_test_r2": 0.5617726923143049, "target_test_rmse": 0.28140830036360526, "target_test_mae": 0.201424366961283, "target_test_r2": 0.16082650083732097}, "fold1": {"best_model_path": "/ibex/user/bekeak/meprom-tl/checkpoints_mcmpnn/zeroshot/mcmpnn_combi_v25e_smi1_fold1-epoch=571-val_loss_weighted=0.25.ckpt", "val_rmse_scaled": 0.24694789946079254, "val_mae_scaled": 0.16664454340934753, "val_r2": 0.9156431555747986, "val_rmse": 0.09320889413356781, "val_mae": 0.0628989115357399, "test_rmse": 0.39317600058963403, "test_mae": 0.2705193471867777, "test_r2": -0.1645226848780046, "general_test_rmse": 0.41477091823673656, "general_test_mae": 0.29010945362310725, "general_test_r2": -0.20993752982617342, "target_test_rmse": 0.2901275353878838, "target_test_mae": 0.19145922050021796, "target_test_r2": 0.10801849053099055}, "fold2": {"best_model_path": "/ibex/user/bekeak/meprom-tl/checkpoints_mcmpnn/zeroshot/mcmpnn_combi_v25e_smi1_fold2-epoch=513-val_loss_weighted=0.35.ckpt", "val_rmse_scaled": 0.3457593023777008, "val_mae_scaled": 0.24946562945842743, "val_r2": 0.9020631313323975, "val_rmse": 0.13004906475543976, "val_mae": 0.09383050352334976, "test_rmse": 0.28451741448256646, "test_mae": 0.20270737133014002, "test_r2": 0.39019404865480145, "general_test_rmse": 0.27443599725412193, "general_test_mae": 0.1957356448974627, "general_test_r2": 0.47030179119126203, "target_test_rmse": 0.32201176906301704, "target_test_mae": 0.23084326622621917, "target_test_r2": -0.09880706680055784}, "fold3": {"best_model_path": "/ibex/user/bekeak/meprom-tl/checkpoints_mcmpnn/zeroshot/mcmpnn_combi_v25e_smi1_fold3-epoch=280-val_loss_weighted=0.40.ckpt", "val_rmse_scaled": 0.4026334285736084, "val_mae_scaled": 0.3049514889717102, "val_r2": 0.8323026895523071, "val_rmse": 0.15215249359607697, "val_mae": 0.11523913592100143, "test_rmse": 0.2843231784255062, "test_mae": 0.18644809444593907, "test_r2": 0.3910263764260883, "general_test_rmse": 0.2871912094535843, "general_test_mae": 0.18705305127944863, "general_test_r2": 0.4199190053267129, "target_test_rmse": 0.27244201065594725, "target_test_mae": 0.18400665512449207, "target_test_r2": 0.21345041227912243}, "fold4": {"best_model_path": "/ibex/user/bekeak/meprom-tl/checkpoints_mcmpnn/zeroshot/mcmpnn_combi_v25e_smi1_fold4-epoch=712-val_loss_weighted=0.78.ckpt", "val_rmse_scaled": 0.7819879651069641, "val_mae_scaled": 0.5828362107276917, "val_r2": 0.15697315335273743, "val_rmse": 0.29610952734947205, "val_mae": 0.22069823741912842, "test_rmse": 0.2972455054502906, "test_mae": 0.2313398571550886, "test_r2": 0.33441343866966866, "general_test_rmse": 0.3151458070053991, "general_test_mae": 0.24909461088405646, "general_test_r2": 0.30149516259151665, "target_test_rmse": 0.21003676578081845, "target_test_mae": 0.15968674921359743, "target_test_r2": 0.5325140115086496}}