{"fold0": {"best_model_path": "/ibex/user/bekeak/meprom-tl/checkpoints_mcmpnn/zeroshot/mcmpnn_combi_v25e_smi10_fold0-epoch=459-val_loss_weighted=0.37.ckpt", "val_rmse_scaled": 0.37450626492500305, "val_mae_scaled": 0.29774224758148193, "val_r2": 0.8769670724868774, "val_rmse": 0.1411905735731125, "val_mae": 0.1122501865029335, "test_rmse": 0.2840045890291466, "test_mae": 0.2036818696214343, "test_r2": 0.3923903443085687, "general_test_rmse": 0.2978692555853466, "general_test_mae": 0.21645128120795867, "general_test_r2": 0.37598114575989394, "target_test_rmse": 0.2193183753448592, "target_test_mae": 0.1521481845695877, "target_test_r2": 0.4902843191731626}, "fold1": {"best_model_path": "/ibex/user/bekeak/meprom-tl/checkpoints_mcmpnn/zeroshot/mcmpnn_combi_v25e_smi10_fold1-epoch=652-val_loss_weighted=0.22.ckpt", "val_rmse_scaled": 0.21608895063400269, "val_mae_scaled": 0.15803836286067963, "val_r2": 0.9383152723312378, "val_rmse": 0.081561379134655, "val_mae": 0.05965056270360947, "test_rmse": 0.31244324916034766, "test_mae": 0.2237139309317338, "test_r2": 0.2646125016332955, "general_test_rmse": 0.32374766996905996, "general_test_mae": 0.22939590441725252, "general_test_r2": 0.2628435760498503, "target_test_rmse": 0.2619100419652867, "target_test_mae": 0.20078315193992233, "target_test_r2": 0.2730873034053405}, "fold2": {"best_model_path": "/ibex/user/bekeak/meprom-tl/checkpoints_mcmpnn/zeroshot/mcmpnn_combi_v25e_smi10_fold2-epoch=660-val_loss_weighted=0.27.ckpt", "val_rmse_scaled": 0.2666119933128357, "val_mae_scaled": 0.18270033597946167, "val_r2": 0.9323538541793823, "val_rmse": 0.10027970373630524, "val_mae": 0.06871834397315979, "test_rmse": 0.24081499714046095, "test_mae": 0.17459549690712814, "test_r2": 0.5631412776926237, "general_test_rmse": 0.23926044977044106, "general_test_mae": 0.17439474928241927, "general_test_r2": 0.5973866407744286, "target_test_rmse": 0.24698929360112615, "target_test_mae": 0.17540563461224745, "target_test_r2": 0.3535510858766998}, "fold3": {"best_model_path": "/ibex/user/bekeak/meprom-tl/checkpoints_mcmpnn/zeroshot/mcmpnn_combi_v25e_smi10_fold3-epoch=173-val_loss_weighted=0.40.ckpt", "val_rmse_scaled": 0.4021240472793579, "val_mae_scaled": 0.28343281149864197, "val_r2": 0.813536524772644, "val_rmse": 0.15196000039577484, "val_mae": 0.10710737109184265, "test_rmse": 0.31894555080008713, "test_mae": 0.2157977170158533, "test_r2": 0.2336854914162162, "general_test_rmse": 0.31754173660022134, "general_test_mae": 0.21042259116980305, "general_test_r2": 0.29083387428709084, "target_test_rmse": 0.32454922031909283, "target_test_mae": 0.23749017321474075, "target_test_r2": -0.11619248573032381}, "fold4": {"best_model_path": "/ibex/user/bekeak/meprom-tl/checkpoints_mcmpnn/zeroshot/mcmpnn_combi_v25e_smi10_fold4-epoch=760-val_loss_weighted=0.71.ckpt", "val_rmse_scaled": 0.7103564143180847, "val_mae_scaled": 0.4894723892211914, "val_r2": 0.30235418677330017, "val_rmse": 0.2689853608608246, "val_mae": 0.1853448450565338, "test_rmse": 0.24145085108658937, "test_mae": 0.18751620560424964, "test_r2": 0.5608312465714165, "general_test_rmse": 0.2441015191646481, "general_test_mae": 0.19533608769486355, "general_test_r2": 0.580929282010183, "target_test_rmse": 0.23044394225771478, "target_test_mae": 0.15595739148108345, "target_test_r2": 0.4372590147589095}}