{"fold0": {"best_model_path": "/ibex/user/bekeak/meprom-tl/checkpoints_mcmpnn/zeroshot/mcmpnn_combi_v41b_smi4_fold0-epoch=290-val_loss_weighted=0.54.ckpt", "val_rmse_scaled": 0.5393169522285461, "val_mae_scaled": 0.3737875521183014, "val_r2": 0.6943105459213257, "val_rmse": 0.20503129065036774, "val_mae": 0.1421022266149521, "test_rmse": 0.43799574599245256, "test_mae": 0.32011209472257984, "test_r2": 0.07672606287247319, "general_test_rmse": 0.4977843021449133, "general_test_mae": 0.37416472623872216, "general_test_r2": -0.010001528459884446, "target_test_rmse": 0.23992250709529062, "target_test_mae": 0.19038576418267708, "target_test_r2": 0.369667875716436}, "fold1": {"best_model_path": "/ibex/user/bekeak/meprom-tl/checkpoints_mcmpnn/zeroshot/mcmpnn_combi_v41b_smi4_fold1-epoch=153-val_loss_weighted=0.51.ckpt", "val_rmse_scaled": 0.511404812335968, "val_mae_scaled": 0.3450755476951599, "val_r2": 0.7020290493965149, "val_rmse": 0.19549092650413513, "val_mae": 0.13190947473049164, "test_rmse": 0.4749101158489192, "test_mae": 0.33719205407819725, "test_r2": -0.08545952008456092, "general_test_rmse": 0.5388804916752987, "general_test_mae": 0.39203498824166094, "general_test_r2": -0.18365342975877486, "target_test_rmse": 0.26437369984050485, "target_test_mae": 0.2055690120858845, "target_test_r2": 0.2346431791746495}, "fold2": {"best_model_path": "/ibex/user/bekeak/meprom-tl/checkpoints_mcmpnn/zeroshot/mcmpnn_combi_v41b_smi4_fold2-epoch=253-val_loss_weighted=0.51.ckpt", "val_rmse_scaled": 0.5115475654602051, "val_mae_scaled": 0.35674145817756653, "val_r2": 0.7003644704818726, "val_rmse": 0.19640560448169708, "val_mae": 0.136968731880188, "test_rmse": 0.4402861328106807, "test_mae": 0.33179987553624446, "test_r2": 0.06704476574969154, "general_test_rmse": 0.4714567244643536, "general_test_mae": 0.3553590082889704, "general_test_r2": 0.09401020374695412, "target_test_rmse": 0.3544642663999711, "target_test_mae": 0.275257939793367, "target_test_r2": -0.3758540925227045}, "fold3": {"best_model_path": "/ibex/user/bekeak/meprom-tl/checkpoints_mcmpnn/zeroshot/mcmpnn_combi_v41b_smi4_fold3-epoch=150-val_loss_weighted=0.57.ckpt", "val_rmse_scaled": 0.5707958936691284, "val_mae_scaled": 0.3993491530418396, "val_r2": 0.6703595519065857, "val_rmse": 0.21665464341640472, "val_mae": 0.15157930552959442, "test_rmse": 0.5067636103293096, "test_mae": 0.3868635402517723, "test_r2": -0.23595208433748782, "general_test_rmse": 0.575012286621039, "general_test_mae": 0.45768162073752533, "general_test_r2": -0.3477020426403963, "target_test_rmse": 0.2821664145687601, "target_test_mae": 0.2169001388903263, "target_test_r2": 0.1281573742062484}, "fold4": {"best_model_path": "/ibex/user/bekeak/meprom-tl/checkpoints_mcmpnn/zeroshot/mcmpnn_combi_v41b_smi4_fold4-epoch=212-val_loss_weighted=0.56.ckpt", "val_rmse_scaled": 0.5554165840148926, "val_mae_scaled": 0.3858766257762909, "val_r2": 0.6930739283561707, "val_rmse": 0.21070899069309235, "val_mae": 0.14639043807983398, "test_rmse": 0.51747762066492, "test_mae": 0.3922007347737732, "test_r2": -0.28876560344260516, "general_test_rmse": 0.5982446685274048, "general_test_mae": 0.48506154991407363, "general_test_r2": -0.4588052286609956, "target_test_rmse": 0.22695917494520906, "target_test_mae": 0.16933478067222632, "target_test_r2": 0.43594305981395043}}