{"fold0": {"best_model_path": "/ibex/user/bekeak/meprom-tl/checkpoints_mcmpnn/zeroshot/mcmpnn_combi_v34b_smi4_fold0-epoch=233-val_loss_weighted=0.56.ckpt", "val_rmse_scaled": 0.5589944124221802, "val_mae_scaled": 0.3883436322212219, "val_r2": 0.672341525554657, "val_rmse": 0.2125120311975479, "val_mae": 0.14763599634170532, "test_rmse": 0.42471764778346166, "test_mae": 0.3194094758053609, "test_r2": 0.13185672498066991, "general_test_rmse": 0.47931157525834794, "general_test_mae": 0.3692767653798059, "general_test_r2": 0.06356966948972198, "target_test_rmse": 0.24886598342376376, "target_test_mae": 0.19972798678715745, "target_test_r2": 0.3217988275486068}, "fold1": {"best_model_path": "/ibex/user/bekeak/meprom-tl/checkpoints_mcmpnn/zeroshot/mcmpnn_combi_v34b_smi4_fold1-epoch=231-val_loss_weighted=0.50.ckpt", "val_rmse_scaled": 0.5002669095993042, "val_mae_scaled": 0.34942370653152466, "val_r2": 0.7172037363052368, "val_rmse": 0.1912333220243454, "val_mae": 0.13357160985469818, "test_rmse": 0.49184924116409123, "test_mae": 0.3567777119364872, "test_r2": -0.1642729369637801, "general_test_rmse": 0.5662465093469528, "general_test_mae": 0.43087904653875836, "general_test_r2": -0.30692514257741577, "target_test_rmse": 0.23019349453876836, "target_test_mae": 0.17893450218551407, "target_test_r2": 0.4197521351887705}, "fold2": {"best_model_path": "/ibex/user/bekeak/meprom-tl/checkpoints_mcmpnn/zeroshot/mcmpnn_combi_v34b_smi4_fold2-epoch=460-val_loss_weighted=0.51.ckpt", "val_rmse_scaled": 0.5094426274299622, "val_mae_scaled": 0.3612768054008484, "val_r2": 0.7054034471511841, "val_rmse": 0.19559742510318756, "val_mae": 0.13871005177497864, "test_rmse": 0.43168562201348665, "test_mae": 0.3022693118030417, "test_r2": 0.10313730637474305, "general_test_rmse": 0.4799793930611358, "general_test_mae": 0.3442960929536296, "general_test_r2": 0.06095842230132886, "target_test_rmse": 0.2840525848329531, "target_test_mae": 0.20140501468988878, "target_test_r2": 0.11646257442502006}, "fold3": {"best_model_path": "/ibex/user/bekeak/meprom-tl/checkpoints_mcmpnn/zeroshot/mcmpnn_combi_v34b_smi4_fold3-epoch=389-val_loss_weighted=0.55.ckpt", "val_rmse_scaled": 0.5485054850578308, "val_mae_scaled": 0.39597558975219727, "val_r2": 0.6965185403823853, "val_rmse": 0.20819395780563354, "val_mae": 0.1502988189458847, "test_rmse": 0.41765733445073067, "test_mae": 0.30629971881441825, "test_r2": 0.16048005953174804, "general_test_rmse": 0.46620325548115726, "general_test_mae": 0.34729179928049997, "general_test_r2": 0.1140887002942158, "target_test_rmse": 0.2673178908284883, "target_test_mae": 0.20791870930454484, "target_test_r2": 0.21750150524578216}, "fold4": {"best_model_path": "/ibex/user/bekeak/meprom-tl/checkpoints_mcmpnn/zeroshot/mcmpnn_combi_v34b_smi4_fold4-epoch=634-val_loss_weighted=0.59.ckpt", "val_rmse_scaled": 0.5884707570075989, "val_mae_scaled": 0.4123457968235016, "val_r2": 0.6548827886581421, "val_rmse": 0.22324877977371216, "val_mae": 0.15643206238746643, "test_rmse": 0.4918474386950472, "test_mae": 0.3519692999457588, "test_r2": -0.1642644036088139, "general_test_rmse": 0.5616107467936456, "general_test_mae": 0.41854955534331806, "general_test_r2": -0.28561359645241957, "target_test_rmse": 0.2559908984117526, "target_test_mae": 0.1921766728355133, "target_test_r2": 0.28240978478995726}}