{"fold0": {"best_model_path": "/ibex/user/bekeak/meprom-tl/checkpoints_mcmpnn/zeroshot/mcmpnn_combi_v29b_smi10_fold0-epoch=238-val_loss_weighted=0.53.ckpt", "val_rmse_scaled": 0.5264186859130859, "val_mae_scaled": 0.3789416551589966, "val_r2": 0.7117539048194885, "val_rmse": 0.19899344444274902, "val_mae": 0.14324511587619781, "test_rmse": 0.24339750817317285, "test_mae": 0.1748617397732613, "test_r2": 0.5537212508889515, "general_test_rmse": 0.22042697749483456, "general_test_mae": 0.16447487207805694, "general_test_r2": 0.6582757154814318, "target_test_rmse": 0.319749961106762, "target_test_mae": 0.21678018075830838, "target_test_r2": -0.08342525486695407}, "fold1": {"best_model_path": "/ibex/user/bekeak/meprom-tl/checkpoints_mcmpnn/zeroshot/mcmpnn_combi_v29b_smi10_fold1-epoch=414-val_loss_weighted=0.49.ckpt", "val_rmse_scaled": 0.49380478262901306, "val_mae_scaled": 0.3568500280380249, "val_r2": 0.74699866771698, "val_rmse": 0.18662986159324646, "val_mae": 0.1348688304424286, "test_rmse": 0.20980670474698598, "test_mae": 0.15497481088582526, "test_r2": 0.6684014085671799, "general_test_rmse": 0.20328723595250453, "general_test_mae": 0.14740996039068133, "general_test_r2": 0.7093525122345254, "target_test_rmse": 0.2342811594073584, "target_test_mae": 0.18550441270758708, "target_test_r2": 0.4183621192293592}, "fold2": {"best_model_path": "/ibex/user/bekeak/meprom-tl/checkpoints_mcmpnn/zeroshot/mcmpnn_combi_v29b_smi10_fold2-epoch=504-val_loss_weighted=0.48.ckpt", "val_rmse_scaled": 0.4812399446964264, "val_mae_scaled": 0.33616873621940613, "val_r2": 0.7646825909614563, "val_rmse": 0.18112385272979736, "val_mae": 0.12652352452278137, "test_rmse": 0.22866602291224453, "test_mae": 0.1561514631170443, "test_r2": 0.6061079383523947, "general_test_rmse": 0.21074889892094026, "general_test_mae": 0.15077807828953904, "general_test_r2": 0.687624488546441, "target_test_rmse": 0.2899336907169949, "target_test_mae": 0.1778369143498911, "target_test_r2": 0.10921002238328081}, "fold3": {"best_model_path": "/ibex/user/bekeak/meprom-tl/checkpoints_mcmpnn/zeroshot/mcmpnn_combi_v29b_smi10_fold3-epoch=467-val_loss_weighted=0.46.ckpt", "val_rmse_scaled": 0.46351373195648193, "val_mae_scaled": 0.32392099499702454, "val_r2": 0.7737722396850586, "val_rmse": 0.17545320093631744, "val_mae": 0.12261335551738739, "test_rmse": 0.20296614889833983, "test_mae": 0.1311085610159723, "test_r2": 0.68967184849878, "general_test_rmse": 0.17156297168410808, "general_test_mae": 0.1122276392480277, "general_test_r2": 0.7929889768131619, "target_test_rmse": 0.2977598853710382, "target_test_mae": 0.20730657736600658, "target_test_r2": 0.06047069367280822}, "fold4": {"best_model_path": "/ibex/user/bekeak/meprom-tl/checkpoints_mcmpnn/zeroshot/mcmpnn_combi_v29b_smi10_fold4-epoch=666-val_loss_weighted=0.60.ckpt", "val_rmse_scaled": 0.6007500290870667, "val_mae_scaled": 0.4042617976665497, "val_r2": 0.6044729948043823, "val_rmse": 0.22772537171840668, "val_mae": 0.15324288606643677, "test_rmse": 0.22189398255437737, "test_mae": 0.14190504461484935, "test_r2": 0.6290930240666289, "general_test_rmse": 0.18392988705622348, "general_test_mae": 0.12381646879430844, "general_test_r2": 0.7620690383142535, "target_test_rmse": 0.3337875465073347, "target_test_mae": 0.21490536739766367, "target_test_r2": -0.1806419566974935}}