{"fold0": {"best_model_path": "/ibex/user/bekeak/meprom-tl/checkpoints_mcmpnn/zeroshot/mcmpnn_combi_v41d_smi4_fold0-epoch=258-val_loss_weighted=0.54.ckpt", "val_rmse_scaled": 0.5393521189689636, "val_mae_scaled": 0.3619784414768219, "val_r2": 0.6948193311691284, "val_rmse": 0.20504465699195862, "val_mae": 0.13761277496814728, "test_rmse": 0.4389724934418288, "test_mae": 0.30769175286299383, "test_r2": 0.07260359820494322, "general_test_rmse": 0.4928694635014094, "general_test_mae": 0.34997936255376344, "general_test_r2": 0.009844371435189236, "target_test_rmse": 0.2686271594132726, "target_test_mae": 0.20620148513479847, "target_test_r2": 0.20981769783942816}, "fold1": {"best_model_path": "/ibex/user/bekeak/meprom-tl/checkpoints_mcmpnn/zeroshot/mcmpnn_combi_v41d_smi4_fold1-epoch=109-val_loss_weighted=0.50.ckpt", "val_rmse_scaled": 0.4954158663749695, "val_mae_scaled": 0.3282710015773773, "val_r2": 0.72723388671875, "val_rmse": 0.18937894701957703, "val_mae": 0.12548571825027466, "test_rmse": 0.47916574980942905, "test_mae": 0.3461891636476159, "test_r2": -0.10500012334644859, "general_test_rmse": 0.5525905467290116, "general_test_mae": 0.420401963807375, "general_test_r2": -0.2446479827064938, "target_test_rmse": 0.2185960228504448, "target_test_mae": 0.16807844549936865, "target_test_r2": 0.47674670558494525}, "fold2": {"best_model_path": "/ibex/user/bekeak/meprom-tl/checkpoints_mcmpnn/zeroshot/mcmpnn_combi_v41d_smi4_fold2-epoch=976-val_loss_weighted=0.50.ckpt", "val_rmse_scaled": 0.501430869102478, "val_mae_scaled": 0.3508452773094177, "val_r2": 0.7164726853370667, "val_rmse": 0.1925213634967804, "val_mae": 0.13470493257045746, "test_rmse": 0.4478954037600595, "test_mae": 0.3103700778271432, "test_r2": 0.03451839704099258, "general_test_rmse": 0.49451191760173496, "general_test_mae": 0.340752611846127, "general_test_r2": 0.003234122534353956, "target_test_rmse": 0.30850303316275557, "target_test_mae": 0.2374520118278011, "target_test_r2": -0.04218864189156202}, "fold3": {"best_model_path": "/ibex/user/bekeak/meprom-tl/checkpoints_mcmpnn/zeroshot/mcmpnn_combi_v41d_smi4_fold3-epoch=345-val_loss_weighted=0.56.ckpt", "val_rmse_scaled": 0.5626690983772278, "val_mae_scaled": 0.3844515383243561, "val_r2": 0.6792811155319214, "val_rmse": 0.2135699838399887, "val_mae": 0.14592468738555908, "test_rmse": 0.44527055795675385, "test_mae": 0.318372652011914, "test_r2": 0.04580145323066609, "general_test_rmse": 0.5046871507505233, "general_test_mae": 0.3644737977035357, "general_test_r2": -0.038207430940705, "target_test_rmse": 0.2506034244948981, "target_test_mae": 0.20772990905754432, "target_test_r2": 0.3122961403039086}, "fold4": {"best_model_path": "/ibex/user/bekeak/meprom-tl/checkpoints_mcmpnn/zeroshot/mcmpnn_combi_v41d_smi4_fold4-epoch=145-val_loss_weighted=0.55.ckpt", "val_rmse_scaled": 0.5511677861213684, "val_mae_scaled": 0.38468483090400696, "val_r2": 0.6972261667251587, "val_rmse": 0.20909711718559265, "val_mae": 0.14593829214572906, "test_rmse": 0.48517463385979465, "test_mae": 0.3666321541800439, "test_r2": -0.13288796918840906, "general_test_rmse": 0.5553989333450384, "general_test_mae": 0.43923246296727275, "general_test_r2": -0.2573312799021783, "target_test_rmse": 0.24498549576771117, "target_test_mae": 0.1923914138357529, "target_test_r2": 0.342783883153741}}