{"fold0": {"best_model_path": "/ibex/user/bekeak/meprom-tl/checkpoints_mcmpnn/zeroshot/mcmpnn_combi_v41b_smi3_fold0-epoch=219-val_loss_weighted=0.54.ckpt", "val_rmse_scaled": 0.5373020768165588, "val_mae_scaled": 0.3692169487476349, "val_r2": 0.6958352327346802, "val_rmse": 0.204265296459198, "val_mae": 0.1403646320104599, "test_rmse": 0.4396267100947118, "test_mae": 0.31765511180444234, "test_r2": 0.06983727327108924, "general_test_rmse": 0.496490504103414, "general_test_mae": 0.36514611340006514, "general_test_r2": -0.00475813362627564, "target_test_rmse": 0.25596255724829425, "target_test_mae": 0.20367670872000582, "target_test_r2": 0.2825686671246159}, "fold1": {"best_model_path": "/ibex/user/bekeak/meprom-tl/checkpoints_mcmpnn/zeroshot/mcmpnn_combi_v41b_smi3_fold1-epoch=208-val_loss_weighted=0.51.ckpt", "val_rmse_scaled": 0.5112477540969849, "val_mae_scaled": 0.35221976041793823, "val_r2": 0.7003118991851807, "val_rmse": 0.19543088972568512, "val_mae": 0.13464044034481049, "test_rmse": 0.44537786387434536, "test_mae": 0.31632661567316556, "test_r2": 0.04534149248798347, "general_test_rmse": 0.5044392909970393, "general_test_mae": 0.3646938003136726, "general_test_r2": -0.037187921535080326, "target_test_rmse": 0.25244267614747634, "target_test_mae": 0.2002453680656006, "target_test_r2": 0.3021645784309841}, "fold2": {"best_model_path": "/ibex/user/bekeak/meprom-tl/checkpoints_mcmpnn/zeroshot/mcmpnn_combi_v41b_smi3_fold2-epoch=370-val_loss_weighted=0.49.ckpt", "val_rmse_scaled": 0.48747140169143677, "val_mae_scaled": 0.33799105882644653, "val_r2": 0.7278134226799011, "val_rmse": 0.18716171383857727, "val_mae": 0.12976962327957153, "test_rmse": 0.4300575053253119, "test_mae": 0.308209442908138, "test_r2": 0.10988964397025469, "general_test_rmse": 0.47516862759016154, "general_test_mae": 0.3426883087448805, "general_test_r2": 0.07968784980333743, "target_test_rmse": 0.2948620082068459, "target_test_mae": 0.22546015223396915, "target_test_r2": 0.04793829401661742}, "fold3": {"best_model_path": "/ibex/user/bekeak/meprom-tl/checkpoints_mcmpnn/zeroshot/mcmpnn_combi_v41b_smi3_fold3-epoch=100-val_loss_weighted=0.59.ckpt", "val_rmse_scaled": 0.5888015627861023, "val_mae_scaled": 0.4058825373649597, "val_r2": 0.6484683156013489, "val_rmse": 0.2234889715909958, "val_mae": 0.15405915677547455, "test_rmse": 0.4774213424208227, "test_mae": 0.34848769599083956, "test_r2": -0.09696924170954335, "general_test_rmse": 0.5536134347423008, "general_test_mae": 0.42913139607723605, "general_test_r2": -0.24926012761616678, "target_test_rmse": 0.19848190472570412, "target_test_mae": 0.15494282397912673, "target_test_r2": 0.5686107712669577}, "fold4": {"best_model_path": "/ibex/user/bekeak/meprom-tl/checkpoints_mcmpnn/zeroshot/mcmpnn_combi_v41b_smi3_fold4-epoch=170-val_loss_weighted=0.52.ckpt", "val_rmse_scaled": 0.5179749727249146, "val_mae_scaled": 0.3682229816913605, "val_r2": 0.7342716455459595, "val_rmse": 0.19650472700595856, "val_mae": 0.13969315588474274, "test_rmse": 0.4933557578944438, "test_mae": 0.37034801492543784, "test_r2": -0.17141611306693627, "general_test_rmse": 0.5607671218827914, "general_test_mae": 0.44113793397515916, "general_test_r2": -0.28175412238449904, "target_test_rmse": 0.26991893139202566, "target_test_mae": 0.20045221069622263, "target_test_r2": 0.20219978154248797}}