{"fold0": {"best_model_path": "/ibex/user/bekeak/meprom-tl/checkpoints_mcmpnn/zeroshot/mcmpnn_combi_v34b_smi7_fold0-epoch=302-val_loss_weighted=0.56.ckpt", "val_rmse_scaled": 0.5619287490844727, "val_mae_scaled": 0.40095362067222595, "val_r2": 0.6688500046730042, "val_rmse": 0.21362757682800293, "val_mae": 0.15242990851402283, "test_rmse": 0.45290405283036705, "test_mae": 0.32370509319701524, "test_r2": 0.012804413177297636, "general_test_rmse": 0.5159823860398188, "general_test_mae": 0.37871060766130865, "general_test_r2": -0.08519901362032334, "target_test_rmse": 0.2417525391874639, "target_test_mae": 0.1916918495420143, "target_test_r2": 0.36001536455059924}, "fold1": {"best_model_path": "/ibex/user/bekeak/meprom-tl/checkpoints_mcmpnn/zeroshot/mcmpnn_combi_v34b_smi7_fold1-epoch=1009-val_loss_weighted=0.53.ckpt", "val_rmse_scaled": 0.5304756164550781, "val_mae_scaled": 0.3594752252101898, "val_r2": 0.6838172674179077, "val_rmse": 0.20278097689151764, "val_mae": 0.13741393387317657, "test_rmse": 0.4173799668594944, "test_mae": 0.28444229770803325, "test_r2": 0.16159474510958394, "general_test_rmse": 0.4717522463655091, "general_test_mae": 0.33507242376986185, "general_test_r2": 0.09287404966781043, "target_test_rmse": 0.24120548400129568, "target_test_mae": 0.16292997802330933, "target_test_r2": 0.36290849478536313}, "fold2": {"best_model_path": "/ibex/user/bekeak/meprom-tl/checkpoints_mcmpnn/zeroshot/mcmpnn_combi_v34b_smi7_fold2-epoch=231-val_loss_weighted=0.55.ckpt", "val_rmse_scaled": 0.5462279915809631, "val_mae_scaled": 0.38794487714767456, "val_r2": 0.6620758175849915, "val_rmse": 0.2097209393978119, "val_mae": 0.14894910156726837, "test_rmse": 0.4983397733555374, "test_mae": 0.3523436377237239, "test_r2": -0.19520359811629184, "general_test_rmse": 0.5713786384187614, "general_test_mae": 0.425287863686094, "general_test_r2": -0.3307229196220085, "target_test_rmse": 0.24663347550792128, "target_test_mae": 0.1772774671018295, "target_test_r2": 0.3339121604055807}, "fold3": {"best_model_path": "/ibex/user/bekeak/meprom-tl/checkpoints_mcmpnn/zeroshot/mcmpnn_combi_v34b_smi7_fold3-epoch=893-val_loss_weighted=0.54.ckpt", "val_rmse_scaled": 0.5418901443481445, "val_mae_scaled": 0.37085792422294617, "val_r2": 0.7031307220458984, "val_rmse": 0.20568300783634186, "val_mae": 0.1407650113105774, "test_rmse": 0.412537852419812, "test_mae": 0.2767108915706508, "test_r2": 0.18093494374084274, "general_test_rmse": 0.46286387992877764, "general_test_mae": 0.3162798420302666, "general_test_r2": 0.12673466596341632, "target_test_rmse": 0.25387850184025207, "target_test_mae": 0.1817453992917019, "target_test_r2": 0.29420380483860264}, "fold4": {"best_model_path": "/ibex/user/bekeak/meprom-tl/checkpoints_mcmpnn/zeroshot/mcmpnn_combi_v34b_smi7_fold4-epoch=211-val_loss_weighted=0.54.ckpt", "val_rmse_scaled": 0.5356479287147522, "val_mae_scaled": 0.3876557946205139, "val_r2": 0.7167834043502808, "val_rmse": 0.20320932567119598, "val_mae": 0.1470654010772705, "test_rmse": 0.45477845626703334, "test_mae": 0.3261607568927369, "test_r2": 0.00461622471836276, "general_test_rmse": 0.5245098740320187, "general_test_mae": 0.39414609660941186, "general_test_r2": -0.12136494116455432, "target_test_rmse": 0.20720583572487136, "target_test_mae": 0.1629959415727169, "target_test_r2": 0.5298554300496566}}