{"fold0": {"best_model_path": "/ibex/user/bekeak/meprom-tl/checkpoints_mcmpnn/zeroshot/mcmpnn_combi_v41d_smi3_fold0-epoch=972-val_loss_weighted=0.54.ckpt", "val_rmse_scaled": 0.5445859432220459, "val_mae_scaled": 0.3722311556339264, "val_r2": 0.685529351234436, "val_rmse": 0.2070343941450119, "val_mae": 0.14151053130626678, "test_rmse": 0.41679071387692856, "test_mae": 0.28867974224702414, "test_r2": 0.16396037882893044, "general_test_rmse": 0.4712620290064532, "general_test_mae": 0.3278604751288015, "general_test_r2": 0.09475833466603889, "target_test_rmse": 0.24003823039469083, "target_test_mae": 0.19464598109558412, "target_test_r2": 0.3690596651253173}, "fold1": {"best_model_path": "/ibex/user/bekeak/meprom-tl/checkpoints_mcmpnn/zeroshot/mcmpnn_combi_v41d_smi3_fold1-epoch=109-val_loss_weighted=0.51.ckpt", "val_rmse_scaled": 0.5105867385864258, "val_mae_scaled": 0.34341567754745483, "val_r2": 0.7050420045852661, "val_rmse": 0.19517821073532104, "val_mae": 0.1312749683856964, "test_rmse": 0.49038376697791713, "test_mae": 0.3480132038109975, "test_r2": -0.15734532603461115, "general_test_rmse": 0.5609225889860974, "general_test_mae": 0.415595176753099, "general_test_r2": -0.28246492804936674, "target_test_rmse": 0.24999453628555177, "target_test_mae": 0.18581649035663755, "target_test_r2": 0.3156338925716222}, "fold2": {"best_model_path": "/ibex/user/bekeak/meprom-tl/checkpoints_mcmpnn/zeroshot/mcmpnn_combi_v41d_smi3_fold2-epoch=946-val_loss_weighted=0.51.ckpt", "val_rmse_scaled": 0.506466269493103, "val_mae_scaled": 0.35330232977867126, "val_r2": 0.7106190323829651, "val_rmse": 0.19445466995239258, "val_mae": 0.13564829528331757, "test_rmse": 0.46479804190408747, "test_mae": 0.35293427862497184, "test_r2": -0.039727116757652725, "general_test_rmse": 0.5112146465252224, "general_test_mae": 0.3941017046193768, "general_test_r2": -0.06523692803733971, "target_test_rmse": 0.3275814067217236, "target_test_mae": 0.2541324845506062, "target_test_r2": -0.17507597297170618}, "fold3": {"best_model_path": "/ibex/user/bekeak/meprom-tl/checkpoints_mcmpnn/zeroshot/mcmpnn_combi_v41d_smi3_fold3-epoch=187-val_loss_weighted=0.58.ckpt", "val_rmse_scaled": 0.5839686989784241, "val_mae_scaled": 0.40393900871276855, "val_r2": 0.6560041904449463, "val_rmse": 0.22165457904338837, "val_mae": 0.15332145988941193, "test_rmse": 0.4474998138380841, "test_mae": 0.3184813507762845, "test_r2": 0.0362231081081934, "general_test_rmse": 0.508170374994463, "general_test_mae": 0.3696781097142394, "general_test_r2": -0.05258778010774123, "target_test_rmse": 0.2471873161179315, "target_test_mae": 0.19560912261967012, "target_test_r2": 0.3309172652218604}, "fold4": {"best_model_path": "/ibex/user/bekeak/meprom-tl/checkpoints_mcmpnn/zeroshot/mcmpnn_combi_v41d_smi3_fold4-epoch=1258-val_loss_weighted=0.55.ckpt", "val_rmse_scaled": 0.5480351448059082, "val_mae_scaled": 0.3714096248149872, "val_r2": 0.7007955312728882, "val_rmse": 0.20790868997573853, "val_mae": 0.1409020721912384, "test_rmse": 0.45015254514266567, "test_mae": 0.3198166606030197, "test_r2": 0.02476290722844099, "general_test_rmse": 0.5220998686323146, "general_test_mae": 0.39409709119659103, "general_test_r2": -0.11108377386605128, "target_test_rmse": 0.18642695185210517, "target_test_mae": 0.14154364580489998, "target_test_r2": 0.6194209684362746}}