{"fold0": {"best_model_path": "/ibex/user/bekeak/meprom-tl/checkpoints_mcmpnn/zeroshot/mcmpnn_combi_v25e_smi4_fold0-epoch=640-val_loss_weighted=0.37.ckpt", "val_rmse_scaled": 0.37086278200149536, "val_mae_scaled": 0.3148260712623596, "val_r2": 0.8795328140258789, "val_rmse": 0.13981695473194122, "val_mae": 0.1186908632516861, "test_rmse": 0.2901020240294317, "test_mae": 0.20919059801995435, "test_r2": 0.36602012871478784, "general_test_rmse": 0.2963766174669593, "general_test_mae": 0.2132191440585068, "general_test_r2": 0.3822194572231389, "target_test_rmse": 0.2632643178214361, "target_test_mae": 0.19293253402840477, "target_test_r2": 0.26555047539394905}, "fold1": {"best_model_path": "/ibex/user/bekeak/meprom-tl/checkpoints_mcmpnn/zeroshot/mcmpnn_combi_v25e_smi4_fold1-epoch=580-val_loss_weighted=0.24.ckpt", "val_rmse_scaled": 0.24026086926460266, "val_mae_scaled": 0.18065676093101501, "val_r2": 0.9284971356391907, "val_rmse": 0.0906849130988121, "val_mae": 0.06818772852420807, "test_rmse": 0.2388379115253349, "test_mae": 0.17218314913238902, "test_r2": 0.5702850320117969, "general_test_rmse": 0.2316720612691831, "general_test_mae": 0.17055737187254552, "general_test_r2": 0.6225202340079493, "target_test_rmse": 0.26580139257297924, "target_test_mae": 0.17874428439242604, "target_test_r2": 0.25132650523015765}, "fold2": {"best_model_path": "/ibex/user/bekeak/meprom-tl/checkpoints_mcmpnn/zeroshot/mcmpnn_combi_v25e_smi4_fold2-epoch=433-val_loss_weighted=0.30.ckpt", "val_rmse_scaled": 0.30091390013694763, "val_mae_scaled": 0.22084414958953857, "val_r2": 0.9313651323318481, "val_rmse": 0.11318153887987137, "val_mae": 0.0830652266740799, "test_rmse": 0.323820430154793, "test_mae": 0.24330526767894317, "test_r2": 0.21008121417631442, "general_test_rmse": 0.3317589194248814, "general_test_mae": 0.2586935360118297, "general_test_r2": 0.22590980365931412, "target_test_rmse": 0.28957997865185847, "target_test_mae": 0.18120258353318566, "target_test_r2": 0.11138218088546603}, "fold3": {"best_model_path": "/ibex/user/bekeak/meprom-tl/checkpoints_mcmpnn/zeroshot/mcmpnn_combi_v25e_smi4_fold3-epoch=275-val_loss_weighted=0.45.ckpt", "val_rmse_scaled": 0.4460134506225586, "val_mae_scaled": 0.34986352920532227, "val_r2": 0.8000041246414185, "val_rmse": 0.16854551434516907, "val_mae": 0.1322110891342163, "test_rmse": 0.3120139206342713, "test_mae": 0.22671951585011843, "test_r2": 0.26663210624383316, "general_test_rmse": 0.32842024782054335, "general_test_mae": 0.24258949625313941, "general_test_r2": 0.24141159442000704, "target_test_rmse": 0.23441149574205997, "target_test_mae": 0.16267281560985292, "target_test_r2": 0.41771478047818134}, "fold4": {"best_model_path": "/ibex/user/bekeak/meprom-tl/checkpoints_mcmpnn/zeroshot/mcmpnn_combi_v25e_smi4_fold4-epoch=692-val_loss_weighted=0.75.ckpt", "val_rmse_scaled": 0.747467041015625, "val_mae_scaled": 0.5749216079711914, "val_r2": 0.225250244140625, "val_rmse": 0.2830377519130707, "val_mae": 0.2177012711763382, "test_rmse": 0.32105702935939673, "test_mae": 0.23720350780729113, "test_r2": 0.2235056185964983, "general_test_rmse": 0.3167268600151892, "general_test_mae": 0.23439322510938784, "general_test_r2": 0.2944689327491181, "target_test_rmse": 0.33796906541358157, "target_test_mae": 0.24854500477374647, "target_test_r2": -0.21040819598791405}}