{"fold0": {"best_model_path": "/ibex/user/bekeak/meprom-tl/checkpoints_mcmpnn/zeroshot/mcmpnn_combi_v34b_smi1_fold0-epoch=453-val_loss_weighted=0.56.ckpt", "val_rmse_scaled": 0.5647442936897278, "val_mae_scaled": 0.3917238712310791, "val_r2": 0.6652156114578247, "val_rmse": 0.2146979570388794, "val_mae": 0.14892105758190155, "test_rmse": 0.4291779064324242, "test_mae": 0.3055474918106992, "test_r2": 0.11352701524398912, "general_test_rmse": 0.48919917707335775, "general_test_mae": 0.3593793091756883, "general_test_r2": 0.02453638898817445, "target_test_rmse": 0.2278167813237197, "target_test_mae": 0.17635112491931915, "target_test_r2": 0.4316722231995126}, "fold1": {"best_model_path": "/ibex/user/bekeak/meprom-tl/checkpoints_mcmpnn/zeroshot/mcmpnn_combi_v34b_smi1_fold1-epoch=287-val_loss_weighted=0.53.ckpt", "val_rmse_scaled": 0.5329626798629761, "val_mae_scaled": 0.3810809552669525, "val_r2": 0.6682244539260864, "val_rmse": 0.2037316858768463, "val_mae": 0.1456729918718338, "test_rmse": 0.41479506212563116, "test_mae": 0.2834355495228794, "test_r2": 0.17194735890421986, "general_test_rmse": 0.4592963608122191, "general_test_mae": 0.3218795596278135, "general_test_r2": 0.14014415840664507, "target_test_rmse": 0.28053387587110673, "target_test_mae": 0.19116991782045706, "target_test_r2": 0.13821668167977996}, "fold2": {"best_model_path": "/ibex/user/bekeak/meprom-tl/checkpoints_mcmpnn/zeroshot/mcmpnn_combi_v34b_smi1_fold2-epoch=1023-val_loss_weighted=0.52.ckpt", "val_rmse_scaled": 0.517930805683136, "val_mae_scaled": 0.3563011586666107, "val_r2": 0.7000120282173157, "val_rmse": 0.1988564133644104, "val_mae": 0.1367996782064438, "test_rmse": 0.5168301594661533, "test_mae": 0.3979385940959647, "test_r2": -0.28554264779009464, "general_test_rmse": 0.5954694783022638, "general_test_mae": 0.48509135027038836, "general_test_r2": -0.44530215193731504, "target_test_rmse": 0.23913228773906597, "target_test_mae": 0.18877197033665122, "target_test_r2": 0.37381321721313}, "fold3": {"best_model_path": "/ibex/user/bekeak/meprom-tl/checkpoints_mcmpnn/zeroshot/mcmpnn_combi_v34b_smi1_fold3-epoch=516-val_loss_weighted=0.55.ckpt", "val_rmse_scaled": 0.550295352935791, "val_mae_scaled": 0.3841779828071594, "val_r2": 0.6928664445877075, "val_rmse": 0.20887333154678345, "val_mae": 0.14582084119319916, "test_rmse": 0.4290146891052343, "test_mae": 0.3051207875757186, "test_r2": 0.11420114239028678, "general_test_rmse": 0.48474579650576505, "general_test_mae": 0.3513592856443218, "general_test_r2": 0.04221564023180546, "target_test_rmse": 0.24866419323618855, "target_test_mae": 0.1941483884857807, "target_test_r2": 0.32289820526602475}, "fold4": {"best_model_path": "/ibex/user/bekeak/meprom-tl/checkpoints_mcmpnn/zeroshot/mcmpnn_combi_v34b_smi1_fold4-epoch=533-val_loss_weighted=0.55.ckpt", "val_rmse_scaled": 0.5497605204582214, "val_mae_scaled": 0.38637030124664307, "val_r2": 0.7011153697967529, "val_rmse": 0.20856323838233948, "val_mae": 0.14657771587371826, "test_rmse": 0.43749501391363566, "test_mae": 0.3138989678927129, "test_r2": 0.07883589437629523, "general_test_rmse": 0.5033948203405799, "general_test_mae": 0.3761788860239566, "general_test_r2": -0.032897253309069674, "target_test_rmse": 0.20637630751547384, "target_test_mae": 0.164427165867844, "target_test_r2": 0.5336122501430558}}