{"fold0": {"best_model_path": "/ibex/user/bekeak/meprom-tl/checkpoints_mcmpnn/zeroshot/mcmpnn_combi_v34b_smi6_fold0-epoch=197-val_loss_weighted=0.56.ckpt", "val_rmse_scaled": 0.5621805787086487, "val_mae_scaled": 0.40845316648483276, "val_r2": 0.6760997772216797, "val_rmse": 0.2137233167886734, "val_mae": 0.15528100728988647, "test_rmse": 0.47522590899807804, "test_mae": 0.3451316970639453, "test_r2": -0.086903560273629, "general_test_rmse": 0.5450601440609223, "general_test_mae": 0.4103590015105241, "general_test_r2": -0.21095635508446642, "target_test_rmse": 0.23417411711069158, "target_test_mae": 0.1885861723526207, "target_test_r2": 0.3995107429028901}, "fold1": {"best_model_path": "/ibex/user/bekeak/meprom-tl/checkpoints_mcmpnn/zeroshot/mcmpnn_combi_v34b_smi6_fold1-epoch=245-val_loss_weighted=0.54.ckpt", "val_rmse_scaled": 0.5371531844139099, "val_mae_scaled": 0.3638935685157776, "val_r2": 0.6800271272659302, "val_rmse": 0.20533356070518494, "val_mae": 0.13910289108753204, "test_rmse": 0.4477245804589778, "test_mae": 0.326400671483827, "test_r2": 0.03525470869934966, "general_test_rmse": 0.5133199591782613, "general_test_mae": 0.39173752130142875, "general_test_r2": -0.07402883067722943, "target_test_rmse": 0.22172304959412137, "target_test_mae": 0.1695922408622795, "target_test_r2": 0.4616693022761833}, "fold2": {"best_model_path": "/ibex/user/bekeak/meprom-tl/checkpoints_mcmpnn/zeroshot/mcmpnn_combi_v34b_smi6_fold2-epoch=221-val_loss_weighted=0.54.ckpt", "val_rmse_scaled": 0.5398717522621155, "val_mae_scaled": 0.39820975065231323, "val_r2": 0.672587513923645, "val_rmse": 0.2072805017232895, "val_mae": 0.15289023518562317, "test_rmse": 0.46048045620391354, "test_mae": 0.33874750960004313, "test_r2": -0.02050043986791361, "general_test_rmse": 0.5228779761915614, "general_test_mae": 0.40395595219911656, "general_test_r2": -0.11439803218205835, "target_test_rmse": 0.25451979497880345, "target_test_mae": 0.18224723618639604, "target_test_r2": 0.29063364106127554}, "fold3": {"best_model_path": "/ibex/user/bekeak/meprom-tl/checkpoints_mcmpnn/zeroshot/mcmpnn_combi_v34b_smi6_fold3-epoch=206-val_loss_weighted=0.55.ckpt", "val_rmse_scaled": 0.5491937398910522, "val_mae_scaled": 0.4032663404941559, "val_r2": 0.6973914504051208, "val_rmse": 0.2084551900625229, "val_mae": 0.15306614339351654, "test_rmse": 0.4604815669889602, "test_mae": 0.3247515365353307, "test_r2": -0.020505363238626284, "general_test_rmse": 0.5249367950094248, "general_test_mae": 0.3836560704410135, "general_test_r2": -0.1231911376635344, "target_test_rmse": 0.2441442380980154, "target_test_mae": 0.18338068496401444, "target_test_r2": 0.3472897728903067}, "fold4": {"best_model_path": "/ibex/user/bekeak/meprom-tl/checkpoints_mcmpnn/zeroshot/mcmpnn_combi_v34b_smi6_fold4-epoch=371-val_loss_weighted=0.55.ckpt", "val_rmse_scaled": 0.5475541353225708, "val_mae_scaled": 0.37719717621803284, "val_r2": 0.7012996077537537, "val_rmse": 0.20772619545459747, "val_mae": 0.14309769868850708, "test_rmse": 0.5374344053611484, "test_mae": 0.40416921094621117, "test_r2": -0.3900861692806823, "general_test_rmse": 0.6140755247946642, "general_test_mae": 0.48561338842864393, "general_test_r2": -0.5370330765064468, "target_test_rmse": 0.2775401077031381, "target_test_mae": 0.20870319094883727, "target_test_r2": 0.15651189182907121}}