{"fold0": {"best_model_path": "/ibex/user/bekeak/meprom-tl/checkpoints_mcmpnn/zeroshot/mcmpnn_combi_v37b_smi0_fold0-epoch=262-val_loss_weighted=0.56.ckpt", "val_rmse_scaled": 0.5643308162689209, "val_mae_scaled": 0.4025563597679138, "val_r2": 0.665223240852356, "val_rmse": 0.2145407646894455, "val_mae": 0.15303921699523926, "test_rmse": 0.4183068432038618, "test_mae": 0.29949532114487176, "test_r2": 0.15786691478282622, "general_test_rmse": 0.46686184479192044, "general_test_mae": 0.3412419690896547, "general_test_r2": 0.1115839394780126, "target_test_rmse": 0.26801143958843093, "target_test_mae": 0.19930336980268287, "target_test_r2": 0.21343589729054868}, "fold1": {"best_model_path": "/ibex/user/bekeak/meprom-tl/checkpoints_mcmpnn/zeroshot/mcmpnn_combi_v37b_smi0_fold1-epoch=288-val_loss_weighted=0.49.ckpt", "val_rmse_scaled": 0.4924248158931732, "val_mae_scaled": 0.329629510641098, "val_r2": 0.725963294506073, "val_rmse": 0.1882355809211731, "val_mae": 0.12600502371788025, "test_rmse": 0.44774649488515433, "test_mae": 0.30483250773097886, "test_r2": 0.03516026511597403, "general_test_rmse": 0.5134554137225888, "general_test_mae": 0.3583247105152032, "general_test_r2": -0.07459573355373927, "target_test_rmse": 0.22111996092359565, "target_test_mae": 0.17645121061802788, "target_test_r2": 0.4645938480533012}, "fold2": {"best_model_path": "/ibex/user/bekeak/meprom-tl/checkpoints_mcmpnn/zeroshot/mcmpnn_combi_v37b_smi0_fold2-epoch=514-val_loss_weighted=0.53.ckpt", "val_rmse_scaled": 0.5348309278488159, "val_mae_scaled": 0.3858683109283447, "val_r2": 0.6763095855712891, "val_rmse": 0.20534510910511017, "val_mae": 0.14815181493759155, "test_rmse": 0.4487674728495794, "test_mae": 0.32952140679792263, "test_r2": 0.030755079419761855, "general_test_rmse": 0.48947075031595927, "general_test_mae": 0.35936297464588135, "general_test_r2": 0.023453053777875654, "target_test_rmse": 0.3312669381617568, "target_test_mae": 0.2579016670596214, "target_test_r2": -0.20166564856582703}, "fold3": {"best_model_path": "/ibex/user/bekeak/meprom-tl/checkpoints_mcmpnn/zeroshot/mcmpnn_combi_v37b_smi0_fold3-epoch=294-val_loss_weighted=0.56.ckpt", "val_rmse_scaled": 0.5648819804191589, "val_mae_scaled": 0.397970587015152, "val_r2": 0.678633987903595, "val_rmse": 0.21440991759300232, "val_mae": 0.15105605125427246, "test_rmse": 0.4370262816951697, "test_mae": 0.3167874487479204, "test_r2": 0.08080870767417336, "general_test_rmse": 0.4923728366669288, "general_test_mae": 0.3627929794284583, "general_test_r2": 0.011838774207338254, "target_test_rmse": 0.2598812892447187, "target_test_mae": 0.20637419523119735, "target_test_r2": 0.26043306824802004}, "fold4": {"best_model_path": "/ibex/user/bekeak/meprom-tl/checkpoints_mcmpnn/zeroshot/mcmpnn_combi_v37b_smi0_fold4-epoch=174-val_loss_weighted=0.55.ckpt", "val_rmse_scaled": 0.5478963255882263, "val_mae_scaled": 0.4024509787559509, "val_r2": 0.7012061476707458, "val_rmse": 0.20785601437091827, "val_mae": 0.15267826616764069, "test_rmse": 0.457174069912807, "test_mae": 0.3344546421309502, "test_r2": -0.005898061620927653, "general_test_rmse": 0.5205947294831118, "general_test_mae": 0.3960677452890002, "general_test_r2": -0.10468681713697237, "target_test_rmse": 0.24532092598350344, "target_test_mae": 0.18658319157139816, "target_test_r2": 0.3409829515385271}}