{"fold0": {"best_model_path": "/ibex/user/bekeak/meprom-tl/checkpoints_mcmpnn/zeroshot/mcmpnn_combi_v41d_smi8_fold0-epoch=168-val_loss_weighted=0.56.ckpt", "val_rmse_scaled": 0.5638700723648071, "val_mae_scaled": 0.39503374695777893, "val_r2": 0.6668432950973511, "val_rmse": 0.21436560153961182, "val_mae": 0.15017935633659363, "test_rmse": 0.4532341240118875, "test_mae": 0.3196610932994325, "test_r2": 0.01136497562912997, "general_test_rmse": 0.5161199755853022, "general_test_mae": 0.3720628428718041, "general_test_r2": -0.08577783937299288, "target_test_rmse": 0.24314684358335528, "target_test_mae": 0.1938969040114952, "target_test_r2": 0.35261187126191584}, "fold1": {"best_model_path": "/ibex/user/bekeak/meprom-tl/checkpoints_mcmpnn/zeroshot/mcmpnn_combi_v41d_smi8_fold1-epoch=148-val_loss_weighted=0.51.ckpt", "val_rmse_scaled": 0.5062847137451172, "val_mae_scaled": 0.35921287536621094, "val_r2": 0.7144542336463928, "val_rmse": 0.19353370368480682, "val_mae": 0.13731364905834198, "test_rmse": 0.45517021427652243, "test_mae": 0.33296975818599667, "test_r2": 0.0029005870602303307, "general_test_rmse": 0.5126708350060886, "general_test_mae": 0.3863981774946008, "general_test_r2": -0.07131419918395321, "target_test_rmse": 0.2713235012285605, "target_test_mae": 0.204741566746508, "target_test_r2": 0.1938751957386612}, "fold2": {"best_model_path": "/ibex/user/bekeak/meprom-tl/checkpoints_mcmpnn/zeroshot/mcmpnn_combi_v41d_smi8_fold2-epoch=1170-val_loss_weighted=0.50.ckpt", "val_rmse_scaled": 0.5048054456710815, "val_mae_scaled": 0.3491921126842499, "val_r2": 0.7124643921852112, "val_rmse": 0.19381700456142426, "val_mae": 0.13407020270824432, "test_rmse": 0.4318944470926681, "test_mae": 0.28262838851266986, "test_r2": 0.10226939364850185, "general_test_rmse": 0.4806519855553059, "general_test_mae": 0.3113925212170523, "general_test_r2": 0.05832483073703365, "target_test_rmse": 0.28239753693399244, "target_test_mae": 0.21359447523755834, "target_test_r2": 0.12672853757224078}, "fold3": {"best_model_path": "/ibex/user/bekeak/meprom-tl/checkpoints_mcmpnn/zeroshot/mcmpnn_combi_v41d_smi8_fold3-epoch=224-val_loss_weighted=0.58.ckpt", "val_rmse_scaled": 0.5844363570213318, "val_mae_scaled": 0.3929060697555542, "val_r2": 0.6533942222595215, "val_rmse": 0.22183209657669067, "val_mae": 0.14913372695446014, "test_rmse": 0.4219411088083987, "test_mae": 0.2887842251637538, "test_r2": 0.143170380987232, "general_test_rmse": 0.47933267195218765, "general_test_mae": 0.3308439066866832, "general_test_r2": 0.06348723451518101, "target_test_rmse": 0.23214874240457176, "target_test_mae": 0.18784096045145912, "target_test_r2": 0.40985310042176626}, "fold4": {"best_model_path": "/ibex/user/bekeak/meprom-tl/checkpoints_mcmpnn/zeroshot/mcmpnn_combi_v41d_smi8_fold4-epoch=135-val_loss_weighted=0.54.ckpt", "val_rmse_scaled": 0.5443304777145386, "val_mae_scaled": 0.39017072319984436, "val_r2": 0.7058787941932678, "val_rmse": 0.2065032422542572, "val_mae": 0.14801949262619019, "test_rmse": 0.45641682830493513, "test_mae": 0.3453751725764684, "test_r2": -0.0025685769143399817, "general_test_rmse": 0.5252611247817882, "general_test_mae": 0.42275144000436765, "general_test_r2": -0.12457948332783841, "target_test_rmse": 0.21474942087707252, "target_test_mae": 0.15967214416055525, "target_test_r2": 0.49499990270576677}}