{"fold0": {"best_model_path": "/ibex/user/bekeak/meprom-tl/checkpoints_mcmpnn/zeroshot/mcmpnn_combi_v29b_smi2_fold0-epoch=601-val_loss_weighted=0.52.ckpt", "val_rmse_scaled": 0.5168205499649048, "val_mae_scaled": 0.3645719289779663, "val_r2": 0.7213217616081238, "val_rmse": 0.19536522030830383, "val_mae": 0.13781316578388214, "test_rmse": 0.1753591176679297, "test_mae": 0.11960887154209737, "test_r2": 0.7683508799228898, "general_test_rmse": 0.17625460076228908, "general_test_mae": 0.1215094347173335, "general_test_r2": 0.781512157597895, "target_test_rmse": 0.17169773212599823, "target_test_mae": 0.11193871816878402, "target_test_r2": 0.6876028437577968}, "fold1": {"best_model_path": "/ibex/user/bekeak/meprom-tl/checkpoints_mcmpnn/zeroshot/mcmpnn_combi_v29b_smi2_fold1-epoch=428-val_loss_weighted=0.50.ckpt", "val_rmse_scaled": 0.49757638573646545, "val_mae_scaled": 0.35083621740341187, "val_r2": 0.7438303828239441, "val_rmse": 0.18805530667304993, "val_mae": 0.132595956325531, "test_rmse": 0.22227892630442175, "test_mae": 0.1561003201849785, "test_r2": 0.6278050020376332, "general_test_rmse": 0.21958528179571418, "general_test_mae": 0.1554716511484016, "general_test_r2": 0.6608804666186112, "target_test_rmse": 0.2328332422065163, "target_test_mae": 0.15863742218766183, "target_test_r2": 0.42552924356813737}, "fold2": {"best_model_path": "/ibex/user/bekeak/meprom-tl/checkpoints_mcmpnn/zeroshot/mcmpnn_combi_v29b_smi2_fold2-epoch=140-val_loss_weighted=0.48.ckpt", "val_rmse_scaled": 0.47680747509002686, "val_mae_scaled": 0.34224164485931396, "val_r2": 0.7672183513641357, "val_rmse": 0.17945560812950134, "val_mae": 0.12880918383598328, "test_rmse": 0.23302613996848556, "test_mae": 0.16722346329382487, "test_r2": 0.5909435602948051, "general_test_rmse": 0.23893701528088815, "general_test_mae": 0.17033611742147234, "general_test_r2": 0.598474417971181, "target_test_rmse": 0.20746731704388402, "target_test_mae": 0.1546616816287591, "target_test_r2": 0.5438818694706752}, "fold3": {"best_model_path": "/ibex/user/bekeak/meprom-tl/checkpoints_mcmpnn/zeroshot/mcmpnn_combi_v29b_smi2_fold3-epoch=411-val_loss_weighted=0.48.ckpt", "val_rmse_scaled": 0.47647058963775635, "val_mae_scaled": 0.33279862999916077, "val_r2": 0.7625073790550232, "val_rmse": 0.18035773932933807, "val_mae": 0.12597379088401794, "test_rmse": 0.19308505997877398, "test_mae": 0.12690357765128807, "test_r2": 0.7191520265611825, "general_test_rmse": 0.18411589797851174, "general_test_mae": 0.12166311488910317, "general_test_r2": 0.7615875490078221, "target_test_rmse": 0.22568865852046174, "target_test_mae": 0.14805256466828104, "target_test_r2": 0.4602440674126842}, "fold4": {"best_model_path": "/ibex/user/bekeak/meprom-tl/checkpoints_mcmpnn/zeroshot/mcmpnn_combi_v29b_smi2_fold4-epoch=609-val_loss_weighted=0.62.ckpt", "val_rmse_scaled": 0.6161319017410278, "val_mae_scaled": 0.4120435416698456, "val_r2": 0.5903092622756958, "val_rmse": 0.23355615139007568, "val_mae": 0.15619270503520966, "test_rmse": 0.2161265264709879, "test_mae": 0.1497197742822493, "test_r2": 0.648123633373684, "general_test_rmse": 0.2054281111076769, "general_test_mae": 0.1386356026539874, "general_test_r2": 0.7031984959743629, "target_test_rmse": 0.2547775787647203, "target_test_mae": 0.19445233684015872, "target_test_r2": 0.3121395074939206}}