{"fold0": {"best_model_path": "/ibex/user/bekeak/meprom-tl/checkpoints_mcmpnn/zeroshot/mcmpnn_combi_v41d_smi7_fold0-epoch=171-val_loss_weighted=0.54.ckpt", "val_rmse_scaled": 0.5422506928443909, "val_mae_scaled": 0.37854817509651184, "val_r2": 0.6875948905944824, "val_rmse": 0.20614659786224365, "val_mae": 0.14391206204891205, "test_rmse": 0.43891106866867513, "test_mae": 0.31307918678467234, "test_r2": 0.07286311846615612, "general_test_rmse": 0.4841723783712134, "general_test_mae": 0.34489076803078667, "general_test_r2": 0.04448027496222495, "target_test_rmse": 0.30392599947711485, "target_test_mae": 0.23673139328411405, "target_test_r2": -0.011493663045485825}, "fold1": {"best_model_path": "/ibex/user/bekeak/meprom-tl/checkpoints_mcmpnn/zeroshot/mcmpnn_combi_v41d_smi7_fold1-epoch=106-val_loss_weighted=0.50.ckpt", "val_rmse_scaled": 0.4952288269996643, "val_mae_scaled": 0.3383060693740845, "val_r2": 0.7239431142807007, "val_rmse": 0.18930745124816895, "val_mae": 0.12932175397872925, "test_rmse": 0.47831555065214676, "test_mae": 0.3484647716556778, "test_r2": -0.10108232785288584, "general_test_rmse": 0.5496901787600047, "general_test_mae": 0.41623180112472485, "general_test_r2": -0.23161676648195062, "target_test_rmse": 0.22954151134412298, "target_test_mae": 0.18582391359595185, "target_test_r2": 0.4230343835072571}, "fold2": {"best_model_path": "/ibex/user/bekeak/meprom-tl/checkpoints_mcmpnn/zeroshot/mcmpnn_combi_v41d_smi7_fold2-epoch=233-val_loss_weighted=0.52.ckpt", "val_rmse_scaled": 0.5228589177131653, "val_mae_scaled": 0.36134248971939087, "val_r2": 0.6886773705482483, "val_rmse": 0.2007485330104828, "val_mae": 0.13873526453971863, "test_rmse": 0.4659428339939819, "test_mae": 0.33019869647496686, "test_r2": -0.04485509529305243, "general_test_rmse": 0.5047201397641092, "general_test_mae": 0.3593094233261396, "general_test_r2": -0.038343160801690424, "target_test_rmse": 0.35604420751345617, "target_test_mae": 0.2603329728937779, "target_test_r2": -0.3881465190620563}, "fold3": {"best_model_path": "/ibex/user/bekeak/meprom-tl/checkpoints_mcmpnn/zeroshot/mcmpnn_combi_v41d_smi7_fold3-epoch=363-val_loss_weighted=0.56.ckpt", "val_rmse_scaled": 0.5563756823539734, "val_mae_scaled": 0.37125855684280396, "val_r2": 0.6878591179847717, "val_rmse": 0.21118122339248657, "val_mae": 0.1409170776605606, "test_rmse": 0.42818757281963415, "test_mae": 0.30336763049365323, "test_r2": 0.11761339104776569, "general_test_rmse": 0.4777169690664797, "general_test_mae": 0.3396740493026389, "general_test_r2": 0.06979006464923987, "target_test_rmse": 0.2750621794830556, "target_test_mae": 0.2162322044904621, "target_test_r2": 0.1715062837765049}, "fold4": {"best_model_path": "/ibex/user/bekeak/meprom-tl/checkpoints_mcmpnn/zeroshot/mcmpnn_combi_v41d_smi7_fold4-epoch=175-val_loss_weighted=0.53.ckpt", "val_rmse_scaled": 0.5344603657722473, "val_mae_scaled": 0.3840727210044861, "val_r2": 0.7151113748550415, "val_rmse": 0.2027588039636612, "val_mae": 0.14570608735084534, "test_rmse": 0.5038658686521523, "test_mae": 0.37999881888878945, "test_r2": -0.22185781974306296, "general_test_rmse": 0.5812056284985337, "general_test_mae": 0.46497309076096843, "general_test_r2": -0.3768900458789488, "target_test_rmse": 0.22907380871648494, "target_test_mae": 0.17606057235602454, "target_test_r2": 0.425383182366215}}