{"fold0": {"best_model_path": "/ibex/user/bekeak/meprom-tl/checkpoints_mcmpnn/zeroshot/mcmpnn_combi_v29b_smi11_fold0-epoch=118-val_loss_weighted=0.52.ckpt", "val_rmse_scaled": 0.5152885913848877, "val_mae_scaled": 0.3844153583049774, "val_r2": 0.721147894859314, "val_rmse": 0.19478611648082733, "val_mae": 0.14531424641609192, "test_rmse": 0.22915176742154386, "test_mae": 0.16770357864502364, "test_r2": 0.6044327080632734, "general_test_rmse": 0.22880700999137685, "general_test_mae": 0.16992504571666683, "general_test_r2": 0.6317989663527748, "target_test_rmse": 0.23053787745142304, "target_test_mae": 0.15873837118438067, "target_test_r2": 0.43680014431290526}, "fold1": {"best_model_path": "/ibex/user/bekeak/meprom-tl/checkpoints_mcmpnn/zeroshot/mcmpnn_combi_v29b_smi11_fold1-epoch=122-val_loss_weighted=0.50.ckpt", "val_rmse_scaled": 0.4978073537349701, "val_mae_scaled": 0.3661770522594452, "val_r2": 0.744025468826294, "val_rmse": 0.1881425976753235, "val_mae": 0.13839390873908997, "test_rmse": 0.24050007423557038, "test_mae": 0.16084156582170495, "test_r2": 0.5642831240250963, "general_test_rmse": 0.22418262971830916, "general_test_mae": 0.14939681185327677, "general_test_r2": 0.6465318636338377, "target_test_rmse": 0.297390014131156, "target_test_mae": 0.20702934526031763, "target_test_r2": 0.06280337214817278}, "fold2": {"best_model_path": "/ibex/user/bekeak/meprom-tl/checkpoints_mcmpnn/zeroshot/mcmpnn_combi_v29b_smi11_fold2-epoch=383-val_loss_weighted=0.48.ckpt", "val_rmse_scaled": 0.4754819869995117, "val_mae_scaled": 0.3372085392475128, "val_r2": 0.7628726959228516, "val_rmse": 0.17895673215389252, "val_mae": 0.1269148737192154, "test_rmse": 0.23032151795014977, "test_mae": 0.1692224695996151, "test_r2": 0.6003838974054845, "general_test_rmse": 0.22600482478081357, "general_test_mae": 0.16871716422610378, "general_test_r2": 0.6407624110909071, "target_test_rmse": 0.24697699767647951, "target_test_mae": 0.17126173664977423, "target_test_r2": 0.3536154489036507}, "fold3": {"best_model_path": "/ibex/user/bekeak/meprom-tl/checkpoints_mcmpnn/zeroshot/mcmpnn_combi_v29b_smi11_fold3-epoch=110-val_loss_weighted=0.47.ckpt", "val_rmse_scaled": 0.47104814648628235, "val_mae_scaled": 0.3456655442714691, "val_r2": 0.7689361572265625, "val_rmse": 0.17830519378185272, "val_mae": 0.13084429502487183, "test_rmse": 0.23721717148722693, "test_mae": 0.1682026558900455, "test_r2": 0.5760972851297939, "general_test_rmse": 0.2264651631446353, "general_test_mae": 0.16058153653351803, "general_test_r2": 0.6392974931448092, "target_test_rmse": 0.27639121430442226, "target_test_mae": 0.1989593140215797, "target_test_r2": 0.1904821637747509}, "fold4": {"best_model_path": "/ibex/user/bekeak/meprom-tl/checkpoints_mcmpnn/zeroshot/mcmpnn_combi_v29b_smi11_fold4-epoch=858-val_loss_weighted=0.59.ckpt", "val_rmse_scaled": 0.5859646797180176, "val_mae_scaled": 0.3955467939376831, "val_r2": 0.6236213445663452, "val_rmse": 0.2221207171678543, "val_mae": 0.14993929862976074, "test_rmse": 0.2282656121900072, "test_mae": 0.15354792568983036, "test_r2": 0.6074861974793653, "general_test_rmse": 0.20717391575939326, "general_test_mae": 0.14153478247232945, "general_test_r2": 0.6981324006760378, "target_test_rmse": 0.2986131629722281, "target_test_mae": 0.20202950958670804, "target_test_r2": 0.05507824142502171}}