{"fold0": {"best_model_path": "/ibex/user/bekeak/meprom-tl/checkpoints_mcmpnn/zeroshot/mcmpnn_combi_v29b_smi5_fold0-epoch=184-val_loss_weighted=0.51.ckpt", "val_rmse_scaled": 0.5140203237533569, "val_mae_scaled": 0.36007770895957947, "val_r2": 0.7247927188873291, "val_rmse": 0.19430668652057648, "val_mae": 0.13611428439617157, "test_rmse": 0.19449383918929739, "test_mae": 0.1336167607600038, "test_r2": 0.7150388532367322, "general_test_rmse": 0.1921044446415038, "general_test_mae": 0.1343174560677335, "general_test_r2": 0.7404499136060185, "target_test_rmse": 0.20385234123444326, "target_test_mae": 0.13078894298861093, "target_test_r2": 0.5596384805693324}, "fold1": {"best_model_path": "/ibex/user/bekeak/meprom-tl/checkpoints_mcmpnn/zeroshot/mcmpnn_combi_v29b_smi5_fold1-epoch=582-val_loss_weighted=0.51.ckpt", "val_rmse_scaled": 0.5050626397132874, "val_mae_scaled": 0.35867542028427124, "val_r2": 0.737679660320282, "val_rmse": 0.19088467955589294, "val_mae": 0.13555872440338135, "test_rmse": 0.2228213053723263, "test_mae": 0.14749650752044546, "test_r2": 0.6259864124828257, "general_test_rmse": 0.20001265903741772, "general_test_mae": 0.13371992490585813, "general_test_r2": 0.7186406715574868, "target_test_rmse": 0.29760851803759736, "target_test_mae": 0.20309480450365716, "target_test_r2": 0.061425677236792264}, "fold2": {"best_model_path": "/ibex/user/bekeak/meprom-tl/checkpoints_mcmpnn/zeroshot/mcmpnn_combi_v29b_smi5_fold2-epoch=973-val_loss_weighted=0.48.ckpt", "val_rmse_scaled": 0.4768007695674896, "val_mae_scaled": 0.32590144872665405, "val_r2": 0.7711982727050781, "val_rmse": 0.17945308983325958, "val_mae": 0.12265924364328384, "test_rmse": 0.26079556228122597, "test_mae": 0.18436151783380342, "test_r2": 0.4876410276801124, "general_test_rmse": 0.2711689418284017, "general_test_mae": 0.19478684466914908, "general_test_r2": 0.48283843096578116, "target_test_rmse": 0.21387883426131282, "target_test_mae": 0.1422878795198958, "target_test_r2": 0.5152547402504832}, "fold3": {"best_model_path": "/ibex/user/bekeak/meprom-tl/checkpoints_mcmpnn/zeroshot/mcmpnn_combi_v29b_smi5_fold3-epoch=298-val_loss_weighted=0.48.ckpt", "val_rmse_scaled": 0.47800520062446594, "val_mae_scaled": 0.33707496523857117, "val_r2": 0.7600558996200562, "val_rmse": 0.18093863129615784, "val_mae": 0.1275925189256668, "test_rmse": 0.24503359425939428, "test_mae": 0.1834791820745144, "test_r2": 0.5477014321552116, "general_test_rmse": 0.23100882673423564, "general_test_mae": 0.1798968607700171, "general_test_r2": 0.6246784506850631, "target_test_rmse": 0.29493294569535117, "target_test_mae": 0.19793639350230025, "target_test_r2": 0.07822583647421022}, "fold4": {"best_model_path": "/ibex/user/bekeak/meprom-tl/checkpoints_mcmpnn/zeroshot/mcmpnn_combi_v29b_smi5_fold4-epoch=341-val_loss_weighted=0.60.ckpt", "val_rmse_scaled": 0.6015694737434387, "val_mae_scaled": 0.3983961045742035, "val_r2": 0.6081179976463318, "val_rmse": 0.22803600132465363, "val_mae": 0.1510193943977356, "test_rmse": 0.21839545599211957, "test_mae": 0.15644621070799652, "test_r2": 0.6406967481948498, "general_test_rmse": 0.21406538384119816, "general_test_mae": 0.1549603150603076, "general_test_r2": 0.6777156332012457, "target_test_rmse": 0.2350612767547682, "target_test_mae": 0.1624428631291929, "target_test_r2": 0.4144821550792346}}