{"fold0": {"best_model_path": "/ibex/user/bekeak/meprom-tl/checkpoints_mcmpnn/zeroshot/mcmpnn_combi_v41b_smi0_fold0-epoch=180-val_loss_weighted=0.56.ckpt", "val_rmse_scaled": 0.5643374919891357, "val_mae_scaled": 0.38512542843818665, "val_r2": 0.6699315905570984, "val_rmse": 0.21454329788684845, "val_mae": 0.14641253650188446, "test_rmse": 0.47133472425496437, "test_mae": 0.3306573515059705, "test_r2": -0.06917713843057616, "general_test_rmse": 0.5318875701026206, "general_test_mae": 0.38146874602903, "general_test_r2": -0.1531327850159856, "target_test_rmse": 0.27633548670726393, "target_test_mae": 0.20871000018027916, "target_test_r2": 0.16381806760793216}, "fold1": {"best_model_path": "/ibex/user/bekeak/meprom-tl/checkpoints_mcmpnn/zeroshot/mcmpnn_combi_v41b_smi0_fold1-epoch=98-val_loss_weighted=0.51.ckpt", "val_rmse_scaled": 0.5083585977554321, "val_mae_scaled": 0.3455475866794586, "val_r2": 0.6993646025657654, "val_rmse": 0.1943264752626419, "val_mae": 0.13208991289138794, "test_rmse": 0.4676306635237411, "test_mae": 0.341603217936313, "test_r2": -0.05243856378144396, "general_test_rmse": 0.5366809612350467, "general_test_mae": 0.40738343725625886, "general_test_r2": -0.17401059236716643, "target_test_rmse": 0.22856774687770293, "target_test_mae": 0.18373070199925573, "target_test_r2": 0.4279192247151431}, "fold2": {"best_model_path": "/ibex/user/bekeak/meprom-tl/checkpoints_mcmpnn/zeroshot/mcmpnn_combi_v41b_smi0_fold2-epoch=396-val_loss_weighted=0.51.ckpt", "val_rmse_scaled": 0.5064219236373901, "val_mae_scaled": 0.3492029905319214, "val_r2": 0.7097240686416626, "val_rmse": 0.1944376528263092, "val_mae": 0.1340743899345398, "test_rmse": 0.4704273396415929, "test_mae": 0.35657575082002335, "test_r2": -0.06506447287357076, "general_test_rmse": 0.5252235821740463, "general_test_mae": 0.4066664591020186, "general_test_r2": -0.12441873228186129, "target_test_rmse": 0.30060415054240647, "target_test_mae": 0.23635805615864144, "target_test_r2": 0.010496340689335582}, "fold3": {"best_model_path": "/ibex/user/bekeak/meprom-tl/checkpoints_mcmpnn/zeroshot/mcmpnn_combi_v41b_smi0_fold3-epoch=180-val_loss_weighted=0.56.ckpt", "val_rmse_scaled": 0.5628421902656555, "val_mae_scaled": 0.3976368010044098, "val_r2": 0.6802548170089722, "val_rmse": 0.21363568305969238, "val_mae": 0.15092936158180237, "test_rmse": 0.47569200607733536, "test_mae": 0.3652941198805393, "test_r2": -0.08903665529555149, "general_test_rmse": 0.5404340413324443, "general_test_mae": 0.4312809051733055, "general_test_r2": -0.19048802502955264, "target_test_rmse": 0.2615269165975955, "target_test_mae": 0.20692583443284224, "target_test_r2": 0.2510372021645447}, "fold4": {"best_model_path": "/ibex/user/bekeak/meprom-tl/checkpoints_mcmpnn/zeroshot/mcmpnn_combi_v41b_smi0_fold4-epoch=138-val_loss_weighted=0.54.ckpt", "val_rmse_scaled": 0.5357860326766968, "val_mae_scaled": 0.3785701394081116, "val_r2": 0.7147839665412903, "val_rmse": 0.20326171815395355, "val_mae": 0.14361856877803802, "test_rmse": 0.5121879167372294, "test_mae": 0.37204848971061, "test_r2": -0.26255250653121, "general_test_rmse": 0.5885274331715729, "general_test_mae": 0.44971811040807735, "general_test_r2": -0.4117996192484408, "target_test_rmse": 0.24631090512849146, "target_test_mae": 0.18564139407622413, "target_test_r2": 0.33565336524039957}}