{"fold0": {"best_model_path": "/ibex/user/bekeak/meprom-tl/checkpoints_mcmpnn/zeroshot/mcmpnn_combi_v34b_smi5_fold0-epoch=346-val_loss_weighted=0.54.ckpt", "val_rmse_scaled": 0.5368673205375671, "val_mae_scaled": 0.3790229856967926, "val_r2": 0.7007706165313721, "val_rmse": 0.20410001277923584, "val_mae": 0.14409257471561432, "test_rmse": 0.42763372250384296, "test_mae": 0.3208120246006555, "test_r2": 0.11989460641058902, "general_test_rmse": 0.4846871232032466, "general_test_mae": 0.37179721500992785, "general_test_r2": 0.04244748533869569, "target_test_rmse": 0.24072426380198492, "target_test_mae": 0.19844756240299527, "target_test_r2": 0.36544803469542475}, "fold1": {"best_model_path": "/ibex/user/bekeak/meprom-tl/checkpoints_mcmpnn/zeroshot/mcmpnn_combi_v34b_smi5_fold1-epoch=230-val_loss_weighted=0.55.ckpt", "val_rmse_scaled": 0.5463725924491882, "val_mae_scaled": 0.3594093322753906, "val_r2": 0.6655229926109314, "val_rmse": 0.20885780453681946, "val_mae": 0.13738873600959778, "test_rmse": 0.4937181992992149, "test_mae": 0.3491984004024248, "test_r2": -0.17313789556902326, "general_test_rmse": 0.5662140394886667, "general_test_mae": 0.41875046792243037, "general_test_r2": -0.3067752627749243, "target_test_rmse": 0.24359810417526642, "target_test_mae": 0.18227344058958547, "target_test_r2": 0.35020664287817427}, "fold2": {"best_model_path": "/ibex/user/bekeak/meprom-tl/checkpoints_mcmpnn/zeroshot/mcmpnn_combi_v34b_smi5_fold2-epoch=568-val_loss_weighted=0.50.ckpt", "val_rmse_scaled": 0.49994128942489624, "val_mae_scaled": 0.35023218393325806, "val_r2": 0.7175799012184143, "val_rmse": 0.19194944202899933, "val_mae": 0.13446953892707825, "test_rmse": 0.4223800563573037, "test_mae": 0.2945783972418591, "test_r2": 0.14138672500142235, "general_test_rmse": 0.4631616043873392, "general_test_mae": 0.32470541471165393, "general_test_r2": 0.1256108968531885, "target_test_rmse": 0.30287273583521934, "target_test_mae": 0.2222735657451645, "target_test_r2": -0.004495094525893029}, "fold3": {"best_model_path": "/ibex/user/bekeak/meprom-tl/checkpoints_mcmpnn/zeroshot/mcmpnn_combi_v34b_smi5_fold3-epoch=122-val_loss_weighted=0.57.ckpt", "val_rmse_scaled": 0.5682168006896973, "val_mae_scaled": 0.4119033217430115, "val_r2": 0.6743916273117065, "val_rmse": 0.2156756967306137, "val_mae": 0.1563444435596466, "test_rmse": 0.45428669128914984, "test_mae": 0.3182721051196624, "test_r2": 0.006767734848511564, "general_test_rmse": 0.5227649059162034, "general_test_mae": 0.3807323016107882, "general_test_r2": -0.113916116040919, "target_test_rmse": 0.21400978976107296, "target_test_mae": 0.16836763056072845, "target_test_r2": 0.4984725133755964}, "fold4": {"best_model_path": "/ibex/user/bekeak/meprom-tl/checkpoints_mcmpnn/zeroshot/mcmpnn_combi_v34b_smi5_fold4-epoch=338-val_loss_weighted=0.54.ckpt", "val_rmse_scaled": 0.5443200469017029, "val_mae_scaled": 0.38285356760025024, "val_r2": 0.7051101922988892, "val_rmse": 0.20649927854537964, "val_mae": 0.1452435702085495, "test_rmse": 0.4562935582613781, "test_mae": 0.3417921842697724, "test_r2": -0.0020270982693639805, "general_test_rmse": 0.5208772036270747, "general_test_mae": 0.40685344501674264, "general_test_r2": -0.1058859461450401, "target_test_rmse": 0.23820497020426382, "target_test_mae": 0.18564515773198623, "target_test_r2": 0.3786603092379378}}