{"fold0": {"best_model_path": "/ibex/user/bekeak/meprom-tl/checkpoints_mcmpnn/zeroshot/mcmpnn_combi_v31b_smi0_fold0-epoch=493-val_loss_weighted=0.54.ckpt", "val_rmse_scaled": 0.5401943922042847, "val_mae_scaled": 0.35933512449264526, "val_r2": 0.7057971954345703, "val_rmse": 0.20547077059745789, "val_mae": 0.1366783231496811, "test_rmse": 0.22927803637630828, "test_mae": 0.1522245244886086, "test_r2": 0.7106806838942185, "general_test_rmse": 0.22719740084538825, "general_test_mae": 0.15062241605929746, "general_test_r2": 0.7404463039724976, "target_test_rmse": 0.2380176298275495, "target_test_mae": 0.15911361159627227, "target_test_r2": 0.2742121450327517}, "fold1": {"best_model_path": "/ibex/user/bekeak/meprom-tl/checkpoints_mcmpnn/zeroshot/mcmpnn_combi_v31b_smi0_fold1-epoch=709-val_loss_weighted=0.56.ckpt", "val_rmse_scaled": 0.5594194531440735, "val_mae_scaled": 0.3841992914676666, "val_r2": 0.6962669491767883, "val_rmse": 0.21224407851696014, "val_mae": 0.14576543867588043, "test_rmse": 0.25298469366087645, "test_mae": 0.1811563011448727, "test_r2": 0.6477581006037748, "general_test_rmse": 0.23254681354046342, "general_test_mae": 0.1628083921907015, "general_test_r2": 0.7280799157371225, "target_test_rmse": 0.3266055245444246, "target_test_mae": 0.26005233945013123, "target_test_r2": -0.3665908147734014}, "fold2": {"best_model_path": "/ibex/user/bekeak/meprom-tl/checkpoints_mcmpnn/zeroshot/mcmpnn_combi_v31b_smi0_fold2-epoch=388-val_loss_weighted=0.56.ckpt", "val_rmse_scaled": 0.5601074695587158, "val_mae_scaled": 0.35861802101135254, "val_r2": 0.6547382473945618, "val_rmse": 0.21463072299957275, "val_mae": 0.13742084801197052, "test_rmse": 0.25586925653668996, "test_mae": 0.17294857578980735, "test_r2": 0.6396796944765063, "general_test_rmse": 0.2549384824908681, "general_test_mae": 0.16951841242944254, "general_test_r2": 0.6731930431767099, "target_test_rmse": 0.25983356404211183, "target_test_mae": 0.18769827625255434, "target_test_r2": 0.13506803976830972}, "fold3": {"best_model_path": "/ibex/user/bekeak/meprom-tl/checkpoints_mcmpnn/zeroshot/mcmpnn_combi_v31b_smi0_fold3-epoch=341-val_loss_weighted=0.53.ckpt", "val_rmse_scaled": 0.5336016416549683, "val_mae_scaled": 0.3754977583885193, "val_r2": 0.6844109296798706, "val_rmse": 0.20548498630523682, "val_mae": 0.14460065960884094, "test_rmse": 0.31156435451175774, "test_mae": 0.21796974148391668, "test_r2": 0.46574566755228797, "general_test_rmse": 0.28405900621314906, "general_test_mae": 0.19694839770688954, "general_test_r2": 0.5942695274230894, "target_test_rmse": 0.4092902801533344, "target_test_mae": 0.3083615415801697, "target_test_r2": -1.1461215055249214}, "fold4": {"best_model_path": "/ibex/user/bekeak/meprom-tl/checkpoints_mcmpnn/zeroshot/mcmpnn_combi_v31b_smi0_fold4-epoch=169-val_loss_weighted=0.50.ckpt", "val_rmse_scaled": 0.49684786796569824, "val_mae_scaled": 0.35056060552597046, "val_r2": 0.726977527141571, "val_rmse": 0.1911080926656723, "val_mae": 0.1348399966955185, "test_rmse": 0.2874246261946878, "test_mae": 0.20275992938639956, "test_r2": 0.5453256306777017, "general_test_rmse": 0.277146714631901, "general_test_mae": 0.1979872952361017, "general_test_r2": 0.6137753666085597, "target_test_rmse": 0.3279697632506394, "target_test_mae": 0.22328227312066298, "target_test_r2": -0.37803122023848346}}