{"fold0": {"best_model_path": "/ibex/user/bekeak/meprom-tl/checkpoints_mcmpnn/zeroshot/mcmpnn_combi_v41b_smi2_fold0-epoch=364-val_loss_weighted=0.58.ckpt", "val_rmse_scaled": 0.5780271291732788, "val_mae_scaled": 0.3908161222934723, "val_r2": 0.6486986875534058, "val_rmse": 0.21974767744541168, "val_mae": 0.14857596158981323, "test_rmse": 0.49318331416747196, "test_mae": 0.3518268972139142, "test_r2": -0.17059736086307487, "general_test_rmse": 0.5651445055908252, "general_test_mae": 0.4172123652274237, "general_test_r2": -0.30184313348653724, "target_test_rmse": 0.24586443139487296, "target_test_mae": 0.19490179558817516, "target_test_r2": 0.3380596289440284}, "fold1": {"best_model_path": "/ibex/user/bekeak/meprom-tl/checkpoints_mcmpnn/zeroshot/mcmpnn_combi_v41b_smi2_fold1-epoch=111-val_loss_weighted=0.51.ckpt", "val_rmse_scaled": 0.5120161771774292, "val_mae_scaled": 0.3442070186138153, "val_r2": 0.7014531493186951, "val_rmse": 0.19572462141513824, "val_mae": 0.13157746195793152, "test_rmse": 0.4592143553128623, "test_mae": 0.36394576907262605, "test_r2": -0.014896379021034134, "general_test_rmse": 0.5242449059981266, "general_test_mae": 0.4346498075984715, "general_test_r2": -0.1202322615773237, "target_test_rmse": 0.23955386690430372, "target_test_mae": 0.19425605649402922, "target_test_r2": 0.3716033943375108}, "fold2": {"best_model_path": "/ibex/user/bekeak/meprom-tl/checkpoints_mcmpnn/zeroshot/mcmpnn_combi_v41b_smi2_fold2-epoch=383-val_loss_weighted=0.51.ckpt", "val_rmse_scaled": 0.5062691569328308, "val_mae_scaled": 0.35016292333602905, "val_r2": 0.7100709676742554, "val_rmse": 0.19437898695468903, "val_mae": 0.13444294035434723, "test_rmse": 0.4546062735402659, "test_mae": 0.33345944812873585, "test_r2": 0.005369802403671797, "general_test_rmse": 0.5143221673845059, "general_test_mae": 0.3914423746682479, "general_test_r2": -0.07822680222767797, "target_test_rmse": 0.260387848738441, "target_test_mae": 0.19430042219873273, "target_test_r2": 0.2575471369850314}, "fold3": {"best_model_path": "/ibex/user/bekeak/meprom-tl/checkpoints_mcmpnn/zeroshot/mcmpnn_combi_v41b_smi2_fold3-epoch=267-val_loss_weighted=0.55.ckpt", "val_rmse_scaled": 0.5532737970352173, "val_mae_scaled": 0.38270634412765503, "val_r2": 0.6906630396842957, "val_rmse": 0.21000385284423828, "val_mae": 0.14526227116584778, "test_rmse": 0.44884602451286204, "test_mae": 0.3246028654679388, "test_r2": 0.030415739032584876, "general_test_rmse": 0.5149461480336757, "general_test_mae": 0.3887825859977478, "general_test_r2": -0.08084461970470747, "target_test_rmse": 0.2203780426619869, "target_test_mae": 0.17057152204029427, "target_test_r2": 0.4681806901994733}, "fold4": {"best_model_path": "/ibex/user/bekeak/meprom-tl/checkpoints_mcmpnn/zeroshot/mcmpnn_combi_v41b_smi2_fold4-epoch=216-val_loss_weighted=0.53.ckpt", "val_rmse_scaled": 0.5252009034156799, "val_mae_scaled": 0.3702688217163086, "val_r2": 0.7243369817733765, "val_rmse": 0.19924603402614594, "val_mae": 0.1404692828655243, "test_rmse": 0.49348996268475775, "test_mae": 0.3639828657435875, "test_r2": -0.17205350721400903, "general_test_rmse": 0.5643372327808247, "general_test_mae": 0.43414415322563255, "general_test_r2": -0.2981265903652137, "target_test_rmse": 0.25232189594583276, "target_test_mae": 0.19559577206138917, "target_test_r2": 0.3028321718931948}}