{"fold0": {"best_model_path": "/ibex/user/bekeak/meprom-tl/checkpoints_mcmpnn/zeroshot/mcmpnn_combi_v37b_smi11_fold0-epoch=353-val_loss_weighted=0.56.ckpt", "val_rmse_scaled": 0.5579477548599243, "val_mae_scaled": 0.3846684396266937, "val_r2": 0.6706090569496155, "val_rmse": 0.2121141254901886, "val_mae": 0.1462388038635254, "test_rmse": 0.41291321459561964, "test_mae": 0.2936329153358216, "test_r2": 0.17944375494361542, "general_test_rmse": 0.4647109677955905, "general_test_mae": 0.33423783342727137, "general_test_r2": 0.11975111741511513, "target_test_rmse": 0.24778177188751538, "target_test_mae": 0.19618110297564545, "target_test_r2": 0.32769526858532383}, "fold1": {"best_model_path": "/ibex/user/bekeak/meprom-tl/checkpoints_mcmpnn/zeroshot/mcmpnn_combi_v37b_smi11_fold1-epoch=378-val_loss_weighted=0.53.ckpt", "val_rmse_scaled": 0.5344377756118774, "val_mae_scaled": 0.35572391748428345, "val_r2": 0.6794350743293762, "val_rmse": 0.2042955607175827, "val_mae": 0.13597995042800903, "test_rmse": 0.4408824536520505, "test_mae": 0.30282765316282034, "test_r2": 0.0645158766435141, "general_test_rmse": 0.5003251330317965, "general_test_mae": 0.3568797056404612, "general_test_r2": -0.0203385056644394, "target_test_rmse": 0.24515784957158182, "target_test_mae": 0.17310272349119224, "target_test_r2": 0.34185881987294475}, "fold2": {"best_model_path": "/ibex/user/bekeak/meprom-tl/checkpoints_mcmpnn/zeroshot/mcmpnn_combi_v37b_smi11_fold2-epoch=709-val_loss_weighted=0.51.ckpt", "val_rmse_scaled": 0.5098575949668884, "val_mae_scaled": 0.3549913167953491, "val_r2": 0.7057884931564331, "val_rmse": 0.19575674831867218, "val_mae": 0.13629677891731262, "test_rmse": 0.42126661668223275, "test_mae": 0.2778245964908937, "test_r2": 0.14590755401835243, "general_test_rmse": 0.4726991530295326, "general_test_mae": 0.31568828982350955, "general_test_r2": 0.08922880717013781, "target_test_rmse": 0.25906779443984074, "target_test_mae": 0.18695172578709335, "target_test_r2": 0.2650558883423464}, "fold3": {"best_model_path": "/ibex/user/bekeak/meprom-tl/checkpoints_mcmpnn/zeroshot/mcmpnn_combi_v37b_smi11_fold3-epoch=230-val_loss_weighted=0.54.ckpt", "val_rmse_scaled": 0.5381884574890137, "val_mae_scaled": 0.3861381411552429, "val_r2": 0.707339882850647, "val_rmse": 0.20427796244621277, "val_mae": 0.14656485617160797, "test_rmse": 0.4435066767289525, "test_mae": 0.31066833894463447, "test_r2": 0.05334634564602503, "general_test_rmse": 0.5077890592697536, "general_test_mae": 0.3704260614722257, "general_test_r2": -0.051008712516984245, "target_test_rmse": 0.22346013290078132, "target_test_mae": 0.16724977358597717, "target_test_r2": 0.45320118516197405}, "fold4": {"best_model_path": "/ibex/user/bekeak/meprom-tl/checkpoints_mcmpnn/zeroshot/mcmpnn_combi_v37b_smi11_fold4-epoch=183-val_loss_weighted=0.57.ckpt", "val_rmse_scaled": 0.5659245252609253, "val_mae_scaled": 0.3943724036216736, "val_r2": 0.6823831796646118, "val_rmse": 0.21469539403915405, "val_mae": 0.14961348474025726, "test_rmse": 0.48225289493453405, "test_mae": 0.34998561396751954, "test_r2": -0.11928446987240204, "general_test_rmse": 0.5510298610515562, "general_test_mae": 0.41902196514365847, "general_test_r2": -0.23762737340808537, "target_test_rmse": 0.24901673671360314, "target_test_mae": 0.18429837636019247, "target_test_r2": 0.32097692313778947}}