{"fold0": {"best_model_path": "/ibex/user/bekeak/meprom-tl/checkpoints_mcmpnn/zeroshot/mcmpnn_combi_v34b_smi0_fold0-epoch=530-val_loss_weighted=0.57.ckpt", "val_rmse_scaled": 0.5676277279853821, "val_mae_scaled": 0.39093688130378723, "val_r2": 0.6565826535224915, "val_rmse": 0.2157941460609436, "val_mae": 0.14862185716629028, "test_rmse": 0.4257127424950112, "test_mae": 0.3010002619195141, "test_r2": 0.1277839165710417, "general_test_rmse": 0.47948576835273926, "general_test_mae": 0.3464919668181739, "general_test_r2": 0.06288890421660354, "target_test_rmse": 0.25379267225159474, "target_test_mae": 0.19182016867261467, "target_test_r2": 0.2946809461225366}, "fold1": {"best_model_path": "/ibex/user/bekeak/meprom-tl/checkpoints_mcmpnn/zeroshot/mcmpnn_combi_v34b_smi0_fold1-epoch=461-val_loss_weighted=0.54.ckpt", "val_rmse_scaled": 0.5431488752365112, "val_mae_scaled": 0.3673247992992401, "val_r2": 0.6745833158493042, "val_rmse": 0.20762549340724945, "val_mae": 0.1404145210981369, "test_rmse": 0.45303686521337116, "test_mae": 0.3152210437485987, "test_r2": 0.012225345617294714, "general_test_rmse": 0.5122031442468681, "general_test_mae": 0.3565324388570084, "general_test_r2": -0.06936044962347743, "target_test_rmse": 0.261111478877544, "target_test_mae": 0.2160736701564415, "target_test_r2": 0.2534147797465717}, "fold2": {"best_model_path": "/ibex/user/bekeak/meprom-tl/checkpoints_mcmpnn/zeroshot/mcmpnn_combi_v34b_smi0_fold2-epoch=1470-val_loss_weighted=0.53.ckpt", "val_rmse_scaled": 0.5286818146705627, "val_mae_scaled": 0.3680874705314636, "val_r2": 0.6861180067062378, "val_rmse": 0.20298419892787933, "val_mae": 0.1413249671459198, "test_rmse": 0.47089202194181307, "test_mae": 0.32616742161668116, "test_r2": -0.06716962707555063, "general_test_rmse": 0.5291124765483403, "general_test_mae": 0.3720005932817627, "general_test_r2": -0.1411313640611711, "target_test_rmse": 0.2863731441827576, "target_test_mae": 0.21616780515013695, "target_test_r2": 0.10196754018737486}, "fold3": {"best_model_path": "/ibex/user/bekeak/meprom-tl/checkpoints_mcmpnn/zeroshot/mcmpnn_combi_v34b_smi0_fold3-epoch=309-val_loss_weighted=0.52.ckpt", "val_rmse_scaled": 0.5223714113235474, "val_mae_scaled": 0.36473530530929565, "val_r2": 0.7255118489265442, "val_rmse": 0.19827435910701752, "val_mae": 0.1384410709142685, "test_rmse": 0.47147521920812285, "test_mae": 0.3356579907156076, "test_r2": -0.0698146317959667, "general_test_rmse": 0.5311318727384563, "general_test_mae": 0.38664753545689506, "general_test_r2": -0.1498584074755851, "target_test_rmse": 0.28060585859246884, "target_test_mae": 0.21328308780686606, "target_test_r2": 0.13777437169541518}, "fold4": {"best_model_path": "/ibex/user/bekeak/meprom-tl/checkpoints_mcmpnn/zeroshot/mcmpnn_combi_v34b_smi0_fold4-epoch=471-val_loss_weighted=0.57.ckpt", "val_rmse_scaled": 0.5679458379745483, "val_mae_scaled": 0.398892343044281, "val_r2": 0.6790933012962341, "val_rmse": 0.21546222269535065, "val_mae": 0.1513282209634781, "test_rmse": 0.5059681065450208, "test_mae": 0.3659055630333093, "test_r2": -0.23207480176894357, "general_test_rmse": 0.5826892114077036, "general_test_mae": 0.447478112350608, "general_test_r2": -0.3839283041890529, "target_test_rmse": 0.23568739201911282, "target_test_mae": 0.170131454357547, "target_test_r2": 0.3917247292756988}}