{"fold0": {"best_model_path": "/ibex/user/bekeak/meprom-tl/checkpoints_mcmpnn/zeroshot/mcmpnn_combi_v34b_smi10_fold0-epoch=377-val_loss_weighted=0.55.ckpt", "val_rmse_scaled": 0.5516069531440735, "val_mae_scaled": 0.3857945203781128, "val_r2": 0.6820290684700012, "val_rmse": 0.20970354974269867, "val_mae": 0.14666689932346344, "test_rmse": 0.435342202469846, "test_mae": 0.3131096018632345, "test_r2": 0.08787925896769044, "general_test_rmse": 0.4961767282631262, "general_test_mae": 0.3725858942702114, "general_test_r2": -0.0034885455795135023, "target_test_rmse": 0.23134042534709384, "target_test_mae": 0.17036648742050287, "target_test_r2": 0.4139556023266441}, "fold1": {"best_model_path": "/ibex/user/bekeak/meprom-tl/checkpoints_mcmpnn/zeroshot/mcmpnn_combi_v34b_smi10_fold1-epoch=85-val_loss_weighted=0.55.ckpt", "val_rmse_scaled": 0.5450876951217651, "val_mae_scaled": 0.363907128572464, "val_r2": 0.6642346382141113, "val_rmse": 0.20836663246154785, "val_mae": 0.1391080766916275, "test_rmse": 0.4617143424414142, "test_mae": 0.32761017487894944, "test_r2": -0.025976756870845108, "general_test_rmse": 0.5304248809952095, "general_test_mae": 0.394021192313424, "general_test_r2": -0.1467992826608624, "target_test_rmse": 0.22264572828735862, "target_test_mae": 0.1682237226053978, "target_test_r2": 0.45717955921353404}, "fold2": {"best_model_path": "/ibex/user/bekeak/meprom-tl/checkpoints_mcmpnn/zeroshot/mcmpnn_combi_v34b_smi10_fold2-epoch=916-val_loss_weighted=0.53.ckpt", "val_rmse_scaled": 0.5312575101852417, "val_mae_scaled": 0.3681371212005615, "val_r2": 0.6810804605484009, "val_rmse": 0.20397311449050903, "val_mae": 0.14134402573108673, "test_rmse": 0.42746844599623085, "test_mae": 0.29416992038965617, "test_r2": 0.12057478025333501, "general_test_rmse": 0.4780619244940747, "general_test_mae": 0.3301948804378627, "general_test_r2": 0.0684461859950648, "target_test_rmse": 0.2697699605851341, "target_test_mae": 0.20771000509808962, "target_test_r2": 0.20308016547660013}, "fold3": {"best_model_path": "/ibex/user/bekeak/meprom-tl/checkpoints_mcmpnn/zeroshot/mcmpnn_combi_v34b_smi10_fold3-epoch=249-val_loss_weighted=0.57.ckpt", "val_rmse_scaled": 0.5687177181243896, "val_mae_scaled": 0.42397981882095337, "val_r2": 0.674764096736908, "val_rmse": 0.2158658355474472, "val_mae": 0.16092826426029205, "test_rmse": 0.46138359707004195, "test_mae": 0.34702934660779894, "test_r2": -0.02450738288093146, "general_test_rmse": 0.522051309402752, "general_test_mae": 0.40972279767686764, "general_test_r2": -0.110877105118387, "target_test_rmse": 0.2639777243743795, "target_test_mae": 0.19656506627720835, "target_test_r2": 0.23693414505000798}, "fold4": {"best_model_path": "/ibex/user/bekeak/meprom-tl/checkpoints_mcmpnn/zeroshot/mcmpnn_combi_v34b_smi10_fold4-epoch=409-val_loss_weighted=0.57.ckpt", "val_rmse_scaled": 0.5689823031425476, "val_mae_scaled": 0.4007004201412201, "val_r2": 0.6796213984489441, "val_rmse": 0.2158554345369339, "val_mae": 0.15201415121555328, "test_rmse": 0.46809094971923804, "test_mae": 0.3431025798271445, "test_r2": -0.054511401974881135, "general_test_rmse": 0.5357503096326284, "general_test_mae": 0.4131860174625291, "general_test_r2": -0.16994244912932688, "target_test_rmse": 0.23686055405708026, "target_test_mae": 0.17490232652198942, "target_test_r2": 0.38565413315127894}}