{"fold0": {"best_model_path": "/ibex/user/bekeak/meprom-tl/checkpoints_mcmpnn/zeroshot/mcmpnn_combi_v31b_smi2_fold0-epoch=1017-val_loss_weighted=0.53.ckpt", "val_rmse_scaled": 0.5290287137031555, "val_mae_scaled": 0.35073167085647583, "val_r2": 0.7176172137260437, "val_rmse": 0.20122374594211578, "val_mae": 0.1334058791399002, "test_rmse": 0.25143294431001684, "test_mae": 0.16936517321665215, "test_r2": 0.6520659881625314, "general_test_rmse": 0.23397707775380208, "general_test_mae": 0.1586175567866683, "general_test_r2": 0.7247247756197385, "target_test_rmse": 0.3156794682693171, "target_test_mae": 0.21557997552294159, "target_test_r2": -0.2766860618193532}, "fold1": {"best_model_path": "/ibex/user/bekeak/meprom-tl/checkpoints_mcmpnn/zeroshot/mcmpnn_combi_v31b_smi2_fold1-epoch=306-val_loss_weighted=0.56.ckpt", "val_rmse_scaled": 0.5640621185302734, "val_mae_scaled": 0.3969998061656952, "val_r2": 0.6918283700942993, "val_rmse": 0.2140055149793625, "val_mae": 0.15062196552753448, "test_rmse": 0.2760475472514819, "test_mae": 0.20332800843191615, "test_r2": 0.5806078396474075, "general_test_rmse": 0.28008004098690303, "general_test_mae": 0.20412252306049258, "general_test_r2": 0.6055564827090756, "target_test_rmse": 0.25799056701014383, "target_test_mae": 0.1999115488387324, "target_test_r2": 0.1472944331532694}, "fold2": {"best_model_path": "/ibex/user/bekeak/meprom-tl/checkpoints_mcmpnn/zeroshot/mcmpnn_combi_v31b_smi2_fold2-epoch=842-val_loss_weighted=0.56.ckpt", "val_rmse_scaled": 0.5570781230926514, "val_mae_scaled": 0.3562076687812805, "val_r2": 0.6629078984260559, "val_rmse": 0.21346989274024963, "val_mae": 0.13649721443653107, "test_rmse": 0.2978281826937123, "test_mae": 0.19967760166689355, "test_r2": 0.5118153658964402, "general_test_rmse": 0.2820481999807421, "general_test_mae": 0.18986634397196026, "general_test_r2": 0.5999933927374381, "target_test_rmse": 0.3578386840905782, "target_test_mae": 0.2418660286299108, "target_test_r2": -0.6404614171482288}, "fold3": {"best_model_path": "/ibex/user/bekeak/meprom-tl/checkpoints_mcmpnn/zeroshot/mcmpnn_combi_v31b_smi2_fold3-epoch=47-val_loss_weighted=0.55.ckpt", "val_rmse_scaled": 0.5482336282730103, "val_mae_scaled": 0.4144119322299957, "val_r2": 0.6649478077888489, "val_rmse": 0.2111196219921112, "val_mae": 0.15958614647388458, "test_rmse": 0.2963268098764709, "test_mae": 0.21874591672048105, "test_r2": 0.5167249061137832, "general_test_rmse": 0.27130623773350393, "general_test_mae": 0.19954805326649946, "general_test_r2": 0.629882126675001, "target_test_rmse": 0.3858501762925285, "target_test_mae": 0.30129675639469194, "target_test_r2": -0.9073432215843202}, "fold4": {"best_model_path": "/ibex/user/bekeak/meprom-tl/checkpoints_mcmpnn/zeroshot/mcmpnn_combi_v31b_smi2_fold4-epoch=114-val_loss_weighted=0.49.ckpt", "val_rmse_scaled": 0.4870455861091614, "val_mae_scaled": 0.3373735547065735, "val_r2": 0.7342559695243835, "val_rmse": 0.187337726354599, "val_mae": 0.12976771593093872, "test_rmse": 0.2788829343399719, "test_mae": 0.1902746395798573, "test_r2": 0.5719481274088517, "general_test_rmse": 0.28873346199739724, "general_test_mae": 0.19405541014681027, "general_test_r2": 0.5808063101380101, "target_test_rmse": 0.23180379306161955, "target_test_mae": 0.17401731124079847, "target_test_r2": 0.3116132213573053}}