{"fold0": {"best_model_path": "/ibex/user/bekeak/meprom-tl/checkpoints_mcmpnn/zeroshot/mcmpnn_combi_v37b_smi7_fold0-epoch=230-val_loss_weighted=0.54.ckpt", "val_rmse_scaled": 0.5412005186080933, "val_mae_scaled": 0.386593759059906, "val_r2": 0.6896895170211792, "val_rmse": 0.2057473510503769, "val_mae": 0.1469707489013672, "test_rmse": 0.4438901709036146, "test_mae": 0.3230187928986372, "test_r2": 0.0517085208414243, "general_test_rmse": 0.5062018037969439, "general_test_mae": 0.3835143511136249, "general_test_r2": -0.04444846066962582, "target_test_rmse": 0.2344231393233524, "target_test_mae": 0.17782946510359574, "target_test_r2": 0.39823293582806196}, "fold1": {"best_model_path": "/ibex/user/bekeak/meprom-tl/checkpoints_mcmpnn/zeroshot/mcmpnn_combi_v37b_smi7_fold1-epoch=202-val_loss_weighted=0.56.ckpt", "val_rmse_scaled": 0.556896984577179, "val_mae_scaled": 0.3630709946155548, "val_r2": 0.6533123254776001, "val_rmse": 0.21288087964057922, "val_mae": 0.13878846168518066, "test_rmse": 0.4652122603983968, "test_mae": 0.3256921953272598, "test_r2": -0.04158110952855121, "general_test_rmse": 0.526510263405955, "general_test_mae": 0.3775408665004987, "general_test_r2": -0.12993463316548115, "target_test_rmse": 0.2655653984726912, "target_test_mae": 0.20125536961032564, "target_test_r2": 0.22772773846079952}, "fold2": {"best_model_path": "/ibex/user/bekeak/meprom-tl/checkpoints_mcmpnn/zeroshot/mcmpnn_combi_v37b_smi7_fold2-epoch=983-val_loss_weighted=0.53.ckpt", "val_rmse_scaled": 0.5290699601173401, "val_mae_scaled": 0.3710014224052429, "val_r2": 0.6833128929138184, "val_rmse": 0.203133225440979, "val_mae": 0.14244376122951508, "test_rmse": 0.4297609053156747, "test_mae": 0.28825329725617066, "test_r2": 0.11111699471964853, "general_test_rmse": 0.47218382721693797, "general_test_mae": 0.31330008599568865, "general_test_r2": 0.09121352860671117, "target_test_rmse": 0.30473417327879204, "target_test_mae": 0.22814100800661813, "target_test_r2": -0.016880168599901824}, "fold3": {"best_model_path": "/ibex/user/bekeak/meprom-tl/checkpoints_mcmpnn/zeroshot/mcmpnn_combi_v37b_smi7_fold3-epoch=276-val_loss_weighted=0.55.ckpt", "val_rmse_scaled": 0.5450679063796997, "val_mae_scaled": 0.3883061110973358, "val_r2": 0.7005425691604614, "val_rmse": 0.20688916742801666, "val_mae": 0.14738774299621582, "test_rmse": 0.44365646805990344, "test_mae": 0.31185830320240937, "test_r2": 0.05270678613384294, "general_test_rmse": 0.5055138720353778, "general_test_mae": 0.3622701646249517, "general_test_r2": -0.04161156425998058, "target_test_rmse": 0.23647271907498443, "target_test_mae": 0.1908698290827854, "target_test_r2": 0.38766434335328526}, "fold4": {"best_model_path": "/ibex/user/bekeak/meprom-tl/checkpoints_mcmpnn/zeroshot/mcmpnn_combi_v37b_smi7_fold4-epoch=788-val_loss_weighted=0.58.ckpt", "val_rmse_scaled": 0.5750862956047058, "val_mae_scaled": 0.3987729549407959, "val_r2": 0.6700572967529297, "val_rmse": 0.2181711047887802, "val_mae": 0.1512829214334488, "test_rmse": 0.47365724009207477, "test_mae": 0.32522251772934285, "test_r2": -0.07973990277702847, "general_test_rmse": 0.5507822474611491, "general_test_mae": 0.4002212064669269, "general_test_r2": -0.2365153302160572, "target_test_rmse": 0.1863528987007109, "target_test_mae": 0.14522565805361862, "target_test_r2": 0.6197232581950557}}