{"fold0": {"best_model_path": "/ibex/user/bekeak/meprom-tl/checkpoints_mcmpnn/zeroshot/mcmpnn_combi_v34f_smi8_fold0-epoch=591-val_loss_weighted=0.56.ckpt", "val_rmse_scaled": 0.5575881004333496, "val_mae_scaled": 0.39145392179489136, "val_r2": 0.6718822717666626, "val_rmse": 0.21197739243507385, "val_mae": 0.14881843328475952, "test_rmse": 0.4554239250016548, "test_mae": 0.3216725812776424, "test_r2": 0.001788715892434456, "general_test_rmse": 0.5151577785937557, "general_test_mae": 0.37032699556887705, "general_test_r2": -0.08173320487574687, "target_test_rmse": 0.261279784173038, "target_test_mae": 0.20490198399844708, "target_test_r2": 0.2524520128602873}, "fold1": {"best_model_path": "/ibex/user/bekeak/meprom-tl/checkpoints_mcmpnn/zeroshot/mcmpnn_combi_v34f_smi8_fold1-epoch=423-val_loss_weighted=0.55.ckpt", "val_rmse_scaled": 0.5472182631492615, "val_mae_scaled": 0.3615804612636566, "val_r2": 0.6595242023468018, "val_rmse": 0.2091810703277588, "val_mae": 0.1382186859846115, "test_rmse": 0.46114190437454783, "test_mae": 0.32176949693419354, "test_r2": -0.023434301408080893, "general_test_rmse": 0.5319341045185577, "general_test_mae": 0.38975794722191126, "general_test_r2": -0.15333456716325156, "target_test_rmse": 0.20958759164074975, "target_test_mae": 0.15859721698872908, "target_test_r2": 0.5189850288411935}, "fold2": {"best_model_path": "/ibex/user/bekeak/meprom-tl/checkpoints_mcmpnn/zeroshot/mcmpnn_combi_v34f_smi8_fold2-epoch=797-val_loss_weighted=0.51.ckpt", "val_rmse_scaled": 0.5148822665214539, "val_mae_scaled": 0.3633027672767639, "val_r2": 0.6992000341415405, "val_rmse": 0.19768594205379486, "val_mae": 0.13948790729045868, "test_rmse": 0.48428702754410224, "test_mae": 0.34427676393026835, "test_r2": -0.12874662034992768, "general_test_rmse": 0.5385056641757893, "general_test_mae": 0.39206084962467375, "general_test_r2": -0.18200738184075016, "target_test_rmse": 0.3185017004887048, "target_test_mae": 0.22959497390991473, "target_test_r2": -0.11083861913128223}, "fold3": {"best_model_path": "/ibex/user/bekeak/meprom-tl/checkpoints_mcmpnn/zeroshot/mcmpnn_combi_v34f_smi8_fold3-epoch=302-val_loss_weighted=0.58.ckpt", "val_rmse_scaled": 0.5757325887680054, "val_mae_scaled": 0.4078526496887207, "val_r2": 0.6650080680847168, "val_rmse": 0.21852843463420868, "val_mae": 0.1548069417476654, "test_rmse": 0.47807263500817115, "test_mae": 0.3625609095472301, "test_r2": -0.09996422828802487, "general_test_rmse": 0.5402839749548466, "general_test_mae": 0.4236968337306883, "general_test_r2": -0.18982697332675125, "target_test_rmse": 0.2765962349634067, "target_test_mae": 0.21583470789820786, "target_test_r2": 0.16223929210938381}, "fold4": {"best_model_path": "/ibex/user/bekeak/meprom-tl/checkpoints_mcmpnn/zeroshot/mcmpnn_combi_v34f_smi8_fold4-epoch=618-val_loss_weighted=0.54.ckpt", "val_rmse_scaled": 0.5432214140892029, "val_mae_scaled": 0.3797443211078644, "val_r2": 0.7059620022773743, "val_rmse": 0.20608249306678772, "val_mae": 0.1440640091896057, "test_rmse": 0.49066941960304084, "test_mae": 0.3560957962494712, "test_r2": -0.158694045307479, "general_test_rmse": 0.5550520431119101, "general_test_mae": 0.41356113645969156, "general_test_r2": -0.2557611662133856, "target_test_rmse": 0.2813776342224575, "target_test_mae": 0.21817897452953608, "target_test_r2": 0.13302493526397674}}