{"fold0": {"best_model_path": "/ibex/user/bekeak/meprom-tl/checkpoints_mcmpnn/zeroshot/mcmpnn_combi_v25e_smi7_fold0-epoch=454-val_loss_weighted=0.40.ckpt", "val_rmse_scaled": 0.40256160497665405, "val_mae_scaled": 0.313040167093277, "val_r2": 0.8572734594345093, "val_rmse": 0.1517675668001175, "val_mae": 0.11801756918430328, "test_rmse": 0.2601028666134131, "test_mae": 0.1891421401064006, "test_r2": 0.4903591529659548, "general_test_rmse": 0.26127356399366203, "general_test_mae": 0.19188827215903265, "general_test_r2": 0.5198938263696394, "target_test_rmse": 0.255323730478736, "target_test_mae": 0.17805955597414017, "target_test_r2": 0.30918729445943793}, "fold1": {"best_model_path": "/ibex/user/bekeak/meprom-tl/checkpoints_mcmpnn/zeroshot/mcmpnn_combi_v25e_smi7_fold1-epoch=700-val_loss_weighted=0.25.ckpt", "val_rmse_scaled": 0.2503771483898163, "val_mae_scaled": 0.17051073908805847, "val_r2": 0.8962282538414001, "val_rmse": 0.0945032387971878, "val_mae": 0.0643581822514534, "test_rmse": 0.2792879820773178, "test_mae": 0.19420067027608667, "test_r2": 0.41240451788844545, "general_test_rmse": 0.24103763950672577, "general_test_mae": 0.17550513240585505, "general_test_r2": 0.5913833275001473, "target_test_rmse": 0.39789840192248166, "target_test_mae": 0.2696505376323602, "target_test_r2": -0.6777310571520392}, "fold2": {"best_model_path": "/ibex/user/bekeak/meprom-tl/checkpoints_mcmpnn/zeroshot/mcmpnn_combi_v25e_smi7_fold2-epoch=451-val_loss_weighted=0.32.ckpt", "val_rmse_scaled": 0.3172842264175415, "val_mae_scaled": 0.22559309005737305, "val_r2": 0.9209032654762268, "val_rmse": 0.11933884769678116, "val_mae": 0.08485142141580582, "test_rmse": 0.2681856915612159, "test_mae": 0.19122009698597459, "test_r2": 0.4581923180968833, "general_test_rmse": 0.2655067316200633, "general_test_mae": 0.19054728686494085, "general_test_r2": 0.5042103859122365, "target_test_rmse": 0.27873562754605347, "target_test_mae": 0.19393533447194397, "target_test_r2": 0.17669089104296798}, "fold3": {"best_model_path": "/ibex/user/bekeak/meprom-tl/checkpoints_mcmpnn/zeroshot/mcmpnn_combi_v25e_smi7_fold3-epoch=454-val_loss_weighted=0.44.ckpt", "val_rmse_scaled": 0.44424840807914734, "val_mae_scaled": 0.32693010568618774, "val_r2": 0.7971886992454529, "val_rmse": 0.16787850856781006, "val_mae": 0.12354470789432526, "test_rmse": 0.23543962562985477, "test_mae": 0.16188267279785873, "test_r2": 0.5824263664070904, "general_test_rmse": 0.2000757634796415, "general_test_mae": 0.13865376120747108, "general_test_r2": 0.7184631045530168, "target_test_rmse": 0.3429108852316712, "target_test_mae": 0.2556279135654624, "target_test_r2": -0.24606442471072065}, "fold4": {"best_model_path": "/ibex/user/bekeak/meprom-tl/checkpoints_mcmpnn/zeroshot/mcmpnn_combi_v25e_smi7_fold4-epoch=878-val_loss_weighted=0.77.ckpt", "val_rmse_scaled": 0.7717646360397339, "val_mae_scaled": 0.5345550775527954, "val_r2": 0.18060177564620972, "val_rmse": 0.29223835468292236, "val_mae": 0.20241597294807434, "test_rmse": 0.21605885597037375, "test_mae": 0.15331006953913, "test_r2": 0.6483439480429478, "general_test_rmse": 0.201511976700362, "general_test_mae": 0.14764366350547886, "general_test_r2": 0.71440665837637, "target_test_rmse": 0.2668253611128595, "target_test_mae": 0.1761780482878952, "target_test_r2": 0.24554704146735973}}