{"fold0": {"best_model_path": "/ibex/user/bekeak/meprom-tl/checkpoints_mcmpnn/zeroshot/mcmpnn_combi_v34f_smi1_fold0-epoch=950-val_loss_weighted=0.58.ckpt", "val_rmse_scaled": 0.5755111575126648, "val_mae_scaled": 0.39288127422332764, "val_r2": 0.6486057043075562, "val_rmse": 0.2187911719083786, "val_mae": 0.14936105906963348, "test_rmse": 0.4581266118722263, "test_mae": 0.31971594442341394, "test_r2": -0.010094092663560206, "general_test_rmse": 0.515147631789009, "general_test_mae": 0.36162672546532315, "general_test_r2": -0.08169059258111311, "target_test_rmse": 0.27692410335979917, "target_test_mae": 0.21913002074899976, "target_test_r2": 0.16025200507664594}, "fold1": {"best_model_path": "/ibex/user/bekeak/meprom-tl/checkpoints_mcmpnn/zeroshot/mcmpnn_combi_v34f_smi1_fold1-epoch=434-val_loss_weighted=0.53.ckpt", "val_rmse_scaled": 0.5337671041488647, "val_mae_scaled": 0.3551628887653351, "val_r2": 0.6829649806022644, "val_rmse": 0.20403920114040375, "val_mae": 0.13576547801494598, "test_rmse": 0.46320638241176504, "test_mae": 0.32713042172527074, "test_r2": -0.032618403417470354, "general_test_rmse": 0.510454079766897, "general_test_mae": 0.3581626080180927, "general_test_r2": -0.06206964352561273, "target_test_rmse": 0.32272654388872685, "target_test_mae": 0.2526531530158146, "target_test_r2": -0.14050405396457166}, "fold2": {"best_model_path": "/ibex/user/bekeak/meprom-tl/checkpoints_mcmpnn/zeroshot/mcmpnn_combi_v34f_smi1_fold2-epoch=715-val_loss_weighted=0.52.ckpt", "val_rmse_scaled": 0.518402636051178, "val_mae_scaled": 0.3683841824531555, "val_r2": 0.6979328989982605, "val_rmse": 0.199037566781044, "val_mae": 0.14143888652324677, "test_rmse": 0.46901826073232616, "test_mae": 0.317254143644353, "test_r2": -0.05869361755196145, "general_test_rmse": 0.5303449938986854, "general_test_mae": 0.3672256585717993, "general_test_r2": -0.14645387063642912, "target_test_rmse": 0.26997722528280127, "target_test_mae": 0.1973225264449337, "target_test_r2": 0.20185514546559002}, "fold3": {"best_model_path": "/ibex/user/bekeak/meprom-tl/checkpoints_mcmpnn/zeroshot/mcmpnn_combi_v34f_smi1_fold3-epoch=465-val_loss_weighted=0.57.ckpt", "val_rmse_scaled": 0.5699081420898438, "val_mae_scaled": 0.4049501419067383, "val_r2": 0.6736831665039062, "val_rmse": 0.21631768345832825, "val_mae": 0.15370525419712067, "test_rmse": 0.4996645893695437, "test_mae": 0.3785694143719723, "test_r2": -0.2015668453899424, "general_test_rmse": 0.573955108521593, "general_test_mae": 0.4612738441101318, "general_test_r2": -0.342751013303326, "target_test_rmse": 0.24133231149832074, "target_test_mae": 0.18007880684224736, "target_test_r2": 0.3622383444850624}, "fold4": {"best_model_path": "/ibex/user/bekeak/meprom-tl/checkpoints_mcmpnn/zeroshot/mcmpnn_combi_v34f_smi1_fold4-epoch=345-val_loss_weighted=0.55.ckpt", "val_rmse_scaled": 0.5488950610160828, "val_mae_scaled": 0.3981943726539612, "val_r2": 0.7020373344421387, "val_rmse": 0.20823490619659424, "val_mae": 0.15106342732906342, "test_rmse": 0.4951156398116364, "test_mae": 0.3713773676822689, "test_r2": -0.17978829056621248, "general_test_rmse": 0.5646017458943424, "general_test_mae": 0.44029802608810514, "general_test_r2": -0.2993437773868406, "target_test_rmse": 0.26156064983446337, "target_test_mae": 0.20596779719401664, "target_test_r2": 0.25084397869675434}}