{"fold0": {"best_model_path": "/ibex/user/bekeak/meprom-tl/checkpoints_mcmpnn/zeroshot/mcmpnn_combi_v34f_smi11_fold0-epoch=323-val_loss_weighted=0.55.ckpt", "val_rmse_scaled": 0.5481573343276978, "val_mae_scaled": 0.3916124701499939, "val_r2": 0.6836072206497192, "val_rmse": 0.20839211344718933, "val_mae": 0.14887870848178864, "test_rmse": 0.4456188832329247, "test_mae": 0.3059884214914137, "test_r2": 0.04430797260502384, "general_test_rmse": 0.5109455367459206, "general_test_mae": 0.36538678587380025, "general_test_r2": -0.064115715159895, "target_test_rmse": 0.22045910458461082, "target_test_mae": 0.16343235069897616, "target_test_r2": 0.46778937876139803}, "fold1": {"best_model_path": "/ibex/user/bekeak/meprom-tl/checkpoints_mcmpnn/zeroshot/mcmpnn_combi_v34f_smi11_fold1-epoch=984-val_loss_weighted=0.52.ckpt", "val_rmse_scaled": 0.521302342414856, "val_mae_scaled": 0.3510797619819641, "val_r2": 0.6973203420639038, "val_rmse": 0.19927437603473663, "val_mae": 0.1342046558856964, "test_rmse": 0.4167464089480107, "test_mae": 0.28219254700338, "test_r2": 0.16413811171039827, "general_test_rmse": 0.4625037845921843, "general_test_mae": 0.3096075408492906, "general_test_r2": 0.12809289013210912, "target_test_rmse": 0.2777055149781629, "target_test_mae": 0.21639658263482014, "target_test_r2": 0.15550619470183535}, "fold2": {"best_model_path": "/ibex/user/bekeak/meprom-tl/checkpoints_mcmpnn/zeroshot/mcmpnn_combi_v34f_smi11_fold2-epoch=1010-val_loss_weighted=0.53.ckpt", "val_rmse_scaled": 0.5303195714950562, "val_mae_scaled": 0.36956554651260376, "val_r2": 0.6784188747406006, "val_rmse": 0.20361299812793732, "val_mae": 0.1418924629688263, "test_rmse": 0.49992442040378043, "test_mae": 0.381717153188495, "test_r2": -0.20281682602743678, "general_test_rmse": 0.566078722198607, "general_test_mae": 0.4449923493883081, "general_test_r2": -0.30615073514023794, "target_test_rmse": 0.2840329847844048, "target_test_mae": 0.22985666666272428, "target_test_r2": 0.11658450099705542}, "fold3": {"best_model_path": "/ibex/user/bekeak/meprom-tl/checkpoints_mcmpnn/zeroshot/mcmpnn_combi_v34f_smi11_fold3-epoch=529-val_loss_weighted=0.55.ckpt", "val_rmse_scaled": 0.554207444190979, "val_mae_scaled": 0.3898264765739441, "val_r2": 0.6888794898986816, "val_rmse": 0.21035823225975037, "val_mae": 0.14796482026576996, "test_rmse": 0.49877407393591056, "test_mae": 0.32715109383415625, "test_r2": -0.197287733603138, "general_test_rmse": 0.5693593565308852, "general_test_mae": 0.38271458840022105, "general_test_r2": -0.321333851410474, "target_test_rmse": 0.2604394600959601, "target_test_mae": 0.19379868005351067, "target_test_r2": 0.25725278532510865}, "fold4": {"best_model_path": "/ibex/user/bekeak/meprom-tl/checkpoints_mcmpnn/zeroshot/mcmpnn_combi_v34f_smi11_fold4-epoch=386-val_loss_weighted=0.55.ckpt", "val_rmse_scaled": 0.5523489713668823, "val_mae_scaled": 0.3829815983772278, "val_r2": 0.6972059011459351, "val_rmse": 0.20954522490501404, "val_mae": 0.14529214799404144, "test_rmse": 0.48345141662523544, "test_mae": 0.3471773693795441, "test_r2": -0.1248547990419202, "general_test_rmse": 0.5479695089662647, "general_test_mae": 0.41071447703591274, "general_test_r2": -0.22391828823616922, "target_test_rmse": 0.2720597017110689, "target_test_mae": 0.1946882812019371, "target_test_r2": 0.1894946343963746}}