{"fold0": {"best_model_path": "/ibex/user/bekeak/meprom-tl/checkpoints_mcmpnn/zeroshot/mcmpnn_combi_v25e_smi0_fold0-epoch=520-val_loss_weighted=0.47.ckpt", "val_rmse_scaled": 0.4655302166938782, "val_mae_scaled": 0.33523356914520264, "val_r2": 0.810421884059906, "val_rmse": 0.17550700902938843, "val_mae": 0.12638458609580994, "test_rmse": 0.24889087959323278, "test_mae": 0.18097061599244074, "test_r2": 0.5333493053279186, "general_test_rmse": 0.2508904333851579, "general_test_mae": 0.18118590735772538, "general_test_r2": 0.5572948695037916, "target_test_rmse": 0.2406524968400099, "target_test_mae": 0.180101762618339, "target_test_r2": 0.38629636145217594}, "fold1": {"best_model_path": "/ibex/user/bekeak/meprom-tl/checkpoints_mcmpnn/zeroshot/mcmpnn_combi_v25e_smi0_fold1-epoch=999-val_loss_weighted=0.23.ckpt", "val_rmse_scaled": 0.23415665328502655, "val_mae_scaled": 0.14890459179878235, "val_r2": 0.9209648370742798, "val_rmse": 0.08838091790676117, "val_mae": 0.05620307847857475, "test_rmse": 0.2341211842042768, "test_mae": 0.17466243831656164, "test_r2": 0.5870900237619383, "general_test_rmse": 0.22940872014500402, "general_test_mae": 0.16915358529120725, "general_test_r2": 0.6298598508172598, "target_test_rmse": 0.2522462982267936, "target_test_mae": 0.1968945685596684, "target_test_r2": 0.32573974980213116}, "fold2": {"best_model_path": "/ibex/user/bekeak/meprom-tl/checkpoints_mcmpnn/zeroshot/mcmpnn_combi_v25e_smi0_fold2-epoch=482-val_loss_weighted=0.28.ckpt", "val_rmse_scaled": 0.28286468982696533, "val_mae_scaled": 0.20897376537322998, "val_r2": 0.9424072504043579, "val_rmse": 0.1063927635550499, "val_mae": 0.07860046625137329, "test_rmse": 0.2309779058234167, "test_mae": 0.17127376186340212, "test_r2": 0.5981029387538617, "general_test_rmse": 0.22825331101536045, "general_test_mae": 0.1770625213455808, "general_test_r2": 0.6335788581119521, "target_test_rmse": 0.2416616697980051, "target_test_mae": 0.14791198571771566, "target_test_r2": 0.38113845362344867}, "fold3": {"best_model_path": "/ibex/user/bekeak/meprom-tl/checkpoints_mcmpnn/zeroshot/mcmpnn_combi_v25e_smi0_fold3-epoch=547-val_loss_weighted=0.38.ckpt", "val_rmse_scaled": 0.3791401982307434, "val_mae_scaled": 0.29695892333984375, "val_r2": 0.8460999131202698, "val_rmse": 0.14327454566955566, "val_mae": 0.11221879720687866, "test_rmse": 0.24504524192061908, "test_mae": 0.1810886509307936, "test_r2": 0.5476584311477868, "general_test_rmse": 0.23334594423505922, "general_test_mae": 0.17598898125374463, "general_test_r2": 0.6170457749698737, "target_test_rmse": 0.2874620143636539, "target_test_mae": 0.20166944579772297, "target_test_r2": 0.12433320185068453}, "fold4": {"best_model_path": "/ibex/user/bekeak/meprom-tl/checkpoints_mcmpnn/zeroshot/mcmpnn_combi_v25e_smi0_fold4-epoch=648-val_loss_weighted=0.72.ckpt", "val_rmse_scaled": 0.7183250784873962, "val_mae_scaled": 0.5304005742073059, "val_r2": 0.2909986674785614, "val_rmse": 0.27200278639793396, "val_mae": 0.20084282755851746, "test_rmse": 0.25726695855394216, "test_mae": 0.16744853184387068, "test_r2": 0.5014118227250348, "general_test_rmse": 0.26997229266079414, "general_test_mae": 0.17286837484987364, "general_test_r2": 0.48739275390804215, "target_test_rmse": 0.19786871974612796, "target_test_mae": 0.1455755865476352, "target_test_r2": 0.5851106930251743}}