{"fold0": {"best_model_path": "/ibex/user/bekeak/meprom-tl/checkpoints_mcmpnn/zeroshot/mcmpnn_combi_v31b_smi5_fold0-epoch=623-val_loss_weighted=0.54.ckpt", "val_rmse_scaled": 0.5377036333084106, "val_mae_scaled": 0.3643578290939331, "val_r2": 0.7089918255805969, "val_rmse": 0.20452338457107544, "val_mae": 0.1385887861251831, "test_rmse": 0.26302482436303853, "test_mae": 0.17873010243645915, "test_r2": 0.619244661543149, "general_test_rmse": 0.24500008408234478, "general_test_mae": 0.17015331048179047, "general_test_r2": 0.6981765583531521, "target_test_rmse": 0.3294801994862733, "target_test_mae": 0.21561029989424846, "target_test_r2": -0.3907532540426546}, "fold1": {"best_model_path": "/ibex/user/bekeak/meprom-tl/checkpoints_mcmpnn/zeroshot/mcmpnn_combi_v31b_smi5_fold1-epoch=652-val_loss_weighted=0.56.ckpt", "val_rmse_scaled": 0.5626001954078674, "val_mae_scaled": 0.3828442692756653, "val_r2": 0.6951795816421509, "val_rmse": 0.2134508639574051, "val_mae": 0.1452513486146927, "test_rmse": 0.2759638763777602, "test_mae": 0.19302342668659983, "test_r2": 0.5808620392645103, "general_test_rmse": 0.2531829735181649, "general_test_mae": 0.17191255282873322, "general_test_r2": 0.6776783389567806, "target_test_rmse": 0.357757145716307, "target_test_mae": 0.28380021407774864, "target_test_r2": -0.6397138997702543}, "fold2": {"best_model_path": "/ibex/user/bekeak/meprom-tl/checkpoints_mcmpnn/zeroshot/mcmpnn_combi_v31b_smi5_fold2-epoch=121-val_loss_weighted=0.57.ckpt", "val_rmse_scaled": 0.5710281133651733, "val_mae_scaled": 0.4028623700141907, "val_r2": 0.6397384405136108, "val_rmse": 0.21881546080112457, "val_mae": 0.1543750911951065, "test_rmse": 0.2570224154952221, "test_mae": 0.1948887750017871, "test_r2": 0.6364245718999131, "general_test_rmse": 0.26969751408956183, "general_test_mae": 0.2052691851179108, "general_test_r2": 0.6342583776640044, "target_test_rmse": 0.19326856796936565, "target_test_mae": 0.15025299262765093, "target_test_r2": 0.5214647860094894}, "fold3": {"best_model_path": "/ibex/user/bekeak/meprom-tl/checkpoints_mcmpnn/zeroshot/mcmpnn_combi_v31b_smi5_fold3-epoch=46-val_loss_weighted=0.54.ckpt", "val_rmse_scaled": 0.5414827466011047, "val_mae_scaled": 0.39611685276031494, "val_r2": 0.6743569374084473, "val_rmse": 0.20851992070674896, "val_mae": 0.1525408774614334, "test_rmse": 0.26874494455309195, "test_mae": 0.19350898954499135, "test_r2": 0.602503664453357, "general_test_rmse": 0.267156709049496, "general_test_mae": 0.18753902540953488, "general_test_r2": 0.6411171788807009, "target_test_rmse": 0.2754700622548516, "target_test_mae": 0.2191798611561335, "target_test_r2": 0.02783437975893044}, "fold4": {"best_model_path": "/ibex/user/bekeak/meprom-tl/checkpoints_mcmpnn/zeroshot/mcmpnn_combi_v31b_smi5_fold4-epoch=198-val_loss_weighted=0.49.ckpt", "val_rmse_scaled": 0.4867466986179352, "val_mae_scaled": 0.3349139988422394, "val_r2": 0.7381101250648499, "val_rmse": 0.18722276389598846, "val_mae": 0.12882167100906372, "test_rmse": 0.26915132861206315, "test_mae": 0.18191681870933957, "test_r2": 0.6013006032503603, "general_test_rmse": 0.2511123313243567, "general_test_mae": 0.1659382841890604, "general_test_r2": 0.6829289576980453, "target_test_rmse": 0.33585423956629173, "target_test_mae": 0.25062450125196784, "target_test_r2": -0.44508407134754835}}