{"fold0": {"best_model_path": "/ibex/user/bekeak/meprom-tl/checkpoints_mcmpnn/zeroshot/mcmpnn_combi_v34f_smi9_fold0-epoch=355-val_loss_weighted=0.55.ckpt", "val_rmse_scaled": 0.5487683415412903, "val_mae_scaled": 0.3916797935962677, "val_r2": 0.6819366216659546, "val_rmse": 0.20862440764904022, "val_mae": 0.14890429377555847, "test_rmse": 0.4463571025502258, "test_mae": 0.31134828502350786, "test_r2": 0.04113892065333524, "general_test_rmse": 0.5050007728163589, "general_test_mae": 0.35550194991865064, "general_test_r2": -0.03949815501492315, "target_test_rmse": 0.25560907168188685, "target_test_mae": 0.20537951907748755, "target_test_r2": 0.2845488513455694}, "fold1": {"best_model_path": "/ibex/user/bekeak/meprom-tl/checkpoints_mcmpnn/zeroshot/mcmpnn_combi_v34f_smi9_fold1-epoch=264-val_loss_weighted=0.51.ckpt", "val_rmse_scaled": 0.5106143355369568, "val_mae_scaled": 0.3570379316806793, "val_r2": 0.7061841487884521, "val_rmse": 0.1951887607574463, "val_mae": 0.13648223876953125, "test_rmse": 0.45147426890968867, "test_mae": 0.3105330270582104, "test_r2": 0.019027578572211934, "general_test_rmse": 0.5180312271117046, "general_test_mae": 0.3689960150973848, "general_test_r2": -0.0938342487081325, "target_test_rmse": 0.22127670862679483, "target_test_mae": 0.17022184235314675, "target_test_r2": 0.4638345006819322}, "fold2": {"best_model_path": "/ibex/user/bekeak/meprom-tl/checkpoints_mcmpnn/zeroshot/mcmpnn_combi_v34f_smi9_fold2-epoch=1282-val_loss_weighted=0.51.ckpt", "val_rmse_scaled": 0.5068487524986267, "val_mae_scaled": 0.3566034436225891, "val_r2": 0.711195707321167, "val_rmse": 0.19460152089595795, "val_mae": 0.13691574335098267, "test_rmse": 0.46910404931420546, "test_mae": 0.3315246204648327, "test_r2": -0.05908094631092764, "general_test_rmse": 0.5175919123183995, "general_test_mae": 0.3714124799599971, "general_test_r2": -0.09197978981632238, "target_test_rmse": 0.32440088677555795, "target_test_mae": 0.23579375395114824, "target_test_r2": -0.15236888805787308}, "fold3": {"best_model_path": "/ibex/user/bekeak/meprom-tl/checkpoints_mcmpnn/zeroshot/mcmpnn_combi_v34f_smi9_fold3-epoch=1247-val_loss_weighted=0.56.ckpt", "val_rmse_scaled": 0.5592251420021057, "val_mae_scaled": 0.38859814405441284, "val_r2": 0.680965781211853, "val_rmse": 0.21226277947425842, "val_mae": 0.14749859273433685, "test_rmse": 0.4123943644231136, "test_mae": 0.27304369362231146, "test_r2": 0.18150461541864205, "general_test_rmse": 0.4721675178041521, "general_test_mae": 0.32159254499754414, "general_test_r2": 0.09127630719787383, "target_test_rmse": 0.2077830687717306, "target_test_mae": 0.15652647565372696, "target_test_r2": 0.5272323283368398}, "fold4": {"best_model_path": "/ibex/user/bekeak/meprom-tl/checkpoints_mcmpnn/zeroshot/mcmpnn_combi_v34f_smi9_fold4-epoch=207-val_loss_weighted=0.59.ckpt", "val_rmse_scaled": 0.5924562811851501, "val_mae_scaled": 0.4332242012023926, "val_r2": 0.6524671912193298, "val_rmse": 0.2247607707977295, "val_mae": 0.16435272991657257, "test_rmse": 0.5063487213891817, "test_mae": 0.3693543824503851, "test_r2": -0.23392915715243912, "general_test_rmse": 0.5875918744174928, "general_test_mae": 0.4516324691641482, "general_test_r2": -0.4073146230032465, "target_test_rmse": 0.20757797681434506, "target_test_mae": 0.17188701010014076, "target_test_r2": 0.5281651569375106}}