{"fold0": {"best_model_path": "/ibex/user/bekeak/meprom-tl/checkpoints_mcmpnn/zeroshot/mcmpnn_combi_v37b_smi2_fold0-epoch=644-val_loss_weighted=0.57.ckpt", "val_rmse_scaled": 0.5724189281463623, "val_mae_scaled": 0.39443913102149963, "val_r2": 0.6571202874183655, "val_rmse": 0.21761560440063477, "val_mae": 0.14995330572128296, "test_rmse": 0.4067216279583579, "test_mae": 0.283514226685361, "test_r2": 0.2038675505803914, "general_test_rmse": 0.4547908694656282, "general_test_mae": 0.31724973856301264, "general_test_r2": 0.1569310172750904, "target_test_rmse": 0.25696907744640496, "target_test_mae": 0.2025490331967262, "target_test_r2": 0.2769152707215722}, "fold1": {"best_model_path": "/ibex/user/bekeak/meprom-tl/checkpoints_mcmpnn/zeroshot/mcmpnn_combi_v37b_smi2_fold1-epoch=241-val_loss_weighted=0.52.ckpt", "val_rmse_scaled": 0.5160446166992188, "val_mae_scaled": 0.35849928855895996, "val_r2": 0.7014508843421936, "val_rmse": 0.19726455211639404, "val_mae": 0.1370408684015274, "test_rmse": 0.49072606719013423, "test_mae": 0.3554688780318554, "test_r2": -0.15896160227401945, "general_test_rmse": 0.5629013617390283, "general_test_mae": 0.4282807970465136, "general_test_r2": -0.29152921910804563, "target_test_rmse": 0.24145801422881993, "target_test_mae": 0.18072026569115335, "target_test_r2": 0.361573789791533}, "fold2": {"best_model_path": "/ibex/user/bekeak/meprom-tl/checkpoints_mcmpnn/zeroshot/mcmpnn_combi_v37b_smi2_fold2-epoch=701-val_loss_weighted=0.53.ckpt", "val_rmse_scaled": 0.5268276929855347, "val_mae_scaled": 0.37426668405532837, "val_r2": 0.6851645708084106, "val_rmse": 0.20227232575416565, "val_mae": 0.14369744062423706, "test_rmse": 0.45005792095754077, "test_mae": 0.3164035983023143, "test_r2": 0.025172862996772127, "general_test_rmse": 0.49898017354031726, "general_test_mae": 0.3578416719165154, "general_test_r2": -0.014860190225243874, "target_test_rmse": 0.3018648014750713, "target_test_mae": 0.2169522328041027, "target_test_r2": 0.0021795268741318097}, "fold3": {"best_model_path": "/ibex/user/bekeak/meprom-tl/checkpoints_mcmpnn/zeroshot/mcmpnn_combi_v37b_smi2_fold3-epoch=181-val_loss_weighted=0.54.ckpt", "val_rmse_scaled": 0.5425217747688293, "val_mae_scaled": 0.3923697769641876, "val_r2": 0.7019057273864746, "val_rmse": 0.20592275261878967, "val_mae": 0.14893017709255219, "test_rmse": 0.48260761177240113, "test_mae": 0.34955256934949436, "test_r2": -0.12093163494946157, "general_test_rmse": 0.5580897765503622, "general_test_mae": 0.42833829880811364, "general_test_r2": -0.2695440406041989, "target_test_rmse": 0.21066631103621877, "target_test_mae": 0.1604668186488083, "target_test_r2": 0.5140208467693095}, "fold4": {"best_model_path": "/ibex/user/bekeak/meprom-tl/checkpoints_mcmpnn/zeroshot/mcmpnn_combi_v37b_smi2_fold4-epoch=307-val_loss_weighted=0.56.ckpt", "val_rmse_scaled": 0.5628046989440918, "val_mae_scaled": 0.3883483111858368, "val_r2": 0.6835001707077026, "val_rmse": 0.21351182460784912, "val_mae": 0.14732812345027924, "test_rmse": 0.4632167112524249, "test_mae": 0.34626761287396923, "test_r2": -0.03266445576161692, "general_test_rmse": 0.5249118761913669, "general_test_mae": 0.40492489179226415, "general_test_r2": -0.12308450413523708, "target_test_rmse": 0.26126446407953746, "target_test_mae": 0.20549014868546794, "target_test_r2": 0.2525396749757285}}