{"fold0": {"best_model_path": "/ibex/user/bekeak/meprom-tl/checkpoints_mcmpnn/zeroshot/mcmpnn_combi_v25e_smi11_fold0-epoch=967-val_loss_weighted=0.40.ckpt", "val_rmse_scaled": 0.40376409888267517, "val_mae_scaled": 0.3147892653942108, "val_r2": 0.8562542200088501, "val_rmse": 0.15222090482711792, "val_mae": 0.11867699027061462, "test_rmse": 0.21026792351925971, "test_mae": 0.15769199757350083, "test_r2": 0.6669418975461967, "general_test_rmse": 0.20856013152530894, "general_test_mae": 0.15953256135205507, "general_test_r2": 0.6940792497210833, "target_test_rmse": 0.2170235683445417, "target_test_mae": 0.15026400910298973, "target_test_r2": 0.50089519133158}, "fold1": {"best_model_path": "/ibex/user/bekeak/meprom-tl/checkpoints_mcmpnn/zeroshot/mcmpnn_combi_v25e_smi11_fold1-epoch=569-val_loss_weighted=0.20.ckpt", "val_rmse_scaled": 0.19786491990089417, "val_mae_scaled": 0.13725276291370392, "val_r2": 0.9402352571487427, "val_rmse": 0.07468283921480179, "val_mae": 0.051805172115564346, "test_rmse": 0.28082309373171976, "test_mae": 0.18111273754046608, "test_r2": 0.40592730634688134, "general_test_rmse": 0.2924220968537355, "general_test_mae": 0.18277952424959465, "general_test_r2": 0.3985954277615953, "target_test_rmse": 0.22809603970024053, "target_test_mae": 0.17438601258187045, "target_test_r2": 0.4486676903927782}, "fold2": {"best_model_path": "/ibex/user/bekeak/meprom-tl/checkpoints_mcmpnn/zeroshot/mcmpnn_combi_v25e_smi11_fold2-epoch=819-val_loss_weighted=0.30.ckpt", "val_rmse_scaled": 0.2973538041114807, "val_mae_scaled": 0.21602049469947815, "val_r2": 0.934046745300293, "val_rmse": 0.11184249073266983, "val_mae": 0.08125092089176178, "test_rmse": 0.22993377418922037, "test_mae": 0.16061661378770933, "test_r2": 0.6017282635311079, "general_test_rmse": 0.22556933806576937, "general_test_mae": 0.1633920316468601, "general_test_r2": 0.6421455007939988, "target_test_rmse": 0.24676427067933318, "target_test_mae": 0.14941583837897546, "target_test_r2": 0.35472846127647817}, "fold3": {"best_model_path": "/ibex/user/bekeak/meprom-tl/checkpoints_mcmpnn/zeroshot/mcmpnn_combi_v25e_smi11_fold3-epoch=51-val_loss_weighted=0.42.ckpt", "val_rmse_scaled": 0.4159337282180786, "val_mae_scaled": 0.3203582763671875, "val_r2": 0.8136850595474243, "val_rmse": 0.1571785807609558, "val_mae": 0.12106125801801682, "test_rmse": 0.35844695621648925, "test_mae": 0.28115806294163354, "test_r2": 0.03211503108514846, "general_test_rmse": 0.34325736194306866, "general_test_mae": 0.2735527380883453, "general_test_r2": 0.1713214975497297, "target_test_rmse": 0.41412478388458446, "target_test_mae": 0.31185103325361085, "target_test_r2": -0.8173576302033174}, "fold4": {"best_model_path": "/ibex/user/bekeak/meprom-tl/checkpoints_mcmpnn/zeroshot/mcmpnn_combi_v25e_smi11_fold4-epoch=953-val_loss_weighted=0.72.ckpt", "val_rmse_scaled": 0.7168924808502197, "val_mae_scaled": 0.5558161735534668, "val_r2": 0.29222726821899414, "val_rmse": 0.27146032452583313, "val_mae": 0.21046675741672516, "test_rmse": 0.20790517786521862, "test_mae": 0.1427753382272208, "test_r2": 0.6743848803979078, "general_test_rmse": 0.19643698903134754, "general_test_mae": 0.13388212067334565, "general_test_r2": 0.7286105949162136, "target_test_rmse": 0.24887438843303378, "target_test_mae": 0.17866580526109258, "target_test_r2": 0.3436456530327271}}