{"fold0": {"best_model_path": "/ibex/user/bekeak/meprom-tl/checkpoints_mcmpnn/zeroshot/mcmpnn_combi_v41d_smi5_fold0-epoch=182-val_loss_weighted=0.56.ckpt", "val_rmse_scaled": 0.5555973052978516, "val_mae_scaled": 0.3850378096103668, "val_r2": 0.6792742013931274, "val_rmse": 0.21122056245803833, "val_mae": 0.14637921750545502, "test_rmse": 0.436745232631334, "test_mae": 0.30697547978335404, "test_r2": 0.08199058068833676, "general_test_rmse": 0.48950214412248966, "general_test_mae": 0.34539287575164973, "general_test_r2": 0.02332778169966432, "target_test_rmse": 0.27104998797943664, "target_test_mae": 0.21477372126380576, "target_test_r2": 0.195499638006136}, "fold1": {"best_model_path": "/ibex/user/bekeak/meprom-tl/checkpoints_mcmpnn/zeroshot/mcmpnn_combi_v41d_smi5_fold1-epoch=192-val_loss_weighted=0.52.ckpt", "val_rmse_scaled": 0.5185218453407288, "val_mae_scaled": 0.34617742896080017, "val_r2": 0.7002822160720825, "val_rmse": 0.19821150600910187, "val_mae": 0.13233068585395813, "test_rmse": 0.42090971867260335, "test_mae": 0.28454815182824605, "test_r2": 0.14735411901166406, "general_test_rmse": 0.4722617630502166, "general_test_mae": 0.3183278434796097, "general_test_r2": 0.09091350614943827, "target_test_rmse": 0.2590099590193032, "target_test_mae": 0.2034768933550896, "target_test_r2": 0.2653839959504053}, "fold2": {"best_model_path": "/ibex/user/bekeak/meprom-tl/checkpoints_mcmpnn/zeroshot/mcmpnn_combi_v41d_smi5_fold2-epoch=968-val_loss_weighted=0.53.ckpt", "val_rmse_scaled": 0.5280426740646362, "val_mae_scaled": 0.3664780855178833, "val_r2": 0.6868753433227539, "val_rmse": 0.20273880660533905, "val_mae": 0.14070704579353333, "test_rmse": 0.4244391514710569, "test_mae": 0.2888563172157679, "test_r2": 0.1329948713873943, "general_test_rmse": 0.47436265793662735, "general_test_mae": 0.32447847179513917, "general_test_r2": 0.08280722493830839, "target_test_rmse": 0.26917907792581564, "target_test_mae": 0.20336315069562533, "target_test_r2": 0.20656736185924485}, "fold3": {"best_model_path": "/ibex/user/bekeak/meprom-tl/checkpoints_mcmpnn/zeroshot/mcmpnn_combi_v41d_smi5_fold3-epoch=173-val_loss_weighted=0.55.ckpt", "val_rmse_scaled": 0.5535675287246704, "val_mae_scaled": 0.3851814866065979, "val_r2": 0.690814197063446, "val_rmse": 0.21011534333229065, "val_mae": 0.1462017446756363, "test_rmse": 0.45670207274202645, "test_mae": 0.3561550490958747, "test_r2": -0.00382210857415477, "general_test_rmse": 0.512597261475557, "general_test_mae": 0.40966525289949357, "general_test_r2": -0.07100673206550301, "target_test_rmse": 0.28026199878987434, "target_test_mae": 0.22773056741777, "target_test_r2": 0.13988625258618637}, "fold4": {"best_model_path": "/ibex/user/bekeak/meprom-tl/checkpoints_mcmpnn/zeroshot/mcmpnn_combi_v41d_smi5_fold4-epoch=891-val_loss_weighted=0.55.ckpt", "val_rmse_scaled": 0.5509680509567261, "val_mae_scaled": 0.3803183138370514, "val_r2": 0.6989558935165405, "val_rmse": 0.20902134478092194, "val_mae": 0.1442817747592926, "test_rmse": 0.4410633151144111, "test_mae": 0.3271525703660673, "test_r2": 0.06374819932337528, "general_test_rmse": 0.5043257831009342, "general_test_mae": 0.3914348513914215, "general_test_r2": -0.03672120224747255, "target_test_rmse": 0.2258284398308219, "target_test_mae": 0.17287508398428839, "target_test_r2": 0.44154944428572207}}