{"fold0": {"best_model_path": "/ibex/user/bekeak/meprom-tl/checkpoints_mcmpnn/zeroshot/mcmpnn_combi_v29b_smi0_fold0-epoch=298-val_loss_weighted=0.51.ckpt", "val_rmse_scaled": 0.5107948780059814, "val_mae_scaled": 0.35837888717651367, "val_r2": 0.7287225723266602, "val_rmse": 0.19308742880821228, "val_mae": 0.1354721039533615, "test_rmse": 0.2300620996209071, "test_mae": 0.1546115727139807, "test_r2": 0.6012835906732761, "general_test_rmse": 0.19373136029565044, "general_test_mae": 0.13803189980358466, "general_test_r2": 0.7360350843019385, "target_test_rmse": 0.33921285388754496, "target_test_mae": 0.22152238382288086, "target_test_r2": -0.21933364012432754}, "fold1": {"best_model_path": "/ibex/user/bekeak/meprom-tl/checkpoints_mcmpnn/zeroshot/mcmpnn_combi_v29b_smi0_fold1-epoch=457-val_loss_weighted=0.49.ckpt", "val_rmse_scaled": 0.48824024200439453, "val_mae_scaled": 0.34164488315582275, "val_r2": 0.7535992860794067, "val_rmse": 0.18452678620815277, "val_mae": 0.12912215292453766, "test_rmse": 0.20359131203861866, "test_mae": 0.14433331927638612, "test_r2": 0.6877571991380715, "general_test_rmse": 0.1978929837993497, "general_test_mae": 0.14018801590580252, "general_test_r2": 0.7245725982611548, "target_test_rmse": 0.22512727050517764, "target_test_mae": 0.16106258888698793, "target_test_r2": 0.46292595360326316}, "fold2": {"best_model_path": "/ibex/user/bekeak/meprom-tl/checkpoints_mcmpnn/zeroshot/mcmpnn_combi_v29b_smi0_fold2-epoch=350-val_loss_weighted=0.48.ckpt", "val_rmse_scaled": 0.4759618043899536, "val_mae_scaled": 0.33971160650253296, "val_r2": 0.7711727619171143, "val_rmse": 0.17913731932640076, "val_mae": 0.12785695493221283, "test_rmse": 0.21859982794356408, "test_mae": 0.16320698488890625, "test_r2": 0.6400239698664087, "general_test_rmse": 0.22219505359450317, "general_test_mae": 0.1684612760808747, "general_test_r2": 0.6527716913175468, "target_test_rmse": 0.20344598710453551, "target_test_mae": 0.1420021615423333, "target_test_r2": 0.5613923419282925}, "fold3": {"best_model_path": "/ibex/user/bekeak/meprom-tl/checkpoints_mcmpnn/zeroshot/mcmpnn_combi_v29b_smi0_fold3-epoch=331-val_loss_weighted=0.47.ckpt", "val_rmse_scaled": 0.4725230932235718, "val_mae_scaled": 0.33004701137542725, "val_r2": 0.7616169452667236, "val_rmse": 0.1788634955883026, "val_mae": 0.12493222951889038, "test_rmse": 0.21831156324201068, "test_mae": 0.15317729361259527, "test_r2": 0.6409727351501825, "general_test_rmse": 0.20018990667046363, "general_test_mae": 0.14223666050858666, "general_test_r2": 0.7181417794142215, "target_test_rmse": 0.27976158718881, "target_test_mae": 0.19733057676199395, "target_test_r2": 0.1706189262674812}, "fold4": {"best_model_path": "/ibex/user/bekeak/meprom-tl/checkpoints_mcmpnn/zeroshot/mcmpnn_combi_v29b_smi0_fold4-epoch=657-val_loss_weighted=0.58.ckpt", "val_rmse_scaled": 0.582461416721344, "val_mae_scaled": 0.3970879316329956, "val_r2": 0.6331117749214172, "val_rmse": 0.2207927405834198, "val_mae": 0.15052349865436554, "test_rmse": 0.19125141935451018, "test_mae": 0.15017274677492182, "test_r2": 0.7244608683302922, "general_test_rmse": 0.19024124782863092, "general_test_mae": 0.1542286453495909, "general_test_r2": 0.7454601854023264, "target_test_rmse": 0.19527509858197806, "target_test_mae": 0.13380430321319634, "target_test_r2": 0.5959159710746691}}