{"fold0": {"best_model_path": "/ibex/user/bekeak/meprom-tl/checkpoints_mcmpnn/zeroshot/mcmpnn_combi_v29b_smi6_fold0-epoch=179-val_loss_weighted=0.52.ckpt", "val_rmse_scaled": 0.5204042196273804, "val_mae_scaled": 0.3593980669975281, "val_r2": 0.7172523140907288, "val_rmse": 0.19671989977359772, "val_mae": 0.13585737347602844, "test_rmse": 0.22424067318023716, "test_mae": 0.16041058605820005, "test_r2": 0.6212063162665976, "general_test_rmse": 0.22798635618160457, "general_test_mae": 0.16685714082183178, "general_test_r2": 0.6344354563612515, "target_test_rmse": 0.20844131239172387, "target_test_mae": 0.13439411587507358, "target_test_r2": 0.5395891474313839}, "fold1": {"best_model_path": "/ibex/user/bekeak/meprom-tl/checkpoints_mcmpnn/zeroshot/mcmpnn_combi_v29b_smi6_fold1-epoch=508-val_loss_weighted=0.49.ckpt", "val_rmse_scaled": 0.4907900094985962, "val_mae_scaled": 0.34067612886428833, "val_r2": 0.7497335076332092, "val_rmse": 0.1854904443025589, "val_mae": 0.12875601649284363, "test_rmse": 0.20872121163129506, "test_mae": 0.14994521465850266, "test_r2": 0.6718237667161665, "general_test_rmse": 0.20523319963863054, "general_test_mae": 0.14706235853169589, "general_test_r2": 0.7037614430084863, "target_test_rmse": 0.22224225874630346, "target_test_mae": 0.1615795780901113, "target_test_r2": 0.4766029881026538}, "fold2": {"best_model_path": "/ibex/user/bekeak/meprom-tl/checkpoints_mcmpnn/zeroshot/mcmpnn_combi_v29b_smi6_fold2-epoch=561-val_loss_weighted=0.46.ckpt", "val_rmse_scaled": 0.4641346335411072, "val_mae_scaled": 0.3135768175125122, "val_r2": 0.773838222026825, "val_rmse": 0.17468594014644623, "val_mae": 0.11802063137292862, "test_rmse": 0.223965046301244, "test_mae": 0.15446908748370836, "test_r2": 0.6221369374056196, "general_test_rmse": 0.21606262365636716, "general_test_mae": 0.15063486764083242, "general_test_r2": 0.6716737226820678, "target_test_rmse": 0.25336465680924874, "target_test_mae": 0.16994288411953626, "target_test_r2": 0.3197476987572977}, "fold3": {"best_model_path": "/ibex/user/bekeak/meprom-tl/checkpoints_mcmpnn/zeroshot/mcmpnn_combi_v29b_smi6_fold3-epoch=441-val_loss_weighted=0.46.ckpt", "val_rmse_scaled": 0.46119424700737, "val_mae_scaled": 0.32675689458847046, "val_r2": 0.7783728837966919, "val_rmse": 0.17457520961761475, "val_mae": 0.12368682771921158, "test_rmse": 0.2506423855869499, "test_mae": 0.1768940187222605, "test_r2": 0.5267583253288761, "general_test_rmse": 0.22370262837897972, "general_test_mae": 0.16275445463501076, "general_test_r2": 0.6480438767861669, "target_test_rmse": 0.33822028866557247, "target_test_mae": 0.23395727866158292, "target_test_r2": -0.21220833529988714}, "fold4": {"best_model_path": "/ibex/user/bekeak/meprom-tl/checkpoints_mcmpnn/zeroshot/mcmpnn_combi_v29b_smi6_fold4-epoch=760-val_loss_weighted=0.60.ckpt", "val_rmse_scaled": 0.596796989440918, "val_mae_scaled": 0.39655059576034546, "val_r2": 0.6137278079986572, "val_rmse": 0.22622689604759216, "val_mae": 0.15031981468200684, "test_rmse": 0.22207627959794787, "test_mae": 0.15017796899438296, "test_r2": 0.6284833363316809, "general_test_rmse": 0.22034412875232134, "general_test_mae": 0.14415551641387078, "general_test_r2": 0.6585325452676423, "target_test_rmse": 0.22893360560111614, "target_test_mae": 0.17448287861664796, "target_test_r2": 0.4446112853519095}}