{"fold0": {"best_model_path": "/ibex/user/bekeak/meprom-tl/checkpoints_mcmpnn/zeroshot/mcmpnn_combi_v41b_smi8_fold0-epoch=273-val_loss_weighted=0.55.ckpt", "val_rmse_scaled": 0.5548878908157349, "val_mae_scaled": 0.3789920508861542, "val_r2": 0.6727045178413391, "val_rmse": 0.21095086634159088, "val_mae": 0.14408081769943237, "test_rmse": 0.48326758982232, "test_mae": 0.3376467199419732, "test_r2": -0.12399953565128863, "general_test_rmse": 0.5425262113114974, "general_test_mae": 0.38392377199962935, "general_test_r2": -0.19972328490211622, "target_test_rmse": 0.29607171969781265, "target_test_mae": 0.22658179425854033, "target_test_r2": 0.04011034400843627}, "fold1": {"best_model_path": "/ibex/user/bekeak/meprom-tl/checkpoints_mcmpnn/zeroshot/mcmpnn_combi_v41b_smi8_fold1-epoch=150-val_loss_weighted=0.50.ckpt", "val_rmse_scaled": 0.5009404420852661, "val_mae_scaled": 0.33142441511154175, "val_r2": 0.7135166525840759, "val_rmse": 0.1914907842874527, "val_mae": 0.12669114768505096, "test_rmse": 0.47592777113153284, "test_mae": 0.34928470230670206, "test_r2": -0.09011643132867286, "general_test_rmse": 0.5408973643790458, "general_test_mae": 0.41469568873276663, "general_test_r2": -0.19253015019583675, "target_test_rmse": 0.26068510359191377, "target_test_mae": 0.19229832743356667, "target_test_r2": 0.25585102335550747}, "fold2": {"best_model_path": "/ibex/user/bekeak/meprom-tl/checkpoints_mcmpnn/zeroshot/mcmpnn_combi_v41b_smi8_fold2-epoch=257-val_loss_weighted=0.50.ckpt", "val_rmse_scaled": 0.49706941843032837, "val_mae_scaled": 0.34527668356895447, "val_r2": 0.7198135256767273, "val_rmse": 0.19084681570529938, "val_mae": 0.132566899061203, "test_rmse": 0.48377945999275884, "test_mae": 0.36632771044572837, "test_r2": -0.12638184534041974, "general_test_rmse": 0.5443398514356328, "general_test_mae": 0.4272591155367369, "general_test_r2": -0.20775793153220357, "target_test_rmse": 0.2908790699348649, "target_test_mae": 0.2200923419525982, "target_test_r2": 0.07348510631633287}, "fold3": {"best_model_path": "/ibex/user/bekeak/meprom-tl/checkpoints_mcmpnn/zeroshot/mcmpnn_combi_v41b_smi8_fold3-epoch=142-val_loss_weighted=0.57.ckpt", "val_rmse_scaled": 0.5713865756988525, "val_mae_scaled": 0.386421263217926, "val_r2": 0.6686617136001587, "val_rmse": 0.21687884628772736, "val_mae": 0.146672323346138, "test_rmse": 0.4930251555195352, "test_mae": 0.3690342984609384, "test_r2": -0.16984668498121036, "general_test_rmse": 0.5622947419709637, "general_test_mae": 0.4342085219712257, "general_test_r2": -0.288747044288318, "target_test_rmse": 0.2600577171943403, "target_test_mae": 0.21261614639002951, "target_test_r2": 0.2594285744815289}, "fold4": {"best_model_path": "/ibex/user/bekeak/meprom-tl/checkpoints_mcmpnn/zeroshot/mcmpnn_combi_v41b_smi8_fold4-epoch=171-val_loss_weighted=0.53.ckpt", "val_rmse_scaled": 0.5270959734916687, "val_mae_scaled": 0.36926892399787903, "val_r2": 0.721773624420166, "val_rmse": 0.1999649703502655, "val_mae": 0.1400899440050125, "test_rmse": 0.48408627532897025, "test_mae": 0.35806365857126193, "test_r2": -0.12781101231010128, "general_test_rmse": 0.5569079067612747, "general_test_mae": 0.4342040115454598, "general_test_r2": -0.2641726933050108, "target_test_rmse": 0.22891697835379476, "target_test_mae": 0.1753268166485935, "target_test_r2": 0.4261697106557917}}