{"fold0": {"best_model_path": "/ibex/user/bekeak/meprom-tl/checkpoints_mcmpnn/zeroshot/mcmpnn_combi_v31b_smi10_fold0-epoch=891-val_loss_weighted=0.54.ckpt", "val_rmse_scaled": 0.5396252274513245, "val_mae_scaled": 0.35372209548950195, "val_r2": 0.7083794474601746, "val_rmse": 0.20525428652763367, "val_mae": 0.13454332947731018, "test_rmse": 0.25586776623213725, "test_mae": 0.1677140648460801, "test_r2": 0.6396838918188144, "general_test_rmse": 0.2505947864133904, "general_test_mae": 0.16238336721118304, "general_test_r2": 0.6842345837435838, "target_test_rmse": 0.2774018102201483, "target_test_mae": 0.1906360905048167, "target_test_r2": 0.014151849937896421}, "fold1": {"best_model_path": "/ibex/user/bekeak/meprom-tl/checkpoints_mcmpnn/zeroshot/mcmpnn_combi_v31b_smi10_fold1-epoch=106-val_loss_weighted=0.57.ckpt", "val_rmse_scaled": 0.5720191597938538, "val_mae_scaled": 0.4077681005001068, "val_r2": 0.6832917928695679, "val_rmse": 0.21702441573143005, "val_mae": 0.15470746159553528, "test_rmse": 0.2654914223717926, "test_mae": 0.1942459941591319, "test_r2": 0.6120698707632433, "general_test_rmse": 0.25734999858615415, "general_test_mae": 0.18555724864674297, "general_test_r2": 0.6669811317330825, "target_test_rmse": 0.2979754883516161, "target_test_mae": 0.23160760184922582, "target_test_r2": -0.13750293177225714}, "fold2": {"best_model_path": "/ibex/user/bekeak/meprom-tl/checkpoints_mcmpnn/zeroshot/mcmpnn_combi_v31b_smi10_fold2-epoch=528-val_loss_weighted=0.55.ckpt", "val_rmse_scaled": 0.5476991534233093, "val_mae_scaled": 0.3557584881782532, "val_r2": 0.668136477470398, "val_rmse": 0.2098759114742279, "val_mae": 0.13632509112358093, "test_rmse": 0.2456108894073864, "test_mae": 0.17427842036599023, "test_r2": 0.6679926041788852, "general_test_rmse": 0.24240631981557495, "general_test_mae": 0.17410507486328883, "general_test_r2": 0.7045334123097304, "target_test_rmse": 0.2589390186035953, "target_test_mae": 0.17502378715280206, "target_test_r2": 0.1410132999466992}, "fold3": {"best_model_path": "/ibex/user/bekeak/meprom-tl/checkpoints_mcmpnn/zeroshot/mcmpnn_combi_v31b_smi10_fold3-epoch=46-val_loss_weighted=0.53.ckpt", "val_rmse_scaled": 0.5344910621643066, "val_mae_scaled": 0.3709031939506531, "val_r2": 0.6813907027244568, "val_rmse": 0.2058274894952774, "val_mae": 0.14283134043216705, "test_rmse": 0.253531796715869, "test_mae": 0.18299460099958562, "test_r2": 0.6462329411485244, "general_test_rmse": 0.24765984615802292, "general_test_mae": 0.17531594496405312, "general_test_r2": 0.6915876945489696, "target_test_rmse": 0.2773682714442371, "target_test_mae": 0.2160128080446248, "target_test_r2": 0.014390219985881525}, "fold4": {"best_model_path": "/ibex/user/bekeak/meprom-tl/checkpoints_mcmpnn/zeroshot/mcmpnn_combi_v31b_smi10_fold4-epoch=78-val_loss_weighted=0.49.ckpt", "val_rmse_scaled": 0.4918282628059387, "val_mae_scaled": 0.34842973947525024, "val_r2": 0.7320089340209961, "val_rmse": 0.18917733430862427, "val_mae": 0.1340203881263733, "test_rmse": 0.28188018975421764, "test_mae": 0.20319639046115384, "test_r2": 0.5626978294351939, "general_test_rmse": 0.2777937190477955, "general_test_mae": 0.1966238439101086, "general_test_r2": 0.6119699637980748, "target_test_rmse": 0.2988159166422819, "target_test_mae": 0.23145838036707814, "target_test_r2": -0.14392854627969376}}