{"fold0": {"best_model_path": "/ibex/user/bekeak/meprom-tl/checkpoints_mcmpnn/zeroshot/mcmpnn_combi_v31b_smi6_fold0-epoch=1399-val_loss_weighted=0.54.ckpt", "val_rmse_scaled": 0.537931501865387, "val_mae_scaled": 0.3595889210700989, "val_r2": 0.7067476511001587, "val_rmse": 0.20461004972457886, "val_mae": 0.13677486777305603, "test_rmse": 0.2523426972134015, "test_mae": 0.17855641457356855, "test_r2": 0.6495435929257758, "general_test_rmse": 0.23431254371700966, "general_test_mae": 0.16422313996722424, "general_test_r2": 0.7239348549180978, "target_test_rmse": 0.3184447617670433, "target_test_mae": 0.24018950928859967, "target_test_r2": -0.29915109294726094}, "fold1": {"best_model_path": "/ibex/user/bekeak/meprom-tl/checkpoints_mcmpnn/zeroshot/mcmpnn_combi_v31b_smi6_fold1-epoch=80-val_loss_weighted=0.56.ckpt", "val_rmse_scaled": 0.5575093626976013, "val_mae_scaled": 0.3858504891395569, "val_r2": 0.6972600817680359, "val_rmse": 0.21151939034461975, "val_mae": 0.14639191329479218, "test_rmse": 0.2932639444637754, "test_mae": 0.21234456820661332, "test_r2": 0.5266636408793168, "general_test_rmse": 0.261811335099946, "general_test_mae": 0.19130521153462668, "general_test_r2": 0.6553348357710368, "target_test_rmse": 0.4013421985911142, "target_test_mae": 0.30281376911360114, "target_test_r2": -1.0635789786985819}, "fold2": {"best_model_path": "/ibex/user/bekeak/meprom-tl/checkpoints_mcmpnn/zeroshot/mcmpnn_combi_v31b_smi6_fold2-epoch=597-val_loss_weighted=0.54.ckpt", "val_rmse_scaled": 0.5430245399475098, "val_mae_scaled": 0.36520275473594666, "val_r2": 0.6799930334091187, "val_rmse": 0.2080846130847931, "val_mae": 0.13994409143924713, "test_rmse": 0.31468649725360837, "test_mae": 0.22367830082691573, "test_r2": 0.4549846433796235, "general_test_rmse": 0.29251106233199503, "general_test_mae": 0.2103567403216271, "general_test_r2": 0.5697656413139928, "target_test_rmse": 0.3961395514007452, "target_test_mae": 0.2809609941116741, "target_test_r2": -1.0104249026613812}, "fold3": {"best_model_path": "/ibex/user/bekeak/meprom-tl/checkpoints_mcmpnn/zeroshot/mcmpnn_combi_v31b_smi6_fold3-epoch=93-val_loss_weighted=0.55.ckpt", "val_rmse_scaled": 0.5463032126426697, "val_mae_scaled": 0.4074084162712097, "val_r2": 0.6682047247886658, "val_rmse": 0.21037624776363373, "val_mae": 0.1568891555070877, "test_rmse": 0.26642740700186046, "test_mae": 0.2065699956667927, "test_r2": 0.6093297695563771, "general_test_rmse": 0.24793047995237302, "general_test_mae": 0.19537260523552305, "general_test_r2": 0.6909132824591447, "target_test_rmse": 0.3345055126000535, "target_test_mae": 0.25471876657396597, "target_test_r2": -0.43350100839242467}, "fold4": {"best_model_path": "/ibex/user/bekeak/meprom-tl/checkpoints_mcmpnn/zeroshot/mcmpnn_combi_v31b_smi6_fold4-epoch=130-val_loss_weighted=0.50.ckpt", "val_rmse_scaled": 0.49576419591903687, "val_mae_scaled": 0.3433060050010681, "val_r2": 0.7281485795974731, "val_rmse": 0.1906912624835968, "val_mae": 0.1320495754480362, "test_rmse": 0.2838157666582588, "test_mae": 0.20128331499425298, "test_r2": 0.5566715949225085, "general_test_rmse": 0.2758360631579916, "general_test_mae": 0.1954729635077121, "general_test_r2": 0.6174197102865948, "target_test_rmse": 0.3158395062601309, "target_test_mae": 0.2262678532084691, "target_test_r2": -0.2779808565952979}}