{"fold0": {"best_model_path": "/ibex/user/bekeak/meprom-tl/checkpoints_mcmpnn/zeroshot/mcmpnn_combi_v37b_smi9_fold0-epoch=320-val_loss_weighted=0.53.ckpt", "val_rmse_scaled": 0.5299698114395142, "val_mae_scaled": 0.38949087262153625, "val_r2": 0.7049569487571716, "val_rmse": 0.2014777958393097, "val_mae": 0.14807213842868805, "test_rmse": 0.45519094992936093, "test_mae": 0.33373621671524084, "test_r2": 0.0028097376260249884, "general_test_rmse": 0.512070744040684, "general_test_mae": 0.3845116401630853, "general_test_r2": -0.06880767970580903, "target_test_rmse": 0.27414677935466386, "target_test_mae": 0.21187521087122688, "target_test_r2": 0.1770115210431621}, "fold1": {"best_model_path": "/ibex/user/bekeak/meprom-tl/checkpoints_mcmpnn/zeroshot/mcmpnn_combi_v37b_smi9_fold1-epoch=241-val_loss_weighted=0.54.ckpt", "val_rmse_scaled": 0.543060302734375, "val_mae_scaled": 0.36826542019844055, "val_r2": 0.6654621958732605, "val_rmse": 0.20759163796901703, "val_mae": 0.14077408611774445, "test_rmse": 0.4620179849445736, "test_mae": 0.331255069357816, "test_r2": -0.02732665034206061, "general_test_rmse": 0.5314032739349881, "general_test_mae": 0.39702978916827597, "general_test_r2": -0.15103383187083863, "target_test_rmse": 0.21916082436686066, "target_test_mae": 0.17339575969410553, "target_test_r2": 0.474039281668044}, "fold2": {"best_model_path": "/ibex/user/bekeak/meprom-tl/checkpoints_mcmpnn/zeroshot/mcmpnn_combi_v37b_smi9_fold2-epoch=1225-val_loss_weighted=0.52.ckpt", "val_rmse_scaled": 0.5247756242752075, "val_mae_scaled": 0.3699042797088623, "val_r2": 0.6873366236686707, "val_rmse": 0.20148444175720215, "val_mae": 0.1420225203037262, "test_rmse": 0.47618818598935664, "test_mae": 0.31781530215826154, "test_r2": -0.09130972240825797, "general_test_rmse": 0.5232432786613996, "general_test_mae": 0.34584837341008096, "general_test_r2": -0.1159556979365699, "target_test_rmse": 0.33747174071774627, "target_test_mae": 0.2505359617012756, "target_test_r2": -0.24710288074325404}, "fold3": {"best_model_path": "/ibex/user/bekeak/meprom-tl/checkpoints_mcmpnn/zeroshot/mcmpnn_combi_v37b_smi9_fold3-epoch=262-val_loss_weighted=0.56.ckpt", "val_rmse_scaled": 0.5550633072853088, "val_mae_scaled": 0.39303359389305115, "val_r2": 0.6890736818313599, "val_rmse": 0.21068307757377625, "val_mae": 0.14918214082717896, "test_rmse": 0.43519738530758906, "test_mae": 0.3015292952980158, "test_r2": 0.08848599438880544, "general_test_rmse": 0.49470434645798406, "general_test_mae": 0.3516313962941647, "general_test_r2": 0.002458230873725986, "target_test_rmse": 0.23788912945357002, "target_test_mae": 0.18128422832034263, "target_test_r2": 0.38030691041512943}, "fold4": {"best_model_path": "/ibex/user/bekeak/meprom-tl/checkpoints_mcmpnn/zeroshot/mcmpnn_combi_v37b_smi9_fold4-epoch=326-val_loss_weighted=0.57.ckpt", "val_rmse_scaled": 0.5721282362937927, "val_mae_scaled": 0.4047224521636963, "val_r2": 0.6730014681816101, "val_rmse": 0.21704889833927155, "val_mae": 0.1535399854183197, "test_rmse": 0.48915913751722634, "test_mae": 0.35942759415554854, "test_r2": -0.15157209473808186, "general_test_rmse": 0.564698968343011, "general_test_mae": 0.4376424864368817, "general_test_r2": -0.29979130083505345, "target_test_rmse": 0.21958329109492625, "target_test_mae": 0.17171184597482642, "target_test_r2": 0.4720095843634705}}