{"fold0": {"best_model_path": "/ibex/user/bekeak/meprom-tl/checkpoints_mcmpnn/zeroshot/mcmpnn_combi_v41b_smi7_fold0-epoch=223-val_loss_weighted=0.56.ckpt", "val_rmse_scaled": 0.5573505163192749, "val_mae_scaled": 0.3811720609664917, "val_r2": 0.6734291315078735, "val_rmse": 0.21188707649707794, "val_mae": 0.1449095904827118, "test_rmse": 0.47447524729901863, "test_mae": 0.3304428607501051, "test_r2": -0.0834725500239768, "general_test_rmse": 0.5411603901097611, "general_test_mae": 0.38867609041813767, "general_test_r2": -0.19369023119849116, "target_test_rmse": 0.250160009469174, "target_test_mae": 0.19068311476223332, "target_test_r2": 0.31472761902796054}, "fold1": {"best_model_path": "/ibex/user/bekeak/meprom-tl/checkpoints_mcmpnn/zeroshot/mcmpnn_combi_v41b_smi7_fold1-epoch=112-val_loss_weighted=0.51.ckpt", "val_rmse_scaled": 0.5083208084106445, "val_mae_scaled": 0.3452339768409729, "val_r2": 0.7056569457054138, "val_rmse": 0.19431202113628387, "val_mae": 0.13197003304958344, "test_rmse": 0.456679973948292, "test_mae": 0.3342804517471237, "test_r2": -0.003724965502781785, "general_test_rmse": 0.5230643137664686, "general_test_mae": 0.40053810156679265, "general_test_r2": -0.11519244784702853, "target_test_rmse": 0.22904443987322157, "target_test_mae": 0.17526208323922157, "target_test_r2": 0.42553051260487584}, "fold2": {"best_model_path": "/ibex/user/bekeak/meprom-tl/checkpoints_mcmpnn/zeroshot/mcmpnn_combi_v41b_smi7_fold2-epoch=407-val_loss_weighted=0.49.ckpt", "val_rmse_scaled": 0.4911287724971771, "val_mae_scaled": 0.3367852568626404, "val_r2": 0.7253361940383911, "val_rmse": 0.1885659396648407, "val_mae": 0.12930667400360107, "test_rmse": 0.4290999964208019, "test_mae": 0.31551201020696373, "test_r2": 0.11384883447422534, "general_test_rmse": 0.4405834678876906, "general_test_mae": 0.32653297019043714, "general_test_r2": 0.2087822321392948, "target_test_rmse": 0.4001975002552058, "target_test_mae": 0.2890617025213375, "target_test_r2": -0.7537843984653785}, "fold3": {"best_model_path": "/ibex/user/bekeak/meprom-tl/checkpoints_mcmpnn/zeroshot/mcmpnn_combi_v41b_smi7_fold3-epoch=196-val_loss_weighted=0.56.ckpt", "val_rmse_scaled": 0.5625581741333008, "val_mae_scaled": 0.38255423307418823, "val_r2": 0.6799473166465759, "val_rmse": 0.2135278731584549, "val_mae": 0.14520452916622162, "test_rmse": 0.4513287337811573, "test_mae": 0.31566002146307603, "test_r2": 0.01965991997719263, "general_test_rmse": 0.512154754782253, "general_test_mae": 0.36614176852736574, "general_test_r2": -0.06915840738330536, "target_test_rmse": 0.25108949314134604, "target_test_mae": 0.19450381733291017, "target_test_r2": 0.3096258219709931}, "fold4": {"best_model_path": "/ibex/user/bekeak/meprom-tl/checkpoints_mcmpnn/zeroshot/mcmpnn_combi_v41b_smi7_fold4-epoch=151-val_loss_weighted=0.53.ckpt", "val_rmse_scaled": 0.532113254070282, "val_mae_scaled": 0.3821016252040863, "val_r2": 0.7188915014266968, "val_rmse": 0.20186838507652283, "val_mae": 0.14495830237865448, "test_rmse": 0.48916663856174014, "test_mae": 0.3581199673743718, "test_r2": -0.15160741273221046, "general_test_rmse": 0.5567423097709325, "general_test_mae": 0.4255857472704155, "general_test_r2": -0.2634209996531027, "target_test_rmse": 0.2639257750887145, "target_test_mae": 0.19620210530962182, "target_test_r2": 0.237234449370317}}