{"fold0": {"best_model_path": "/ibex/user/bekeak/meprom-tl/checkpoints_mcmpnn/zeroshot/mcmpnn_combi_v41b_smi1_fold0-epoch=119-val_loss_weighted=0.56.ckpt", "val_rmse_scaled": 0.5645158290863037, "val_mae_scaled": 0.3942909836769104, "val_r2": 0.669452965259552, "val_rmse": 0.21461109817028046, "val_mae": 0.1498969942331314, "test_rmse": 0.5006211374966981, "test_mae": 0.3423562694539946, "test_r2": -0.20617176113907942, "general_test_rmse": 0.5750991571113245, "general_test_mae": 0.4088899383378526, "general_test_r2": -0.3481092839587907, "target_test_rmse": 0.24153568560050637, "target_test_mae": 0.18267547456354827, "target_test_r2": 0.36116299029760757}, "fold1": {"best_model_path": "/ibex/user/bekeak/meprom-tl/checkpoints_mcmpnn/zeroshot/mcmpnn_combi_v41b_smi1_fold1-epoch=130-val_loss_weighted=0.51.ckpt", "val_rmse_scaled": 0.5065217018127441, "val_mae_scaled": 0.3433575928211212, "val_r2": 0.7069025039672852, "val_rmse": 0.19362430274486542, "val_mae": 0.13125276565551758, "test_rmse": 0.4864941068489019, "test_mae": 0.3697180404776502, "test_r2": -0.13905831531891488, "general_test_rmse": 0.5506664226342795, "general_test_mae": 0.431817767583704, "general_test_r2": -0.23599532756231745, "target_test_rmse": 0.2773801112307201, "target_test_mae": 0.22067870063852765, "target_test_r2": 0.15748412048062954}, "fold2": {"best_model_path": "/ibex/user/bekeak/meprom-tl/checkpoints_mcmpnn/zeroshot/mcmpnn_combi_v41b_smi1_fold2-epoch=449-val_loss_weighted=0.52.ckpt", "val_rmse_scaled": 0.5162249803543091, "val_mae_scaled": 0.3655628561973572, "val_r2": 0.6971532702445984, "val_rmse": 0.1982014775276184, "val_mae": 0.1403556615114212, "test_rmse": 0.4360021799199992, "test_mae": 0.31076481187344795, "test_r2": 0.08511161817047197, "general_test_rmse": 0.4854803011327512, "general_test_mae": 0.34832002731423534, "general_test_r2": 0.03931090116545932, "target_test_rmse": 0.28403197910922556, "target_test_mae": 0.22063228512980348, "target_test_r2": 0.11659075680194453}, "fold3": {"best_model_path": "/ibex/user/bekeak/meprom-tl/checkpoints_mcmpnn/zeroshot/mcmpnn_combi_v41b_smi1_fold3-epoch=337-val_loss_weighted=0.56.ckpt", "val_rmse_scaled": 0.5592522621154785, "val_mae_scaled": 0.37080270051956177, "val_r2": 0.681614875793457, "val_rmse": 0.21227306127548218, "val_mae": 0.14074404537677765, "test_rmse": 0.4705433765862695, "test_mae": 0.34439283329997855, "test_r2": -0.06558996133497308, "general_test_rmse": 0.530416804325149, "general_test_mae": 0.3985221203195466, "general_test_r2": -0.14676435877532934, "target_test_rmse": 0.2785262671996812, "target_test_mae": 0.21448255562888602, "target_test_r2": 0.15050705439224432}, "fold4": {"best_model_path": "/ibex/user/bekeak/meprom-tl/checkpoints_mcmpnn/zeroshot/mcmpnn_combi_v41b_smi1_fold4-epoch=164-val_loss_weighted=0.52-v1.ckpt", "val_rmse_scaled": 0.5197992920875549, "val_mae_scaled": 0.3710760176181793, "val_r2": 0.7314585447311401, "val_rmse": 0.1971968114376068, "val_mae": 0.14077550172805786, "test_rmse": 0.4643639147413108, "test_mae": 0.34803717407543977, "test_r2": -0.03778578762880014, "general_test_rmse": 0.5279597605083486, "general_test_mae": 0.41593819268733584, "general_test_r2": -0.13616467879069472, "target_test_rmse": 0.25332874739691674, "target_test_mae": 0.1850747301519474, "target_test_r2": 0.29725719048277943}}