{"fold0": {"best_model_path": "/ibex/user/bekeak/meprom-tl/checkpoints_mcmpnn/zeroshot/mcmpnn_combi_v34b_smi3_fold0-epoch=240-val_loss_weighted=0.57.ckpt", "val_rmse_scaled": 0.5650371313095093, "val_mae_scaled": 0.3959254324436188, "val_r2": 0.6659203171730042, "val_rmse": 0.21480928361415863, "val_mae": 0.15051835775375366, "test_rmse": 0.4059470488362241, "test_mae": 0.29342480471656507, "test_r2": 0.20689704459580793, "general_test_rmse": 0.46332183207846533, "general_test_mae": 0.3440237789608958, "general_test_r2": 0.12500581396469967, "target_test_rmse": 0.21235613691574656, "target_test_mae": 0.17198726056970673, "target_test_r2": 0.5061931709671394}, "fold1": {"best_model_path": "/ibex/user/bekeak/meprom-tl/checkpoints_mcmpnn/zeroshot/mcmpnn_combi_v34b_smi3_fold1-epoch=183-val_loss_weighted=0.50.ckpt", "val_rmse_scaled": 0.4971980154514313, "val_mae_scaled": 0.3396468162536621, "val_r2": 0.7229644060134888, "val_rmse": 0.19006019830703735, "val_mae": 0.12983426451683044, "test_rmse": 0.46015689399689536, "test_mae": 0.3330042206020412, "test_r2": -0.019066809570528642, "general_test_rmse": 0.5302265653430168, "general_test_mae": 0.40083881390997095, "general_test_r2": -0.1459419106170532, "target_test_rmse": 0.21258959559015342, "target_test_mae": 0.17020119368277778, "target_test_r2": 0.5051068180207117}, "fold2": {"best_model_path": "/ibex/user/bekeak/meprom-tl/checkpoints_mcmpnn/zeroshot/mcmpnn_combi_v34b_smi3_fold2-epoch=476-val_loss_weighted=0.52.ckpt", "val_rmse_scaled": 0.5160406827926636, "val_mae_scaled": 0.36613211035728455, "val_r2": 0.701081395149231, "val_rmse": 0.19813071191310883, "val_mae": 0.14057421684265137, "test_rmse": 0.3973004076481267, "test_mae": 0.27361836655876914, "test_r2": 0.24032328924933677, "general_test_rmse": 0.4419369283981242, "general_test_mae": 0.3043473877636258, "general_test_r2": 0.20391356618872059, "target_test_rmse": 0.2606570114374599, "target_test_mae": 0.19986872460780983, "target_test_r2": 0.2560113978558035}, "fold3": {"best_model_path": "/ibex/user/bekeak/meprom-tl/checkpoints_mcmpnn/zeroshot/mcmpnn_combi_v34b_smi3_fold3-epoch=641-val_loss_weighted=0.56.ckpt", "val_rmse_scaled": 0.5605947971343994, "val_mae_scaled": 0.3730558156967163, "val_r2": 0.6820077300071716, "val_rmse": 0.21278265118598938, "val_mae": 0.14159925282001495, "test_rmse": 0.41895589811021816, "test_mae": 0.28174112965332704, "test_r2": 0.15525153962850036, "general_test_rmse": 0.47658237715762947, "general_test_mae": 0.3253215353606523, "general_test_r2": 0.07420336968576169, "target_test_rmse": 0.22730580724721497, "target_test_mae": 0.17714817011184958, "target_test_r2": 0.43421878791569035}, "fold4": {"best_model_path": "/ibex/user/bekeak/meprom-tl/checkpoints_mcmpnn/zeroshot/mcmpnn_combi_v34b_smi3_fold4-epoch=537-val_loss_weighted=0.56.ckpt", "val_rmse_scaled": 0.5566233992576599, "val_mae_scaled": 0.41248828172683716, "val_r2": 0.6907605528831482, "val_rmse": 0.21116681396961212, "val_mae": 0.1564861238002777, "test_rmse": 0.4844765589882504, "test_mae": 0.36169898951705926, "test_r2": -0.12963028985772018, "general_test_rmse": 0.5567125605936771, "general_test_mae": 0.436114146624692, "general_test_r2": -0.26328598303797546, "target_test_rmse": 0.2328310781238491, "target_test_mae": 0.18310259681252136, "target_test_r2": 0.4063788615811339}}