{"fold0": {"best_model_path": "/ibex/user/bekeak/meprom-tl/checkpoints_mcmpnn/zeroshot/mcmpnn_combi_v41b_smi6_fold0-epoch=308-val_loss_weighted=0.55.ckpt", "val_rmse_scaled": 0.5505191683769226, "val_mae_scaled": 0.37661856412887573, "val_r2": 0.6723548173904419, "val_rmse": 0.209290012717247, "val_mae": 0.14317849278450012, "test_rmse": 0.45256649831405915, "test_mae": 0.30268083105716626, "test_r2": 0.014275400887902356, "general_test_rmse": 0.515228096506837, "general_test_mae": 0.34854166335466036, "general_test_r2": -0.0820285334760591, "target_test_rmse": 0.24345822941876819, "target_test_mae": 0.19261484471905138, "target_test_r2": 0.35095265519501595}, "fold1": {"best_model_path": "/ibex/user/bekeak/meprom-tl/checkpoints_mcmpnn/zeroshot/mcmpnn_combi_v41b_smi6_fold1-epoch=132-val_loss_weighted=0.50.ckpt", "val_rmse_scaled": 0.5020095109939575, "val_mae_scaled": 0.34031370282173157, "val_r2": 0.7099016308784485, "val_rmse": 0.19189944863319397, "val_mae": 0.1300891935825348, "test_rmse": 0.4667568177813323, "test_mae": 0.3360411663096706, "test_r2": -0.048508925489934684, "general_test_rmse": 0.53129915767728, "general_test_mae": 0.3941396242822827, "general_test_r2": -0.1505828388082442, "target_test_rmse": 0.2515182732811538, "target_test_mae": 0.1966048649402275, "target_test_r2": 0.30726593438437455}, "fold2": {"best_model_path": "/ibex/user/bekeak/meprom-tl/checkpoints_mcmpnn/zeroshot/mcmpnn_combi_v41b_smi6_fold2-epoch=447-val_loss_weighted=0.51.ckpt", "val_rmse_scaled": 0.5053293704986572, "val_mae_scaled": 0.34481754899024963, "val_r2": 0.7124751806259155, "val_rmse": 0.1940181702375412, "val_mae": 0.13239061832427979, "test_rmse": 0.45103869075049574, "test_mae": 0.32793241323964645, "test_r2": 0.020919531528010737, "general_test_rmse": 0.4955265946648307, "general_test_mae": 0.36646631990404915, "general_test_r2": -0.0008605537154151577, "target_test_rmse": 0.3199534242634365, "target_test_mae": 0.23545102532415124, "target_test_r2": -0.12098805317707484}, "fold3": {"best_model_path": "/ibex/user/bekeak/meprom-tl/checkpoints_mcmpnn/zeroshot/mcmpnn_combi_v41b_smi6_fold3-epoch=152-val_loss_weighted=0.59.ckpt", "val_rmse_scaled": 0.5868936777114868, "val_mae_scaled": 0.405568927526474, "val_r2": 0.6503106951713562, "val_rmse": 0.22276480495929718, "val_mae": 0.1539401262998581, "test_rmse": 0.5217700616114254, "test_mae": 0.3920719004630602, "test_r2": -0.31023472054643375, "general_test_rmse": 0.5976830886359124, "general_test_mae": 0.47672360251169543, "general_test_r2": -0.4560677160290818, "target_test_rmse": 0.26132240490920866, "target_test_mae": 0.18890780288034859, "target_test_r2": 0.2522081084627852}, "fold4": {"best_model_path": "/ibex/user/bekeak/meprom-tl/checkpoints_mcmpnn/zeroshot/mcmpnn_combi_v41b_smi6_fold4-epoch=141-val_loss_weighted=0.53.ckpt", "val_rmse_scaled": 0.5273298025131226, "val_mae_scaled": 0.3694990277290344, "val_r2": 0.7239854335784912, "val_rmse": 0.20005367696285248, "val_mae": 0.14017724990844727, "test_rmse": 0.4914508897608051, "test_mae": 0.3611197197288969, "test_r2": -0.16238779856562613, "general_test_rmse": 0.5578516993961763, "general_test_mae": 0.42552744975616186, "general_test_r2": -0.26846111460819566, "target_test_rmse": 0.2725895748363645, "target_test_mae": 0.20654115574253193, "target_test_r2": 0.18633442192034666}}