{"fold0": {"best_model_path": "/ibex/user/bekeak/meprom-tl/checkpoints_mcmpnn/zeroshot/mcmpnn_combi_v34f_smi10_fold0-epoch=482-val_loss_weighted=0.55.ckpt", "val_rmse_scaled": 0.5529618263244629, "val_mae_scaled": 0.3890121579170227, "val_r2": 0.6733623743057251, "val_rmse": 0.2102186381816864, "val_mae": 0.1478901505470276, "test_rmse": 0.4711688990512097, "test_mae": 0.3339354326851257, "test_r2": -0.06842495396617676, "general_test_rmse": 0.5203368542963067, "general_test_mae": 0.375729675135998, "general_test_r2": -0.10359268095739327, "target_test_rmse": 0.32403609366239233, "target_test_mae": 0.23362927315477408, "target_test_r2": -0.14977863697051141}, "fold1": {"best_model_path": "/ibex/user/bekeak/meprom-tl/checkpoints_mcmpnn/zeroshot/mcmpnn_combi_v34f_smi10_fold1-epoch=514-val_loss_weighted=0.54.ckpt", "val_rmse_scaled": 0.5427189469337463, "val_mae_scaled": 0.3609902858734131, "val_r2": 0.6631537079811096, "val_rmse": 0.2074611485004425, "val_mae": 0.13799308240413666, "test_rmse": 0.43345797489277343, "test_mae": 0.2939009562207527, "test_r2": 0.09575776819221238, "general_test_rmse": 0.4897767834558474, "general_test_mae": 0.3401468882016913, "general_test_r2": 0.022231533778158008, "target_test_rmse": 0.25119044526335993, "target_test_mae": 0.18291069562464218, "target_test_r2": 0.3090705717453536}, "fold2": {"best_model_path": "/ibex/user/bekeak/meprom-tl/checkpoints_mcmpnn/zeroshot/mcmpnn_combi_v34f_smi10_fold2-epoch=477-val_loss_weighted=0.54.ckpt", "val_rmse_scaled": 0.5425069332122803, "val_mae_scaled": 0.3874182105064392, "val_r2": 0.6676797866821289, "val_rmse": 0.20829227566719055, "val_mae": 0.14874689280986786, "test_rmse": 0.5140669960502973, "test_mae": 0.37981933154810027, "test_r2": -0.27183342915137176, "general_test_rmse": 0.576188695286973, "general_test_mae": 0.4460156464935187, "general_test_r2": -0.35322216880472346, "target_test_rmse": 0.31893015823154447, "target_test_mae": 0.2209482092067089, "target_test_r2": -0.11382929413127663}, "fold3": {"best_model_path": "/ibex/user/bekeak/meprom-tl/checkpoints_mcmpnn/zeroshot/mcmpnn_combi_v34f_smi10_fold3-epoch=573-val_loss_weighted=0.57.ckpt", "val_rmse_scaled": 0.5671273469924927, "val_mae_scaled": 0.41359251737594604, "val_r2": 0.6759755611419678, "val_rmse": 0.21526217460632324, "val_mae": 0.1569855958223343, "test_rmse": 0.4481801375422595, "test_mae": 0.32028162677822203, "test_r2": 0.03329046477456832, "general_test_rmse": 0.49208093113063534, "general_test_mae": 0.34840939307248303, "general_test_r2": 0.013010098889365107, "target_test_rmse": 0.3190575850862752, "target_test_mae": 0.25277499363246003, "target_test_r2": -0.11471952112321326}, "fold4": {"best_model_path": "/ibex/user/bekeak/meprom-tl/checkpoints_mcmpnn/zeroshot/mcmpnn_combi_v34f_smi10_fold4-epoch=403-val_loss_weighted=0.56.ckpt", "val_rmse_scaled": 0.5609317421913147, "val_mae_scaled": 0.3954683840274811, "val_r2": 0.6880167126655579, "val_rmse": 0.2128012776374817, "val_mae": 0.1500292718410492, "test_rmse": 0.4848851008598437, "test_mae": 0.3530277051090542, "test_r2": -0.13153624732078328, "general_test_rmse": 0.554942480239178, "general_test_mae": 0.42134424717689134, "general_test_r2": -0.2552654605458953, "target_test_rmse": 0.24551846110226033, "target_test_mae": 0.18906799222531584, "target_test_r2": 0.33992122864475305}}