{"fold0": {"best_model_path": "/ibex/user/bekeak/meprom-tl/checkpoints_mcmpnn/zeroshot/mcmpnn_combi_v37b_smi1_fold0-epoch=246-val_loss_weighted=0.55.ckpt", "val_rmse_scaled": 0.5450731515884399, "val_mae_scaled": 0.389045387506485, "val_r2": 0.6861051917076111, "val_rmse": 0.20721961557865143, "val_mae": 0.14790277183055878, "test_rmse": 0.4479252405773621, "test_mae": 0.30571725457878374, "test_r2": 0.034389760500188604, "general_test_rmse": 0.5152452034339831, "general_test_mae": 0.3633691244087785, "general_test_r2": -0.08210038705202272, "target_test_rmse": 0.2121781787515452, "target_test_mae": 0.16735276773185426, "target_test_r2": 0.5070204617327908}, "fold1": {"best_model_path": "/ibex/user/bekeak/meprom-tl/checkpoints_mcmpnn/zeroshot/mcmpnn_combi_v37b_smi1_fold1-epoch=623-val_loss_weighted=0.49.ckpt", "val_rmse_scaled": 0.49415072798728943, "val_mae_scaled": 0.33784109354019165, "val_r2": 0.721393346786499, "val_rmse": 0.1888953298330307, "val_mae": 0.12914401292800903, "test_rmse": 0.4691286585576872, "test_mae": 0.33694928664351925, "test_r2": -0.05919206820190781, "general_test_rmse": 0.536487721875418, "general_test_mae": 0.3952106745764545, "general_test_r2": -0.17316530725922008, "target_test_rmse": 0.23981658886943513, "target_test_mae": 0.1971219638001133, "target_test_r2": 0.37022429640481525}, "fold2": {"best_model_path": "/ibex/user/bekeak/meprom-tl/checkpoints_mcmpnn/zeroshot/mcmpnn_combi_v37b_smi1_fold2-epoch=812-val_loss_weighted=0.54.ckpt", "val_rmse_scaled": 0.537946343421936, "val_mae_scaled": 0.3716825544834137, "val_r2": 0.6758340001106262, "val_rmse": 0.2065412551164627, "val_mae": 0.1427052766084671, "test_rmse": 0.4804024134901834, "test_mae": 0.3384503299221226, "test_r2": -0.11071120313881311, "general_test_rmse": 0.5423229099709116, "general_test_mae": 0.3940583389185322, "general_test_r2": -0.1988243065757942, "target_test_rmse": 0.28071356694818456, "target_test_mae": 0.20499112025166855, "target_test_r2": 0.13711232758381642}, "fold3": {"best_model_path": "/ibex/user/bekeak/meprom-tl/checkpoints_mcmpnn/zeroshot/mcmpnn_combi_v37b_smi1_fold3-epoch=339-val_loss_weighted=0.59.ckpt", "val_rmse_scaled": 0.5887184143066406, "val_mae_scaled": 0.3999879062175751, "val_r2": 0.6469852328300476, "val_rmse": 0.22345741093158722, "val_mae": 0.15182176232337952, "test_rmse": 0.4718546261973377, "test_mae": 0.3221880135105825, "test_r2": -0.07153713363072334, "general_test_rmse": 0.5429752958431845, "general_test_mae": 0.3884723900028051, "general_test_r2": -0.20171028626322407, "target_test_rmse": 0.2223192485414457, "target_test_mae": 0.1631054935379711, "target_test_r2": 0.45877033705144554}, "fold4": {"best_model_path": "/ibex/user/bekeak/meprom-tl/checkpoints_mcmpnn/zeroshot/mcmpnn_combi_v37b_smi1_fold4-epoch=740-val_loss_weighted=0.57.ckpt", "val_rmse_scaled": 0.5669525265693665, "val_mae_scaled": 0.3938637375831604, "val_r2": 0.67816162109375, "val_rmse": 0.21508538722991943, "val_mae": 0.14942051470279694, "test_rmse": 0.47258371838059554, "test_mae": 0.33334508471130797, "test_r2": -0.07485109044488092, "general_test_rmse": 0.5412131764367227, "general_test_mae": 0.3911637328284354, "general_test_r2": -0.19392311445121813, "target_test_rmse": 0.23738610711735142, "target_test_mae": 0.1945803091136345, "target_test_r2": 0.38292485178294244}}