{"fold0": {"best_model_path": "/ibex/user/bekeak/meprom-tl/checkpoints_mcmpnn/zeroshot/mcmpnn_combi_v25e_smi3_fold0-epoch=473-val_loss_weighted=0.46.ckpt", "val_rmse_scaled": 0.4562957286834717, "val_mae_scaled": 0.3601582646369934, "val_r2": 0.8168210983276367, "val_rmse": 0.17202557623386383, "val_mae": 0.13578130304813385, "test_rmse": 0.3230386967573855, "test_mae": 0.2310973569524495, "test_r2": 0.21389048919188014, "general_test_rmse": 0.34259974512644276, "general_test_mae": 0.2475293932158808, "general_test_r2": 0.17449364163335201, "target_test_rmse": 0.2276106628947901, "target_test_mae": 0.1647823300446341, "target_test_r2": 0.4510116082595643}, "fold1": {"best_model_path": "/ibex/user/bekeak/meprom-tl/checkpoints_mcmpnn/zeroshot/mcmpnn_combi_v25e_smi3_fold1-epoch=783-val_loss_weighted=0.25.ckpt", "val_rmse_scaled": 0.2481098175048828, "val_mae_scaled": 0.1735818237066269, "val_r2": 0.9162222743034363, "val_rmse": 0.09364745020866394, "val_mae": 0.06551734358072281, "test_rmse": 0.23035377580468502, "test_mae": 0.1624324390611028, "test_r2": 0.6002719524953031, "general_test_rmse": 0.22820569141742736, "general_test_mae": 0.15972282651033273, "general_test_r2": 0.6337317321906051, "target_test_rmse": 0.23882658484200145, "target_test_mae": 0.1733676441110976, "target_test_r2": 0.39557378665128085}, "fold2": {"best_model_path": "/ibex/user/bekeak/meprom-tl/checkpoints_mcmpnn/zeroshot/mcmpnn_combi_v25e_smi3_fold2-epoch=790-val_loss_weighted=0.33.ckpt", "val_rmse_scaled": 0.33003753423690796, "val_mae_scaled": 0.23495063185691833, "val_r2": 0.9251075983047485, "val_rmse": 0.12413569539785385, "val_mae": 0.08837103843688965, "test_rmse": 0.28853837880729893, "test_mae": 0.2047701261521248, "test_r2": 0.37283599290371805, "general_test_rmse": 0.28919898551249723, "general_test_mae": 0.21166418314187352, "general_test_r2": 0.4117798711634931, "target_test_rmse": 0.2858568672437039, "target_test_mae": 0.176947674421487, "target_test_r2": 0.13408509744733288}, "fold3": {"best_model_path": "/ibex/user/bekeak/meprom-tl/checkpoints_mcmpnn/zeroshot/mcmpnn_combi_v25e_smi3_fold3-epoch=645-val_loss_weighted=0.44.ckpt", "val_rmse_scaled": 0.43682724237442017, "val_mae_scaled": 0.29317206144332886, "val_r2": 0.8038123250007629, "val_rmse": 0.16507409512996674, "val_mae": 0.1107877641916275, "test_rmse": 0.3054847148361849, "test_mae": 0.20908918124803919, "test_r2": 0.29700389086639933, "general_test_rmse": 0.28852993437331753, "general_test_mae": 0.19473018094517083, "general_test_r2": 0.4144983738973268, "target_test_rmse": 0.3660138762641837, "target_test_mae": 0.26703800922074394, "target_test_r2": -0.4196230931484377}, "fold4": {"best_model_path": "/ibex/user/bekeak/meprom-tl/checkpoints_mcmpnn/zeroshot/mcmpnn_combi_v25e_smi3_fold4-epoch=858-val_loss_weighted=0.64.ckpt", "val_rmse_scaled": 0.6404166221618652, "val_mae_scaled": 0.4349057078361511, "val_r2": 0.43627244234085083, "val_rmse": 0.24250178039073944, "val_mae": 0.16468249261379242, "test_rmse": 0.20382885106474263, "test_mae": 0.147438304451699, "test_r2": 0.6870281589966487, "general_test_rmse": 0.19935021276994766, "general_test_mae": 0.14653971347160083, "general_test_r2": 0.7205013215936802, "target_test_rmse": 0.22098296123176855, "target_test_mae": 0.15106476197146387, "target_test_r2": 0.4825176614502603}}