{"fold0": {"best_model_path": "/ibex/user/bekeak/meprom-tl/checkpoints_mcmpnn/zeroshot/mcmpnn_combi_v25e_smi6_fold0-epoch=601-val_loss_weighted=0.40.ckpt", "val_rmse_scaled": 0.4041534662246704, "val_mae_scaled": 0.31798630952835083, "val_r2": 0.8563421964645386, "val_rmse": 0.1523676961660385, "val_mae": 0.11988229304552078, "test_rmse": 0.2277868321532701, "test_mae": 0.1540883144462122, "test_r2": 0.6091310416996948, "general_test_rmse": 0.22137945637972437, "general_test_mae": 0.14780674500183982, "general_test_r2": 0.6553161105352608, "target_test_rmse": 0.2519951726490231, "target_test_mae": 0.17943898507926775, "target_test_r2": 0.3270816105964489}, "fold1": {"best_model_path": "/ibex/user/bekeak/meprom-tl/checkpoints_mcmpnn/zeroshot/mcmpnn_combi_v25e_smi6_fold1-epoch=711-val_loss_weighted=0.28.ckpt", "val_rmse_scaled": 0.28302857279777527, "val_mae_scaled": 0.19782517850399017, "val_r2": 0.919873833656311, "val_rmse": 0.10682731121778488, "val_mae": 0.07466784119606018, "test_rmse": 0.21905647587775753, "test_mae": 0.14856896801138425, "test_r2": 0.6385184425590994, "general_test_rmse": 0.2055477713813965, "general_test_mae": 0.14182141466783302, "general_test_r2": 0.7028526261444978, "target_test_rmse": 0.2667095998589322, "target_test_mae": 0.17580016011172975, "target_test_r2": 0.2462015330407521}, "fold2": {"best_model_path": "/ibex/user/bekeak/meprom-tl/checkpoints_mcmpnn/zeroshot/mcmpnn_combi_v25e_smi6_fold2-epoch=327-val_loss_weighted=0.41.ckpt", "val_rmse_scaled": 0.40621209144592285, "val_mae_scaled": 0.3415125012397766, "val_r2": 0.8888746500015259, "val_rmse": 0.15278692543506622, "val_mae": 0.12845173478126526, "test_rmse": 0.2880948157674751, "test_mae": 0.2299586668267791, "test_r2": 0.3747627587621841, "general_test_rmse": 0.30118589632138437, "general_test_mae": 0.24468897713317708, "general_test_r2": 0.36200744014550224, "target_test_rmse": 0.22774068162187933, "target_test_mae": 0.1705113590557741, "target_test_r2": 0.450384228523232}, "fold3": {"best_model_path": "/ibex/user/bekeak/meprom-tl/checkpoints_mcmpnn/zeroshot/mcmpnn_combi_v25e_smi6_fold3-epoch=341-val_loss_weighted=0.42.ckpt", "val_rmse_scaled": 0.41702425479888916, "val_mae_scaled": 0.3082219064235687, "val_r2": 0.8205970525741577, "val_rmse": 0.15759068727493286, "val_mae": 0.11647500097751617, "test_rmse": 0.3050595036354969, "test_mae": 0.2297491899167568, "test_r2": 0.29895956175308125, "general_test_rmse": 0.3158939224794706, "general_test_mae": 0.24124175028736797, "general_test_r2": 0.29817490565867755, "target_test_rmse": 0.25673010812501024, "target_test_mae": 0.1833684977209102, "target_test_r2": 0.30155604702544714}, "fold4": {"best_model_path": "/ibex/user/bekeak/meprom-tl/checkpoints_mcmpnn/zeroshot/mcmpnn_combi_v25e_smi6_fold4-epoch=579-val_loss_weighted=0.81.ckpt", "val_rmse_scaled": 0.8074617385864258, "val_mae_scaled": 0.49112945795059204, "val_r2": 0.06827792525291443, "val_rmse": 0.30575549602508545, "val_mae": 0.18597231805324554, "test_rmse": 0.2936140864950977, "test_mae": 0.21751055696415178, "test_r2": 0.3505769085392658, "general_test_rmse": 0.29829186139950153, "general_test_mae": 0.22557425135342032, "general_test_r2": 0.3742092202268137, "target_test_rmse": 0.27392538207313266, "target_test_mae": 0.1849677956435901, "target_test_r2": 0.20486200496083218}}