{"fold0": {"best_model_path": "/ibex/user/bekeak/meprom-tl/checkpoints_mcmpnn/zeroshot/mcmpnn_combi_v29b_smi9_fold0-epoch=539-val_loss_weighted=0.50.ckpt", "val_rmse_scaled": 0.4958931505680084, "val_mae_scaled": 0.34865403175354004, "val_r2": 0.744527280330658, "val_rmse": 0.18745437264442444, "val_mae": 0.1317959725856781, "test_rmse": 0.19582100702756064, "test_mae": 0.12980585419310722, "test_r2": 0.7111366051981962, "general_test_rmse": 0.19900526206608343, "general_test_mae": 0.1308074799771418, "general_test_r2": 0.7214677599930703, "target_test_rmse": 0.1824063056081266, "target_test_mae": 0.1257635999949123, "target_test_r2": 0.647420019841382}, "fold1": {"best_model_path": "/ibex/user/bekeak/meprom-tl/checkpoints_mcmpnn/zeroshot/mcmpnn_combi_v29b_smi9_fold1-epoch=993-val_loss_weighted=0.49.ckpt", "val_rmse_scaled": 0.4907272160053253, "val_mae_scaled": 0.35458701848983765, "val_r2": 0.7521998286247253, "val_rmse": 0.1854667216539383, "val_mae": 0.13401353359222412, "test_rmse": 0.21587811756846795, "test_mae": 0.15688666979652297, "test_r2": 0.648932039364412, "general_test_rmse": 0.21678251332742232, "general_test_mae": 0.1564344921665308, "general_test_r2": 0.6694822057190062, "target_test_rmse": 0.21218904287506501, "target_test_mae": 0.15871150184397775, "target_test_r2": 0.5228841306497716}, "fold2": {"best_model_path": "/ibex/user/bekeak/meprom-tl/checkpoints_mcmpnn/zeroshot/mcmpnn_combi_v29b_smi9_fold2-epoch=473-val_loss_weighted=0.47.ckpt", "val_rmse_scaled": 0.4701487720012665, "val_mae_scaled": 0.32799232006073, "val_r2": 0.7715001702308655, "val_rmse": 0.17694948613643646, "val_mae": 0.12344618141651154, "test_rmse": 0.20301402451353448, "test_mae": 0.15345382222396245, "test_r2": 0.6895254309459327, "general_test_rmse": 0.2001965682752474, "general_test_mae": 0.1575948455117463, "general_test_r2": 0.7181230206331999, "target_test_rmse": 0.21400786989531415, "target_test_mae": 0.1367418332552403, "target_test_r2": 0.5146696586968312}, "fold3": {"best_model_path": "/ibex/user/bekeak/meprom-tl/checkpoints_mcmpnn/zeroshot/mcmpnn_combi_v29b_smi9_fold3-epoch=107-val_loss_weighted=0.48.ckpt", "val_rmse_scaled": 0.482951283454895, "val_mae_scaled": 0.3547249436378479, "val_r2": 0.758698582649231, "val_rmse": 0.18281087279319763, "val_mae": 0.13427352905273438, "test_rmse": 0.23400985688876527, "test_mae": 0.16823697886534747, "test_r2": 0.5874826172828069, "general_test_rmse": 0.2269087207631173, "general_test_mae": 0.16786424477119188, "general_test_r2": 0.63788315617357, "target_test_rmse": 0.2607099675701246, "target_test_mae": 0.16974122398079788, "target_test_r2": 0.27973348429698774}, "fold4": {"best_model_path": "/ibex/user/bekeak/meprom-tl/checkpoints_mcmpnn/zeroshot/mcmpnn_combi_v29b_smi9_fold4-epoch=771-val_loss_weighted=0.58.ckpt", "val_rmse_scaled": 0.5849167704582214, "val_mae_scaled": 0.39293015003204346, "val_r2": 0.6258175373077393, "val_rmse": 0.22172348201274872, "val_mae": 0.14894741773605347, "test_rmse": 0.23571198082753364, "test_mae": 0.1626103713513674, "test_r2": 0.5814597140913059, "general_test_rmse": 0.22391499347595997, "general_test_mae": 0.15633592507612326, "general_test_r2": 0.6473753225153533, "target_test_rmse": 0.27828518131968044, "target_test_mae": 0.18793225339863476, "target_test_r2": 0.1793497317961621}}