{"fold0": {"best_model_path": "/ibex/user/bekeak/meprom-tl/checkpoints_mcmpnn/zeroshot/mcmpnn_combi_v41d_smi1_fold0-epoch=173-val_loss_weighted=0.57.ckpt", "val_rmse_scaled": 0.5692458748817444, "val_mae_scaled": 0.3931141197681427, "val_r2": 0.6574367880821228, "val_rmse": 0.21640931069850922, "val_mae": 0.14944958686828613, "test_rmse": 0.5192465275006225, "test_mae": 0.39156786370418917, "test_r2": -0.2975915027015297, "general_test_rmse": 0.5934553668914904, "general_test_mae": 0.46677551843878845, "general_test_r2": -0.4355415291319402, "target_test_rmse": 0.26728896052724554, "target_test_mae": 0.21106948265539627, "target_test_r2": 0.21767086684083503}, "fold1": {"best_model_path": "/ibex/user/bekeak/meprom-tl/checkpoints_mcmpnn/zeroshot/mcmpnn_combi_v41d_smi1_fold1-epoch=73-val_loss_weighted=0.53.ckpt", "val_rmse_scaled": 0.5303832292556763, "val_mae_scaled": 0.3639092743396759, "val_r2": 0.6773164868354797, "val_rmse": 0.20274566113948822, "val_mae": 0.13910889625549316, "test_rmse": 0.48641624325268096, "test_mae": 0.35776664405680003, "test_r2": -0.1386937309263947, "general_test_rmse": 0.561016255775455, "general_test_mae": 0.4358657321027462, "general_test_r2": -0.2828932737934615, "target_test_rmse": 0.22151395985615058, "target_test_mae": 0.17032885137298087, "target_test_r2": 0.4626841390441393}, "fold2": {"best_model_path": "/ibex/user/bekeak/meprom-tl/checkpoints_mcmpnn/zeroshot/mcmpnn_combi_v41d_smi1_fold2-epoch=814-val_loss_weighted=0.50.ckpt", "val_rmse_scaled": 0.49589890241622925, "val_mae_scaled": 0.35285574197769165, "val_r2": 0.7229579091072083, "val_rmse": 0.19039739668369293, "val_mae": 0.13547684252262115, "test_rmse": 0.42408687356228925, "test_mae": 0.29570052906112493, "test_r2": 0.13443347573295272, "general_test_rmse": 0.47033367027587375, "general_test_mae": 0.3245664445058462, "general_test_r2": 0.0983213683625539, "target_test_rmse": 0.28385890097516037, "target_test_mae": 0.22642234018943252, "target_test_r2": 0.11766705981954784}, "fold3": {"best_model_path": "/ibex/user/bekeak/meprom-tl/checkpoints_mcmpnn/zeroshot/mcmpnn_combi_v41d_smi1_fold3-epoch=133-val_loss_weighted=0.59.ckpt", "val_rmse_scaled": 0.5921246409416199, "val_mae_scaled": 0.4235345721244812, "val_r2": 0.6465622782707214, "val_rmse": 0.22475029528141022, "val_mae": 0.16075927019119263, "test_rmse": 0.4435545002164561, "test_mae": 0.33057605885183217, "test_r2": 0.05314217861789172, "general_test_rmse": 0.506943873914563, "general_test_mae": 0.3930759597569165, "general_test_r2": -0.0475129384497579, "target_test_rmse": 0.22833528124159905, "target_test_mae": 0.18057630264009436, "target_test_r2": 0.429082306511388}, "fold4": {"best_model_path": "/ibex/user/bekeak/meprom-tl/checkpoints_mcmpnn/zeroshot/mcmpnn_combi_v41d_smi1_fold4-epoch=197-val_loss_weighted=0.52.ckpt", "val_rmse_scaled": 0.5245703458786011, "val_mae_scaled": 0.358200341463089, "val_r2": 0.7246624231338501, "val_rmse": 0.1990068107843399, "val_mae": 0.13589085638523102, "test_rmse": 0.4908121973008073, "test_mae": 0.37575127323156887, "test_r2": -0.15936846980302133, "general_test_rmse": 0.561409628659922, "general_test_mae": 0.4517627030905154, "general_test_r2": -0.28469298048396396, "target_test_rmse": 0.2502291837947533, "target_test_mae": 0.19332384529538724, "target_test_r2": 0.3143485831550883}}