{"fold0": {"best_model_path": "/ibex/user/bekeak/meprom-tl/checkpoints_mcmpnn/zeroshot/mcmpnn_combi_v31b_smi4_fold0-epoch=1055-val_loss_weighted=0.55.ckpt", "val_rmse_scaled": 0.5503597855567932, "val_mae_scaled": 0.36691921949386597, "val_r2": 0.69431471824646, "val_rmse": 0.20933732390403748, "val_mae": 0.13956305384635925, "test_rmse": 0.24902167188368343, "test_mae": 0.1673142057153206, "test_r2": 0.6587074472558174, "general_test_rmse": 0.23928447217007123, "general_test_mae": 0.16206091051768554, "general_test_r2": 0.71209478334057, "target_test_rmse": 0.2871535159241274, "target_test_mae": 0.18990336314422251, "target_test_r2": -0.05637890615151164}, "fold1": {"best_model_path": "/ibex/user/bekeak/meprom-tl/checkpoints_mcmpnn/zeroshot/mcmpnn_combi_v31b_smi4_fold1-epoch=306-val_loss_weighted=0.56.ckpt", "val_rmse_scaled": 0.5633059740066528, "val_mae_scaled": 0.4093693792819977, "val_r2": 0.6928422451019287, "val_rmse": 0.21371863782405853, "val_mae": 0.15531499683856964, "test_rmse": 0.3196418718136172, "test_mae": 0.25147705741524673, "test_r2": 0.4376847612424749, "general_test_rmse": 0.29916134581346576, "general_test_mae": 0.2378858876471859, "general_test_r2": 0.5499803715744609, "target_test_rmse": 0.39581136208632567, "target_test_mae": 0.3099191033124802, "target_test_r2": -1.0070951333602696}, "fold2": {"best_model_path": "/ibex/user/bekeak/meprom-tl/checkpoints_mcmpnn/zeroshot/mcmpnn_combi_v31b_smi4_fold2-epoch=1099-val_loss_weighted=0.55.ckpt", "val_rmse_scaled": 0.5510455369949341, "val_mae_scaled": 0.3573894202709198, "val_r2": 0.6701169013977051, "val_rmse": 0.21115823090076447, "val_mae": 0.1369500607252121, "test_rmse": 0.3331537107301963, "test_mae": 0.23273720352037464, "test_r2": 0.38913979665621856, "general_test_rmse": 0.30039833732267524, "general_test_mae": 0.2053043907019037, "general_test_r2": 0.5462511375307217, "target_test_rmse": 0.4474662223880308, "target_test_mae": 0.35069831254754996, "target_test_r2": -1.5651452354365119}, "fold3": {"best_model_path": "/ibex/user/bekeak/meprom-tl/checkpoints_mcmpnn/zeroshot/mcmpnn_combi_v31b_smi4_fold3-epoch=48-val_loss_weighted=0.56.ckpt", "val_rmse_scaled": 0.5593885183334351, "val_mae_scaled": 0.42974981665611267, "val_r2": 0.6538551449775696, "val_rmse": 0.21541526913642883, "val_mae": 0.16549262404441833, "test_rmse": 0.28839528553476107, "test_mae": 0.21574627753641984, "test_r2": 0.5422494910879396, "general_test_rmse": 0.28187594881070543, "general_test_mae": 0.20744484755627676, "general_test_r2": 0.6004818239097927, "target_test_rmse": 0.31489416302923234, "target_test_mae": 0.2514424334049103, "target_test_r2": -0.2703420242601826}, "fold4": {"best_model_path": "/ibex/user/bekeak/meprom-tl/checkpoints_mcmpnn/zeroshot/mcmpnn_combi_v31b_smi4_fold4-epoch=97-val_loss_weighted=0.49.ckpt", "val_rmse_scaled": 0.4916408061981201, "val_mae_scaled": 0.34701189398765564, "val_r2": 0.7327526211738586, "val_rmse": 0.18910524249076843, "val_mae": 0.13347502052783966, "test_rmse": 0.2632682905726765, "test_mae": 0.188856463748251, "test_r2": 0.6185394508227039, "general_test_rmse": 0.2593669528732849, "general_test_mae": 0.19006995565196783, "general_test_r2": 0.6617406734900735, "target_test_rmse": 0.27942401271348377, "target_test_mae": 0.18363842174017844, "target_test_r2": -0.00027380213398808806}}