{"fold0": {"best_model_path": "/ibex/user/bekeak/meprom-tl/checkpoints_mcmpnn/zeroshot/mcmpnn_combi_v34f_smi0_fold0-epoch=610-val_loss_weighted=0.57.ckpt", "val_rmse_scaled": 0.5666211247444153, "val_mae_scaled": 0.39909878373146057, "val_r2": 0.666537880897522, "val_rmse": 0.2154114693403244, "val_mae": 0.15172475576400757, "test_rmse": 0.3804807187115065, "test_mae": 0.2708995403574754, "test_r2": 0.30328349683332423, "general_test_rmse": 0.4324156135995362, "general_test_mae": 0.3150427427592735, "general_test_r2": 0.23784663506641146, "target_test_rmse": 0.20843023005009031, "target_test_mae": 0.16495586353385655, "target_test_r2": 0.5242827771592793}, "fold1": {"best_model_path": "/ibex/user/bekeak/meprom-tl/checkpoints_mcmpnn/zeroshot/mcmpnn_combi_v34f_smi0_fold1-epoch=670-val_loss_weighted=0.54.ckpt", "val_rmse_scaled": 0.5407864451408386, "val_mae_scaled": 0.3632763922214508, "val_r2": 0.6656895875930786, "val_rmse": 0.2067224234342575, "val_mae": 0.13886697590351105, "test_rmse": 0.4386220026952241, "test_mae": 0.30251395403920534, "test_r2": 0.07408393740166541, "general_test_rmse": 0.4960409741626468, "general_test_mae": 0.3510612078513638, "general_test_r2": -0.0029395111685055486, "target_test_rmse": 0.2521656464021615, "target_test_mae": 0.18600051210747032, "target_test_r2": 0.30369534253994246}, "fold2": {"best_model_path": "/ibex/user/bekeak/meprom-tl/checkpoints_mcmpnn/zeroshot/mcmpnn_combi_v34f_smi0_fold2-epoch=946-val_loss_weighted=0.50.ckpt", "val_rmse_scaled": 0.5015770196914673, "val_mae_scaled": 0.3547136187553406, "val_r2": 0.7175005078315735, "val_rmse": 0.19257748126983643, "val_mae": 0.13619016110897064, "test_rmse": 0.4331386817729656, "test_mae": 0.29523715460433797, "test_r2": 0.097089440475841, "general_test_rmse": 0.4767352533515951, "general_test_mae": 0.32385261435152407, "general_test_r2": 0.07360932772327589, "target_test_rmse": 0.3039858716553082, "target_test_mae": 0.2265600594067303, "target_test_r2": -0.011892222523832707}, "fold3": {"best_model_path": "/ibex/user/bekeak/meprom-tl/checkpoints_mcmpnn/zeroshot/mcmpnn_combi_v34f_smi0_fold3-epoch=476-val_loss_weighted=0.58.ckpt", "val_rmse_scaled": 0.5796147584915161, "val_mae_scaled": 0.41274428367614746, "val_r2": 0.660142183303833, "val_rmse": 0.2200019806623459, "val_mae": 0.15666364133358002, "test_rmse": 0.4919524779009063, "test_mae": 0.3464730767685898, "test_r2": -0.16476173858411802, "general_test_rmse": 0.5627214909196439, "general_test_mae": 0.4131906346181718, "general_test_r2": -0.2907039544400254, "target_test_rmse": 0.25076978461712124, "target_test_mae": 0.1863509654967411, "target_test_r2": 0.31138278908307804}, "fold4": {"best_model_path": "/ibex/user/bekeak/meprom-tl/checkpoints_mcmpnn/zeroshot/mcmpnn_combi_v34f_smi0_fold4-epoch=634-val_loss_weighted=0.54.ckpt", "val_rmse_scaled": 0.5381563901901245, "val_mae_scaled": 0.3818514049053192, "val_r2": 0.7110732197761536, "val_rmse": 0.20416097342967987, "val_mae": 0.14486338198184967, "test_rmse": 0.4254008199186841, "test_mae": 0.3080239679190249, "test_r2": 0.1290616054405228, "general_test_rmse": 0.4858552633259806, "general_test_mae": 0.36397005349241063, "general_test_r2": 0.037826345767491554, "target_test_rmse": 0.22079654688135011, "target_test_mae": 0.173753346151622, "target_test_r2": 0.4661588920702364}}