{"fold0": {"best_model_path": "/ibex/user/bekeak/meprom-tl/checkpoints_mcmpnn/zeroshot/mcmpnn_combi_v29b_smi1_fold0-epoch=301-val_loss_weighted=0.51.ckpt", "val_rmse_scaled": 0.5088880062103271, "val_mae_scaled": 0.3674156367778778, "val_r2": 0.7306230068206787, "val_rmse": 0.1923666149377823, "val_mae": 0.13888812065124512, "test_rmse": 0.20972226488887494, "test_mae": 0.1426269475759864, "test_r2": 0.668668268518164, "general_test_rmse": 0.2153593478399542, "general_test_mae": 0.1455874599540003, "general_test_r2": 0.6738076238165587, "target_test_rmse": 0.1852375899480092, "target_test_mae": 0.13067917186521363, "target_test_r2": 0.6363896823579889}, "fold1": {"best_model_path": "/ibex/user/bekeak/meprom-tl/checkpoints_mcmpnn/zeroshot/mcmpnn_combi_v29b_smi1_fold1-epoch=903-val_loss_weighted=0.49.ckpt", "val_rmse_scaled": 0.4873146414756775, "val_mae_scaled": 0.3417346477508545, "val_r2": 0.7549569606781006, "val_rmse": 0.1841769516468048, "val_mae": 0.12915608286857605, "test_rmse": 0.20713110010539434, "test_mae": 0.14863328327749506, "test_r2": 0.6768050433091818, "general_test_rmse": 0.189068621782384, "general_test_mae": 0.13953637493183102, "general_test_r2": 0.7485884251596667, "target_test_rmse": 0.26792588705564985, "target_test_mae": 0.18534583498187854, "target_test_r2": 0.2393106977153242}, "fold2": {"best_model_path": "/ibex/user/bekeak/meprom-tl/checkpoints_mcmpnn/zeroshot/mcmpnn_combi_v29b_smi1_fold2-epoch=418-val_loss_weighted=0.47.ckpt", "val_rmse_scaled": 0.471466064453125, "val_mae_scaled": 0.3295293152332306, "val_r2": 0.7734798192977905, "val_rmse": 0.17744526267051697, "val_mae": 0.1240246593952179, "test_rmse": 0.2684988539518556, "test_mae": 0.19508258587742938, "test_r2": 0.45692623374611396, "general_test_rmse": 0.2556920667182969, "general_test_mae": 0.19281297036362818, "general_test_r2": 0.5401874097242675, "target_test_rmse": 0.31493525822471596, "target_test_mae": 0.20424213649624684, "target_test_r2": -0.051043093662652694}, "fold3": {"best_model_path": "/ibex/user/bekeak/meprom-tl/checkpoints_mcmpnn/zeroshot/mcmpnn_combi_v29b_smi1_fold3-epoch=494-val_loss_weighted=0.47.ckpt", "val_rmse_scaled": 0.47443872690200806, "val_mae_scaled": 0.3269875943660736, "val_r2": 0.7626380920410156, "val_rmse": 0.17958863079547882, "val_mae": 0.12377415597438812, "test_rmse": 0.26839987603750015, "test_mae": 0.19276639652133568, "test_r2": 0.4573265512927913, "general_test_rmse": 0.2858524529725378, "general_test_mae": 0.21144527488830273, "general_test_r2": 0.4253145544607596, "target_test_rmse": 0.18166034418335927, "target_test_mae": 0.11738375364543097, "target_test_r2": 0.650297916674839}, "fold4": {"best_model_path": "/ibex/user/bekeak/meprom-tl/checkpoints_mcmpnn/zeroshot/mcmpnn_combi_v29b_smi1_fold4-epoch=851-val_loss_weighted=0.59.ckpt", "val_rmse_scaled": 0.5938520431518555, "val_mae_scaled": 0.3996504545211792, "val_r2": 0.6087151765823364, "val_rmse": 0.22511056065559387, "val_mae": 0.15149487555027008, "test_rmse": 0.228092803155442, "test_mae": 0.15811890971563927, "test_r2": 0.6080802795682942, "general_test_rmse": 0.22946911551906382, "general_test_mae": 0.16039791800882042, "general_test_r2": 0.6296649349887198, "target_test_rmse": 0.2224519399122468, "target_test_mae": 0.1489214919045361, "target_test_r2": 0.47561489278588587}}