{"fold0": {"best_model_path": "/ibex/user/bekeak/meprom-tl/checkpoints_mcmpnn/zeroshot/mcmpnn_combi_v34f_smi5_fold0-epoch=456-val_loss_weighted=0.56.ckpt", "val_rmse_scaled": 0.5591961145401001, "val_mae_scaled": 0.38733696937561035, "val_r2": 0.6743916273117065, "val_rmse": 0.21258871257305145, "val_mae": 0.14725328981876373, "test_rmse": 0.4434312266276691, "test_mae": 0.3172490662472046, "test_r2": 0.05366841087015106, "general_test_rmse": 0.47717524129609207, "general_test_mae": 0.33988205070997896, "general_test_r2": 0.07189857184347204, "target_test_rmse": 0.3493928544450538, "target_test_mae": 0.2629299094970108, "target_test_r2": -0.3367663257873712}, "fold1": {"best_model_path": "/ibex/user/bekeak/meprom-tl/checkpoints_mcmpnn/zeroshot/mcmpnn_combi_v34f_smi5_fold1-epoch=611-val_loss_weighted=0.55.ckpt", "val_rmse_scaled": 0.5494265556335449, "val_mae_scaled": 0.3625810742378235, "val_r2": 0.663379967212677, "val_rmse": 0.21002522110939026, "val_mae": 0.1386011838912964, "test_rmse": 0.42648316897036925, "test_mae": 0.2866174908616041, "test_r2": 0.12462410317323347, "general_test_rmse": 0.4781713450109086, "general_test_mae": 0.3237438294442892, "general_test_r2": 0.0680197024801037, "target_test_rmse": 0.26393943877876647, "target_test_mae": 0.19751429092914696, "target_test_r2": 0.2371554691203125}, "fold2": {"best_model_path": "/ibex/user/bekeak/meprom-tl/checkpoints_mcmpnn/zeroshot/mcmpnn_combi_v34f_smi5_fold2-epoch=504-val_loss_weighted=0.55.ckpt", "val_rmse_scaled": 0.5494579076766968, "val_mae_scaled": 0.39176565408706665, "val_r2": 0.6588584184646606, "val_rmse": 0.21096105873584747, "val_mae": 0.1504160612821579, "test_rmse": 0.5040515970440743, "test_mae": 0.3566112571437589, "test_r2": -0.22275875599134287, "general_test_rmse": 0.5712037395000145, "general_test_mae": 0.42127616127876766, "general_test_r2": -0.32990837611967727, "target_test_rmse": 0.284208255745795, "target_test_mae": 0.20141547902409934, "target_test_r2": 0.11549388923351012}, "fold3": {"best_model_path": "/ibex/user/bekeak/meprom-tl/checkpoints_mcmpnn/zeroshot/mcmpnn_combi_v34f_smi5_fold3-epoch=575-val_loss_weighted=0.57.ckpt", "val_rmse_scaled": 0.5733942985534668, "val_mae_scaled": 0.40063032507896423, "val_r2": 0.667822003364563, "val_rmse": 0.21764090657234192, "val_mae": 0.15206559002399445, "test_rmse": 0.4633772467095031, "test_mae": 0.3148896670240179, "test_r2": -0.03338035388517979, "general_test_rmse": 0.5199622322530245, "general_test_mae": 0.36241543256541825, "general_test_r2": -0.10200416645964938, "target_test_rmse": 0.2849159344627904, "target_test_mae": 0.20082786101709554, "target_test_r2": 0.11108356377600448}, "fold4": {"best_model_path": "/ibex/user/bekeak/meprom-tl/checkpoints_mcmpnn/zeroshot/mcmpnn_combi_v34f_smi5_fold4-epoch=553-val_loss_weighted=0.55.ckpt", "val_rmse_scaled": 0.5503634214401245, "val_mae_scaled": 0.38258495926856995, "val_r2": 0.6989784240722656, "val_rmse": 0.20879197120666504, "val_mae": 0.14514166116714478, "test_rmse": 0.46169527113754516, "test_mae": 0.32622575447573504, "test_r2": -0.025892001823887956, "general_test_rmse": 0.530608133188296, "general_test_mae": 0.38972608848448215, "general_test_r2": -0.14759181631914475, "target_test_rmse": 0.2214601857325644, "target_test_mae": 0.17382495061956788, "target_test_r2": 0.4629449820398047}}