{"fold0": {"best_model_path": "/ibex/user/bekeak/meprom-tl/checkpoints_mcmpnn/zeroshot/mcmpnn_combi_v31b_smi12_fold0-epoch=293-val_loss_weighted=0.54.ckpt", "val_rmse_scaled": 0.5406394600868225, "val_mae_scaled": 0.3602389097213745, "val_r2": 0.7072890996932983, "val_rmse": 0.2056400626897812, "val_mae": 0.13702209293842316, "test_rmse": 0.25654569597380283, "test_mae": 0.1740320790701307, "test_r2": 0.6377720245369839, "general_test_rmse": 0.24756174686786098, "general_test_mae": 0.16800215401424815, "general_test_r2": 0.6918319734389716, "target_test_rmse": 0.292044289175954, "target_test_mae": 0.1999607518433721, "target_test_r2": -0.09266965083584155}, "fold1": {"best_model_path": "/ibex/user/bekeak/meprom-tl/checkpoints_mcmpnn/zeroshot/mcmpnn_combi_v31b_smi12_fold1-epoch=376-val_loss_weighted=0.57.ckpt", "val_rmse_scaled": 0.5732715129852295, "val_mae_scaled": 0.39503365755081177, "val_r2": 0.6808180809020996, "val_rmse": 0.21749956905841827, "val_mae": 0.14987601339817047, "test_rmse": 0.3173736982233332, "test_mae": 0.23175713721357907, "test_r2": 0.4456368068015356, "general_test_rmse": 0.3113762258320137, "general_test_mae": 0.2283111516153884, "general_test_r2": 0.5124811631191724, "target_test_rmse": 0.3419663696673556, "target_test_mae": 0.2465748782660314, "target_test_r2": -0.4981601469054622}, "fold2": {"best_model_path": "/ibex/user/bekeak/meprom-tl/checkpoints_mcmpnn/zeroshot/mcmpnn_combi_v31b_smi12_fold2-epoch=240-val_loss_weighted=0.55.ckpt", "val_rmse_scaled": 0.5467590093612671, "val_mae_scaled": 0.37383466958999634, "val_r2": 0.6688078045845032, "val_rmse": 0.20951564610004425, "val_mae": 0.14325180649757385, "test_rmse": 0.26803269806010827, "test_mae": 0.19097098977714339, "test_r2": 0.6046078171877663, "general_test_rmse": 0.25665898491212136, "general_test_mae": 0.18342081122167578, "general_test_r2": 0.6687671169137163, "target_test_rmse": 0.3122540669828111, "target_test_mae": 0.2234367605458862, "target_test_r2": -0.24913003630217156}, "fold3": {"best_model_path": "/ibex/user/bekeak/meprom-tl/checkpoints_mcmpnn/zeroshot/mcmpnn_combi_v31b_smi12_fold3-epoch=306-val_loss_weighted=0.55.ckpt", "val_rmse_scaled": 0.5461113452911377, "val_mae_scaled": 0.385904997587204, "val_r2": 0.6689450144767761, "val_rmse": 0.21030235290527344, "val_mae": 0.14860840141773224, "test_rmse": 0.2881735104640698, "test_mae": 0.20945862578040447, "test_r2": 0.5429532378077022, "general_test_rmse": 0.27210514069066505, "general_test_mae": 0.19175640500478378, "general_test_r2": 0.6276991793475607, "target_test_rmse": 0.348935313641247, "target_test_mae": 0.28557817412216235, "target_test_r2": -0.5598444508019469}, "fold4": {"best_model_path": "/ibex/user/bekeak/meprom-tl/checkpoints_mcmpnn/zeroshot/mcmpnn_combi_v31b_smi12_fold4-epoch=131-val_loss_weighted=0.48.ckpt", "val_rmse_scaled": 0.4781668782234192, "val_mae_scaled": 0.34109020233154297, "val_r2": 0.7483087182044983, "val_rmse": 0.18392260372638702, "val_mae": 0.13119728863239288, "test_rmse": 0.2619884402666934, "test_mae": 0.19078250744618178, "test_r2": 0.6222392940787831, "general_test_rmse": 0.2552833464351881, "general_test_mae": 0.18984088494044213, "general_test_r2": 0.6723082794150321, "target_test_rmse": 0.28905340276655245, "target_test_mae": 0.1948314812406301, "target_test_r2": -0.07040373751680962}}