{"fold0": {"best_model_path": "/ibex/user/bekeak/meprom-tl/checkpoints_mcmpnn/zeroshot/mcmpnn_combi_v25e_smi9_fold0-epoch=544-val_loss_weighted=0.39.ckpt", "val_rmse_scaled": 0.38764262199401855, "val_mae_scaled": 0.33590126037597656, "val_r2": 0.8649051189422607, "val_rmse": 0.14614303410053253, "val_mae": 0.1266363114118576, "test_rmse": 0.23546594053282374, "test_mae": 0.15206160629225007, "test_r2": 0.5823330174331954, "general_test_rmse": 0.245947778060605, "general_test_mae": 0.15769122697070231, "general_test_r2": 0.5745660358623614, "target_test_rmse": 0.18729545857490099, "target_test_mae": 0.12934205505338123, "target_test_r2": 0.6282658602136773}, "fold1": {"best_model_path": "/ibex/user/bekeak/meprom-tl/checkpoints_mcmpnn/zeroshot/mcmpnn_combi_v25e_smi9_fold1-epoch=817-val_loss_weighted=0.25.ckpt", "val_rmse_scaled": 0.25275754928588867, "val_mae_scaled": 0.17539110779762268, "val_r2": 0.9236105680465698, "val_rmse": 0.09540170431137085, "val_mae": 0.06620024144649506, "test_rmse": 0.2820928275180719, "test_mae": 0.2064891105131688, "test_r2": 0.4005429950648073, "general_test_rmse": 0.2746519901027364, "general_test_mae": 0.2081425692144211, "general_test_r2": 0.4694676728587337, "target_test_rmse": 0.31031419913079045, "target_test_mae": 0.19981622999789805, "target_test_r2": -0.02042537698340796}, "fold2": {"best_model_path": "/ibex/user/bekeak/meprom-tl/checkpoints_mcmpnn/zeroshot/mcmpnn_combi_v25e_smi9_fold2-epoch=606-val_loss_weighted=0.37.ckpt", "val_rmse_scaled": 0.3697203993797302, "val_mae_scaled": 0.3067987859249115, "val_r2": 0.9076429605484009, "val_rmse": 0.13906145095825195, "val_mae": 0.11539499461650848, "test_rmse": 0.21377542884721787, "test_mae": 0.16238373033828293, "test_r2": 0.6557376537476362, "general_test_rmse": 0.19315620906522568, "general_test_mae": 0.15613474266632837, "general_test_r2": 0.7376000801185779, "target_test_rmse": 0.2820674513091894, "target_test_mae": 0.18760282616181403, "target_test_r2": 0.1568906551272431}, "fold3": {"best_model_path": "/ibex/user/bekeak/meprom-tl/checkpoints_mcmpnn/zeroshot/mcmpnn_combi_v25e_smi9_fold3-epoch=297-val_loss_weighted=0.41.ckpt", "val_rmse_scaled": 0.4116957187652588, "val_mae_scaled": 0.294264018535614, "val_r2": 0.8126223683357239, "val_rmse": 0.15557706356048584, "val_mae": 0.11120040714740753, "test_rmse": 0.28471157501154337, "test_mae": 0.19077499063207282, "test_r2": 0.3893614764505161, "general_test_rmse": 0.2786965362315758, "general_test_mae": 0.1842421024538091, "general_test_r2": 0.4537273041109836, "target_test_rmse": 0.30779439330875635, "target_test_mae": 0.21713983204211207, "target_test_r2": -0.003920594311541903}, "fold4": {"best_model_path": "/ibex/user/bekeak/meprom-tl/checkpoints_mcmpnn/zeroshot/mcmpnn_combi_v25e_smi9_fold4-epoch=300-val_loss_weighted=0.64.ckpt", "val_rmse_scaled": 0.6350576281547546, "val_mae_scaled": 0.4447711706161499, "val_r2": 0.3863871991634369, "val_rmse": 0.24047252535820007, "val_mae": 0.16841816902160645, "test_rmse": 0.28602438600290114, "test_mae": 0.1871828519316597, "test_r2": 0.3837171594980038, "general_test_rmse": 0.29204807879794364, "general_test_mae": 0.18463125732160574, "general_test_r2": 0.4001328787317572, "target_test_rmse": 0.2603018986452522, "target_test_mae": 0.19748038110254776, "target_test_r2": 0.28198647340739}}