{"fold0": {"best_model_path": "/ibex/user/bekeak/meprom-tl/checkpoints_mcmpnn/zeroshot/mcmpnn_combi_v34b_smi2_fold0-epoch=869-val_loss_weighted=0.57.ckpt", "val_rmse_scaled": 0.5718844532966614, "val_mae_scaled": 0.393101304769516, "val_r2": 0.651583731174469, "val_rmse": 0.21741241216659546, "val_mae": 0.14944471418857574, "test_rmse": 0.4216757564234885, "test_mae": 0.2939993641283361, "test_r2": 0.14424773650404576, "general_test_rmse": 0.47307690698752225, "general_test_mae": 0.3294667942024698, "general_test_r2": 0.08777255368561887, "target_test_rmse": 0.2596753359962877, "target_test_mae": 0.20887753418558921, "target_test_r2": 0.26160480214200965}, "fold1": {"best_model_path": "/ibex/user/bekeak/meprom-tl/checkpoints_mcmpnn/zeroshot/mcmpnn_combi_v34b_smi2_fold1-epoch=50-val_loss_weighted=0.58.ckpt", "val_rmse_scaled": 0.5795809030532837, "val_mae_scaled": 0.40295666456222534, "val_r2": 0.6239909529685974, "val_rmse": 0.22155208885669708, "val_mae": 0.15403525531291962, "test_rmse": 0.47193347603827734, "test_mae": 0.3313190636696028, "test_r2": -0.07189528458359318, "general_test_rmse": 0.5461868316188794, "general_test_mae": 0.40367604282095865, "general_test_r2": -0.2159678372469258, "target_test_rmse": 0.2031845864763674, "target_test_mae": 0.15766231817669715, "target_test_r2": 0.5479265749583162}, "fold2": {"best_model_path": "/ibex/user/bekeak/meprom-tl/checkpoints_mcmpnn/zeroshot/mcmpnn_combi_v34b_smi2_fold2-epoch=282-val_loss_weighted=0.52.ckpt", "val_rmse_scaled": 0.5194405913352966, "val_mae_scaled": 0.36985358595848083, "val_r2": 0.6981430053710938, "val_rmse": 0.19943608343601227, "val_mae": 0.14200305938720703, "test_rmse": 0.4403909921661277, "test_mae": 0.30416874258289395, "test_r2": 0.06660032416132167, "general_test_rmse": 0.4982067107490103, "general_test_mae": 0.35155185202556344, "general_test_r2": -0.011716385074195701, "target_test_rmse": 0.25240154901834666, "target_test_mae": 0.19044927172484855, "target_test_r2": 0.3023919380048885}, "fold3": {"best_model_path": "/ibex/user/bekeak/meprom-tl/checkpoints_mcmpnn/zeroshot/mcmpnn_combi_v34b_smi2_fold3-epoch=437-val_loss_weighted=0.55.ckpt", "val_rmse_scaled": 0.5531838536262512, "val_mae_scaled": 0.38023096323013306, "val_r2": 0.6895231008529663, "val_rmse": 0.20996971428394318, "val_mae": 0.1443226933479309, "test_rmse": 0.42424164236875694, "test_mae": 0.2950561899364955, "test_r2": 0.13380159037734707, "general_test_rmse": 0.48072358086760364, "general_test_mae": 0.3444835017736653, "general_test_r2": 0.05804427619413688, "target_test_rmse": 0.239388633923161, "target_test_mae": 0.17643064525257834, "target_test_r2": 0.37246997216967437}, "fold4": {"best_model_path": "/ibex/user/bekeak/meprom-tl/checkpoints_mcmpnn/zeroshot/mcmpnn_combi_v34b_smi2_fold4-epoch=354-val_loss_weighted=0.54.ckpt", "val_rmse_scaled": 0.5418404340744019, "val_mae_scaled": 0.3869374096393585, "val_r2": 0.706234335899353, "val_rmse": 0.20555858314037323, "val_mae": 0.14679285883903503, "test_rmse": 0.46356208284066003, "test_mae": 0.33929680778100496, "test_r2": -0.03420492661978458, "general_test_rmse": 0.5358871836649963, "general_test_mae": 0.419420807622207, "general_test_r2": -0.17054032165861632, "target_test_rmse": 0.20348257510319379, "target_test_mae": 0.14699920667200392, "target_test_r2": 0.5465995892285755}}