{"fold0": {"best_model_path": "/ibex/user/bekeak/meprom-tl/checkpoints_mcmpnn/zeroshot/mcmpnn_combi_v34f_smi3_fold0-epoch=390-val_loss_weighted=0.55.ckpt", "val_rmse_scaled": 0.554973304271698, "val_mae_scaled": 0.4145713746547699, "val_r2": 0.6829203367233276, "val_rmse": 0.21098333597183228, "val_mae": 0.15760695934295654, "test_rmse": 0.43985324737905207, "test_mae": 0.3098891966133288, "test_r2": 0.06887841056407629, "general_test_rmse": 0.49315017642557313, "general_test_mae": 0.35523046098736316, "general_test_r2": 0.008716167497731298, "target_test_rmse": 0.27226450371414784, "target_test_mae": 0.2010701487046013, "target_test_r2": 0.18827390527138033}, "fold1": {"best_model_path": "/ibex/user/bekeak/meprom-tl/checkpoints_mcmpnn/zeroshot/mcmpnn_combi_v34f_smi3_fold1-epoch=201-val_loss_weighted=0.53.ckpt", "val_rmse_scaled": 0.5334039926528931, "val_mae_scaled": 0.3616940379142761, "val_r2": 0.6757003664970398, "val_rmse": 0.20390039682388306, "val_mae": 0.1382620930671692, "test_rmse": 0.42727773719104845, "test_mae": 0.302133049430567, "test_r2": 0.12135929065577522, "general_test_rmse": 0.4810297142533497, "general_test_mae": 0.3424352766583767, "general_test_r2": 0.05684418564671223, "target_test_rmse": 0.25571529533977677, "target_test_mae": 0.2054077130245205, "target_test_r2": 0.2839540866230862}, "fold2": {"best_model_path": "/ibex/user/bekeak/meprom-tl/checkpoints_mcmpnn/zeroshot/mcmpnn_combi_v34f_smi3_fold2-epoch=554-val_loss_weighted=0.54.ckpt", "val_rmse_scaled": 0.5446546077728271, "val_mae_scaled": 0.39913514256477356, "val_r2": 0.6658560037612915, "val_rmse": 0.2091168612241745, "val_mae": 0.15324553847312927, "test_rmse": 0.46948351586901554, "test_mae": 0.32251908342972535, "test_r2": -0.060795057902209626, "general_test_rmse": 0.5336803388482652, "general_test_mae": 0.3759146020340462, "general_test_r2": -0.1609193343997295, "target_test_rmse": 0.25662226455229664, "target_test_mae": 0.1943698782674324, "target_test_r2": 0.2788657457240139}, "fold3": {"best_model_path": "/ibex/user/bekeak/meprom-tl/checkpoints_mcmpnn/zeroshot/mcmpnn_combi_v34f_smi3_fold3-epoch=437-val_loss_weighted=0.55.ckpt", "val_rmse_scaled": 0.5476239919662476, "val_mae_scaled": 0.38245415687561035, "val_r2": 0.6975769996643066, "val_rmse": 0.2078593671321869, "val_mae": 0.1451665461063385, "test_rmse": 0.4312757009135142, "test_mae": 0.31127209994738086, "test_r2": 0.10483978785436443, "general_test_rmse": 0.4831792004828303, "general_test_mae": 0.3558321610078818, "general_test_r2": 0.048396350174461755, "target_test_rmse": 0.26848942921137936, "target_test_mae": 0.20432798543967512, "target_test_r2": 0.21062777280092637}, "fold4": {"best_model_path": "/ibex/user/bekeak/meprom-tl/checkpoints_mcmpnn/zeroshot/mcmpnn_combi_v34f_smi3_fold4-epoch=405-val_loss_weighted=0.55.ckpt", "val_rmse_scaled": 0.5507363677024841, "val_mae_scaled": 0.39743638038635254, "val_r2": 0.6995914578437805, "val_rmse": 0.20893344283103943, "val_mae": 0.15077586472034454, "test_rmse": 0.5045624620598339, "test_mae": 0.3579833062383932, "test_r2": -0.22523858634617744, "general_test_rmse": 0.5864686306839899, "general_test_mae": 0.4435903548866222, "general_test_r2": -0.40193930551477597, "target_test_rmse": 0.2002850150926703, "target_test_mae": 0.1525264267355469, "target_test_r2": 0.5607372520244822}}