{"fold0": {"best_model_path": "/ibex/user/bekeak/meprom-tl/checkpoints_mcmpnn/zeroshot/mcmpnn_combi_v34b_smi9_fold0-epoch=283-val_loss_weighted=0.56.ckpt", "val_rmse_scaled": 0.5553041696548462, "val_mae_scaled": 0.39449918270111084, "val_r2": 0.6788124442100525, "val_rmse": 0.21110911667346954, "val_mae": 0.14997613430023193, "test_rmse": 0.4396634743808026, "test_mae": 0.3203136581238926, "test_r2": 0.06968169492389997, "general_test_rmse": 0.4938640732816492, "general_test_mae": 0.36945064234845576, "general_test_r2": 0.0058440742929449785, "target_test_rmse": 0.2680845961829999, "target_test_mae": 0.2023848937497669, "target_test_r2": 0.21300643648355133}, "fold1": {"best_model_path": "/ibex/user/bekeak/meprom-tl/checkpoints_mcmpnn/zeroshot/mcmpnn_combi_v34b_smi9_fold1-epoch=83-val_loss_weighted=0.56.ckpt", "val_rmse_scaled": 0.5560551285743713, "val_mae_scaled": 0.36272627115249634, "val_r2": 0.6507929563522339, "val_rmse": 0.2125590741634369, "val_mae": 0.13865667581558228, "test_rmse": 0.46087968222447123, "test_mae": 0.3251961465155673, "test_r2": -0.022270707994658023, "general_test_rmse": 0.5309796768252784, "general_test_mae": 0.3922799009256175, "general_test_r2": -0.14919951771333362, "target_test_rmse": 0.21340029066372415, "target_test_mae": 0.16419513742156294, "target_test_r2": 0.5013251423342066}, "fold2": {"best_model_path": "/ibex/user/bekeak/meprom-tl/checkpoints_mcmpnn/zeroshot/mcmpnn_combi_v34b_smi9_fold2-epoch=287-val_loss_weighted=0.54.ckpt", "val_rmse_scaled": 0.5378828048706055, "val_mae_scaled": 0.37627357244491577, "val_r2": 0.6745508313179016, "val_rmse": 0.20651686191558838, "val_mae": 0.14446796476840973, "test_rmse": 0.4682922114931897, "test_mae": 0.3426650752720809, "test_r2": -0.05541839862444653, "general_test_rmse": 0.531633295782611, "general_test_mae": 0.4065811319197821, "general_test_r2": -0.15203051459362604, "target_test_rmse": 0.25940373494229874, "target_test_mae": 0.18926651696585617, "target_test_r2": 0.26314860709074406}, "fold3": {"best_model_path": "/ibex/user/bekeak/meprom-tl/checkpoints_mcmpnn/zeroshot/mcmpnn_combi_v34b_smi9_fold3-epoch=248-val_loss_weighted=0.57.ckpt", "val_rmse_scaled": 0.5650061964988708, "val_mae_scaled": 0.4078844487667084, "val_r2": 0.6777759194374084, "val_rmse": 0.21445706486701965, "val_mae": 0.15481901168823242, "test_rmse": 0.43511729443183983, "test_mae": 0.32736032184235697, "test_r2": 0.08882146164962412, "general_test_rmse": 0.4923811650116396, "general_test_mae": 0.37586361417511444, "general_test_r2": 0.01180534499960284, "target_test_rmse": 0.2487124810036062, "target_test_mae": 0.21095242322397115, "target_test_r2": 0.3226352087474902}, "fold4": {"best_model_path": "/ibex/user/bekeak/meprom-tl/checkpoints_mcmpnn/zeroshot/mcmpnn_combi_v34b_smi9_fold4-epoch=364-val_loss_weighted=0.55.ckpt", "val_rmse_scaled": 0.5523754358291626, "val_mae_scaled": 0.37877270579338074, "val_r2": 0.6983199119567871, "val_rmse": 0.2095552682876587, "val_mae": 0.1436954140663147, "test_rmse": 0.47854070839024815, "test_mae": 0.33616051375957157, "test_r2": -0.10211919799923619, "general_test_rmse": 0.5477472411415163, "general_test_mae": 0.3991556644147372, "general_test_r2": -0.22292559620100505, "target_test_rmse": 0.2419488011923213, "target_test_mae": 0.18497217304879948, "target_test_r2": 0.35897582508695713}}