{"fold0": {"best_model_path": "/ibex/user/bekeak/meprom-tl/checkpoints_mcmpnn/zeroshot/mcmpnn_combi_v25e_smi8_fold0-epoch=916-val_loss_weighted=0.39.ckpt", "val_rmse_scaled": 0.39006727933883667, "val_mae_scaled": 0.3153412938117981, "val_r2": 0.8662582635879517, "val_rmse": 0.14705714583396912, "val_mae": 0.1188851073384285, "test_rmse": 0.2189339757362055, "test_mae": 0.14414447415836878, "test_r2": 0.6389226228991545, "general_test_rmse": 0.2198075931909265, "general_test_mae": 0.1496263928848784, "general_test_r2": 0.660193459738742, "target_test_rmse": 0.215372291024376, "target_test_mae": 0.12202101431193214, "target_test_r2": 0.508461420596185}, "fold1": {"best_model_path": "/ibex/user/bekeak/meprom-tl/checkpoints_mcmpnn/zeroshot/mcmpnn_combi_v25e_smi8_fold1-epoch=685-val_loss_weighted=0.20.ckpt", "val_rmse_scaled": 0.20397113263607025, "val_mae_scaled": 0.14940360188484192, "val_r2": 0.934883177280426, "val_rmse": 0.07698758691549301, "val_mae": 0.05639142543077469, "test_rmse": 0.20403802478316083, "test_mae": 0.13960134691129417, "test_r2": 0.6863854720122367, "general_test_rmse": 0.18970236064096166, "general_test_mae": 0.12964484047656738, "general_test_r2": 0.7469001882563144, "target_test_rmse": 0.2537936507211244, "target_test_mae": 0.17978293768524822, "target_test_r2": 0.31744215894025685}, "fold2": {"best_model_path": "/ibex/user/bekeak/meprom-tl/checkpoints_mcmpnn/zeroshot/mcmpnn_combi_v25e_smi8_fold2-epoch=178-val_loss_weighted=0.41.ckpt", "val_rmse_scaled": 0.4077720046043396, "val_mae_scaled": 0.3501633405685425, "val_r2": 0.8894692659378052, "val_rmse": 0.15337364375591278, "val_mae": 0.13170553743839264, "test_rmse": 0.3054882525574187, "test_mae": 0.2335413303019642, "test_r2": 0.2969876084238261, "general_test_rmse": 0.30731221948641657, "general_test_mae": 0.2385657387460808, "general_test_r2": 0.33578908200229407, "target_test_rmse": 0.29801385376196066, "target_test_mae": 0.2132642661392032, "target_test_r2": 0.05886730438477428}, "fold3": {"best_model_path": "/ibex/user/bekeak/meprom-tl/checkpoints_mcmpnn/zeroshot/mcmpnn_combi_v25e_smi8_fold3-epoch=344-val_loss_weighted=0.48.ckpt", "val_rmse_scaled": 0.48230239748954773, "val_mae_scaled": 0.3751237094402313, "val_r2": 0.7663244009017944, "val_rmse": 0.18225885927677155, "val_mae": 0.14175674319267273, "test_rmse": 0.25571606155772236, "test_mae": 0.17771740189955226, "test_r2": 0.5074050382592834, "general_test_rmse": 0.25609297329878783, "general_test_mae": 0.1759585346714198, "general_test_r2": 0.5387443738651692, "target_test_rmse": 0.2541893000398937, "target_test_mae": 0.1848156757907459, "target_test_r2": 0.31531236536319207}, "fold4": {"best_model_path": "/ibex/user/bekeak/meprom-tl/checkpoints_mcmpnn/zeroshot/mcmpnn_combi_v25e_smi8_fold4-epoch=502-val_loss_weighted=0.81.ckpt", "val_rmse_scaled": 0.813445508480072, "val_mae_scaled": 0.5366116762161255, "val_r2": 0.07403931021690369, "val_rmse": 0.30802133679389954, "val_mae": 0.2031947374343872, "test_rmse": 0.2567377090661856, "test_mae": 0.18222096307144187, "test_r2": 0.5034611034762195, "general_test_rmse": 0.2677060519220928, "general_test_mae": 0.1899762046524322, "general_test_r2": 0.4959626378244517, "target_test_rmse": 0.20663906104496377, "target_test_mae": 0.1509230397994036, "target_test_r2": 0.5475164514073911}}