{"fold0": {"best_model_path": "/ibex/user/bekeak/meprom-tl/checkpoints_mcmpnn/zeroshot/mcmpnn_combi_v34f_smi2_fold0-epoch=955-val_loss_weighted=0.55.ckpt", "val_rmse_scaled": 0.552786648273468, "val_mae_scaled": 0.3773759603500366, "val_r2": 0.6784592866897583, "val_rmse": 0.2101520299911499, "val_mae": 0.14346642792224884, "test_rmse": 0.4156200832285613, "test_mae": 0.27031013131661236, "test_r2": 0.1686501147273627, "general_test_rmse": 0.4568195615609841, "general_test_mae": 0.29809080176527947, "general_test_r2": 0.14939286232516058, "target_test_rmse": 0.29406516479887046, "target_test_mae": 0.20363652372992744, "target_test_r2": 0.053077097814409724}, "fold1": {"best_model_path": "/ibex/user/bekeak/meprom-tl/checkpoints_mcmpnn/zeroshot/mcmpnn_combi_v34f_smi2_fold1-epoch=298-val_loss_weighted=0.55.ckpt", "val_rmse_scaled": 0.5459558367729187, "val_mae_scaled": 0.37243494391441345, "val_r2": 0.6650840044021606, "val_rmse": 0.20869849622249603, "val_mae": 0.14236794412136078, "test_rmse": 0.4378140838400905, "test_mae": 0.30961905462526707, "test_r2": 0.07749177418254116, "general_test_rmse": 0.49091547082444925, "general_test_mae": 0.351983967512266, "general_test_r2": 0.0176797996593121, "target_test_rmse": 0.270778108360545, "target_test_mae": 0.20794325028542443, "target_test_r2": 0.1971127541333879}, "fold2": {"best_model_path": "/ibex/user/bekeak/meprom-tl/checkpoints_mcmpnn/zeroshot/mcmpnn_combi_v34f_smi2_fold2-epoch=1197-val_loss_weighted=0.52.ckpt", "val_rmse_scaled": 0.5220636129379272, "val_mae_scaled": 0.3711893856525421, "val_r2": 0.6904694437980652, "val_rmse": 0.20044317841529846, "val_mae": 0.14251592755317688, "test_rmse": 0.45664775339320707, "test_mae": 0.325557539774897, "test_r2": -0.003583337069265946, "general_test_rmse": 0.5108462058953802, "general_test_mae": 0.37241669141191847, "general_test_r2": -0.06370201453173863, "target_test_rmse": 0.2875398159165155, "target_test_mae": 0.21309554008325843, "target_test_r2": 0.0946355450697346}, "fold3": {"best_model_path": "/ibex/user/bekeak/meprom-tl/checkpoints_mcmpnn/zeroshot/mcmpnn_combi_v34f_smi2_fold3-epoch=373-val_loss_weighted=0.55.ckpt", "val_rmse_scaled": 0.5463690757751465, "val_mae_scaled": 0.38154515624046326, "val_r2": 0.6976991295814514, "val_rmse": 0.20738305151462555, "val_mae": 0.14482152462005615, "test_rmse": 0.49149260259227323, "test_mae": 0.37040019858112955, "test_r2": -0.16258512670173864, "general_test_rmse": 0.5626573603446277, "general_test_mae": 0.4430714910596145, "general_test_r2": -0.2904097809582513, "target_test_rmse": 0.24803398239822289, "target_test_mae": 0.1959889319749344, "target_test_r2": 0.32632592963138385}, "fold4": {"best_model_path": "/ibex/user/bekeak/meprom-tl/checkpoints_mcmpnn/zeroshot/mcmpnn_combi_v34f_smi2_fold4-epoch=324-val_loss_weighted=0.54.ckpt", "val_rmse_scaled": 0.5434805154800415, "val_mae_scaled": 0.38324475288391113, "val_r2": 0.7070325613021851, "val_rmse": 0.20618078112602234, "val_mae": 0.14539197087287903, "test_rmse": 0.472934346218985, "test_mae": 0.3412668036649566, "test_r2": -0.07644662794594836, "general_test_rmse": 0.5454904476305558, "general_test_mae": 0.416950419429235, "general_test_r2": -0.2128691147444055, "target_test_rmse": 0.21522983524137837, "target_test_mae": 0.15962615265277863, "target_test_r2": 0.492737911316237}}