{"fold0": {"best_model_path": "/ibex/user/bekeak/meprom-tl/checkpoints_mcmpnn/zeroshot/mcmpnn_combi_v29b_smi4_fold0-epoch=173-val_loss_weighted=0.51.ckpt", "val_rmse_scaled": 0.5095499753952026, "val_mae_scaled": 0.36247122287750244, "val_r2": 0.7295282483100891, "val_rmse": 0.19261683523654938, "val_mae": 0.1370190680027008, "test_rmse": 0.2212431103378535, "test_mae": 0.14975850575991356, "test_r2": 0.631265764214392, "general_test_rmse": 0.21612699050430484, "general_test_mae": 0.14870641202926746, "general_test_r2": 0.671478071300027, "target_test_rmse": 0.24078824336634433, "target_test_mae": 0.15400445226548656, "target_test_r2": 0.385603814029433}, "fold1": {"best_model_path": "/ibex/user/bekeak/meprom-tl/checkpoints_mcmpnn/zeroshot/mcmpnn_combi_v29b_smi4_fold1-epoch=969-val_loss_weighted=0.49.ckpt", "val_rmse_scaled": 0.48817014694213867, "val_mae_scaled": 0.3395381271839142, "val_r2": 0.7532640695571899, "val_rmse": 0.1845002919435501, "val_mae": 0.1283259242773056, "test_rmse": 0.22005940091830217, "test_mae": 0.15142090157010735, "test_r2": 0.6352008613219282, "general_test_rmse": 0.20008911675359645, "general_test_mae": 0.14271840540940614, "general_test_r2": 0.7184255231420306, "target_test_rmse": 0.28685840602831925, "target_test_mae": 0.18654169390469738, "target_test_r2": 0.12800676441611536}, "fold2": {"best_model_path": "/ibex/user/bekeak/meprom-tl/checkpoints_mcmpnn/zeroshot/mcmpnn_combi_v29b_smi4_fold2-epoch=343-val_loss_weighted=0.47.ckpt", "val_rmse_scaled": 0.47084930539131165, "val_mae_scaled": 0.3314668536186218, "val_r2": 0.7692409157752991, "val_rmse": 0.1772131323814392, "val_mae": 0.12475388497114182, "test_rmse": 0.27310200220608244, "test_mae": 0.19144600542074702, "test_r2": 0.43814568592448855, "general_test_rmse": 0.29040262584219995, "general_test_mae": 0.20528065349274927, "general_test_r2": 0.40687336140670727, "target_test_rmse": 0.18772485988361742, "target_test_mae": 0.1356133249449501, "target_test_r2": 0.6265594001999362}, "fold3": {"best_model_path": "/ibex/user/bekeak/meprom-tl/checkpoints_mcmpnn/zeroshot/mcmpnn_combi_v29b_smi4_fold3-epoch=425-val_loss_weighted=0.47.ckpt", "val_rmse_scaled": 0.47115257382392883, "val_mae_scaled": 0.32583409547805786, "val_r2": 0.767113983631134, "val_rmse": 0.1783447265625, "val_mae": 0.123337522149086, "test_rmse": 0.21650920926706393, "test_mae": 0.16144144496116475, "test_r2": 0.6468764357364409, "general_test_rmse": 0.18852546351225757, "general_test_mae": 0.14854142759587288, "general_test_r2": 0.7500308657366526, "target_test_rmse": 0.3043329904678975, "target_test_mae": 0.21350221229833713, "target_test_r2": 0.01853227808888236}, "fold4": {"best_model_path": "/ibex/user/bekeak/meprom-tl/checkpoints_mcmpnn/zeroshot/mcmpnn_combi_v29b_smi4_fold4-epoch=380-val_loss_weighted=0.57.ckpt", "val_rmse_scaled": 0.5745353102684021, "val_mae_scaled": 0.3942490220069885, "val_r2": 0.6410011649131775, "val_rmse": 0.2177882045507431, "val_mae": 0.14944736659526825, "test_rmse": 0.20921040949274236, "test_mae": 0.16179609045517465, "test_r2": 0.6702836141883464, "general_test_rmse": 0.2026281411807069, "general_test_mae": 0.16108893021114587, "general_test_r2": 0.7112341227094787, "target_test_rmse": 0.23389983118449933, "target_test_mae": 0.1646499594807058, "target_test_r2": 0.42025398656928603}}