{"fold0": {"best_model_path": "/ibex/user/bekeak/meprom-tl/checkpoints_mcmpnn/zeroshot/mcmpnn_combi_v31b_smi11_fold0-epoch=765-val_loss_weighted=0.53.ckpt", "val_rmse_scaled": 0.5303012132644653, "val_mae_scaled": 0.35011065006256104, "val_r2": 0.717564582824707, "val_rmse": 0.20170776546001434, "val_mae": 0.13316966593265533, "test_rmse": 0.2711293764854207, "test_mae": 0.19041595408252138, "test_r2": 0.5954188232145802, "general_test_rmse": 0.24365145955527695, "general_test_mae": 0.17390209737611684, "general_test_r2": 0.7014902403556422, "target_test_rmse": 0.3665175180754337, "target_test_mae": 0.26142555778827564, "target_test_r2": -0.7210001900251128}, "fold1": {"best_model_path": "/ibex/user/bekeak/meprom-tl/checkpoints_mcmpnn/zeroshot/mcmpnn_combi_v31b_smi11_fold1-epoch=520-val_loss_weighted=0.57.ckpt", "val_rmse_scaled": 0.5687106847763062, "val_mae_scaled": 0.39051538705825806, "val_r2": 0.6862031817436218, "val_rmse": 0.2157691866159439, "val_mae": 0.14816178381443024, "test_rmse": 0.2846350243921826, "test_mae": 0.206591337466092, "test_r2": 0.5541084925791397, "general_test_rmse": 0.27390011944103826, "general_test_mae": 0.19896186224049425, "general_test_r2": 0.6227711119533796, "target_test_rmse": 0.3268013579169252, "target_test_mae": 0.239398093850502, "target_test_r2": -0.3682301276567168}, "fold2": {"best_model_path": "/ibex/user/bekeak/meprom-tl/checkpoints_mcmpnn/zeroshot/mcmpnn_combi_v31b_smi11_fold2-epoch=378-val_loss_weighted=0.55.ckpt", "val_rmse_scaled": 0.5516077876091003, "val_mae_scaled": 0.36580681800842285, "val_r2": 0.6682518720626831, "val_rmse": 0.2113736867904663, "val_mae": 0.14017556607723236, "test_rmse": 0.2764892209136518, "test_mae": 0.19923177648419532, "test_r2": 0.5792647184354176, "general_test_rmse": 0.2739998388721165, "general_test_mae": 0.1948389319025962, "general_test_r2": 0.6224963848167797, "target_test_rmse": 0.2869475463780023, "target_test_mae": 0.21812097937616015, "target_test_r2": -0.05486401019391218}, "fold3": {"best_model_path": "/ibex/user/bekeak/meprom-tl/checkpoints_mcmpnn/zeroshot/mcmpnn_combi_v31b_smi11_fold3-epoch=236-val_loss_weighted=0.53.ckpt", "val_rmse_scaled": 0.5320555567741394, "val_mae_scaled": 0.37739574909210205, "val_r2": 0.6842433214187622, "val_rmse": 0.20488961040973663, "val_mae": 0.14533156156539917, "test_rmse": 0.27750414672406193, "test_mae": 0.20082930254852335, "test_r2": 0.576170212035869, "general_test_rmse": 0.2367602518769189, "general_test_mae": 0.17449054208031917, "general_test_r2": 0.7181369890972051, "target_test_rmse": 0.40878722389457683, "target_test_mae": 0.314085941766068, "target_test_r2": -1.1408491771528926}, "fold4": {"best_model_path": "/ibex/user/bekeak/meprom-tl/checkpoints_mcmpnn/zeroshot/mcmpnn_combi_v31b_smi11_fold4-epoch=106-val_loss_weighted=0.48.ckpt", "val_rmse_scaled": 0.48494014143943787, "val_mae_scaled": 0.3414669632911682, "val_r2": 0.7403782606124878, "val_rmse": 0.18652789294719696, "val_mae": 0.13134221732616425, "test_rmse": 0.2804914018259767, "test_mae": 0.200720481638969, "test_r2": 0.5669962789415098, "general_test_rmse": 0.2747727603835405, "general_test_mae": 0.19197013888467124, "general_test_r2": 0.6203635937495331, "target_test_rmse": 0.3038576346464001, "target_test_mae": 0.23834696939019975, "target_test_r2": -0.182855653175523}}