{"fold0": {"best_model_path": "/ibex/user/bekeak/meprom-tl/checkpoints_mcmpnn/zeroshot/mcmpnn_combi_v29b_smi3_fold0-epoch=361-val_loss_weighted=0.52.ckpt", "val_rmse_scaled": 0.5161929130554199, "val_mae_scaled": 0.3581213057041168, "val_r2": 0.7201797962188721, "val_rmse": 0.1951279640197754, "val_mae": 0.1353747397661209, "test_rmse": 0.2228285421803591, "test_mae": 0.1511061755385383, "test_r2": 0.6259621176023731, "general_test_rmse": 0.1975694311260888, "general_test_mae": 0.14174369503137682, "general_test_r2": 0.7254725030400684, "target_test_rmse": 0.30415017085539, "target_test_mae": 0.1888904984802279, "target_test_r2": 0.01971110299423884}, "fold1": {"best_model_path": "/ibex/user/bekeak/meprom-tl/checkpoints_mcmpnn/zeroshot/mcmpnn_combi_v29b_smi3_fold1-epoch=829-val_loss_weighted=0.50.ckpt", "val_rmse_scaled": 0.49917569756507874, "val_mae_scaled": 0.3518798351287842, "val_r2": 0.7437228560447693, "val_rmse": 0.18865975737571716, "val_mae": 0.13299037516117096, "test_rmse": 0.22523663866686203, "test_mae": 0.15307765388627723, "test_r2": 0.6178340177191926, "general_test_rmse": 0.2245704365336673, "general_test_mae": 0.151419364771094, "general_test_r2": 0.6453078980173242, "target_test_rmse": 0.22790541335967462, "target_test_mae": 0.15977001260652487, "target_test_r2": 0.44958883346803336}, "fold2": {"best_model_path": "/ibex/user/bekeak/meprom-tl/checkpoints_mcmpnn/zeroshot/mcmpnn_combi_v29b_smi3_fold2-epoch=356-val_loss_weighted=0.48.ckpt", "val_rmse_scaled": 0.4757675528526306, "val_mae_scaled": 0.3405901789665222, "val_r2": 0.764923095703125, "val_rmse": 0.17906421422958374, "val_mae": 0.1281876266002655, "test_rmse": 0.204216782772255, "test_mae": 0.15040620761316265, "test_r2": 0.685835715073184, "general_test_rmse": 0.1912588438879975, "general_test_mae": 0.1407711881827622, "general_test_r2": 0.7427298473939474, "target_test_rmse": 0.2497713012758922, "target_test_mae": 0.18929037507729718, "target_test_r2": 0.33890628684000523}, "fold3": {"best_model_path": "/ibex/user/bekeak/meprom-tl/checkpoints_mcmpnn/zeroshot/mcmpnn_combi_v29b_smi3_fold3-epoch=90-val_loss_weighted=0.49.ckpt", "val_rmse_scaled": 0.48843109607696533, "val_mae_scaled": 0.35611191391944885, "val_r2": 0.7522631883621216, "val_rmse": 0.18488512933254242, "val_mae": 0.1347985416650772, "test_rmse": 0.2336903475941716, "test_mae": 0.16248470898861844, "test_r2": 0.5886083233525852, "general_test_rmse": 0.2337229927444292, "general_test_mae": 0.16371894424269495, "general_test_r2": 0.6158071935387752, "target_test_rmse": 0.23355856416366771, "target_test_mae": 0.15750368707744108, "target_test_r2": 0.4219444868193457}, "fold4": {"best_model_path": "/ibex/user/bekeak/meprom-tl/checkpoints_mcmpnn/zeroshot/mcmpnn_combi_v29b_smi3_fold4-epoch=83-val_loss_weighted=0.61.ckpt", "val_rmse_scaled": 0.6076020002365112, "val_mae_scaled": 0.4354618191719055, "val_r2": 0.6002508997917175, "val_rmse": 0.2303227335214615, "val_mae": 0.1650698333978653, "test_rmse": 0.20351711693784447, "test_mae": 0.1588802733858278, "test_r2": 0.6879847399350902, "general_test_rmse": 0.19904029023975875, "general_test_mae": 0.15970228969944694, "general_test_r2": 0.7213696989244803, "target_test_rmse": 0.2206633230970788, "target_test_mae": 0.15556286211391995, "target_test_r2": 0.48401359093699026}}