{"fold0": {"best_model_path": "/ibex/user/bekeak/meprom-tl/checkpoints_mcmpnn/zeroshot/mcmpnn_combi_v41d_smi9_fold0-epoch=320-val_loss_weighted=0.55.ckpt", "val_rmse_scaled": 0.5535711050033569, "val_mae_scaled": 0.37400537729263306, "val_r2": 0.6786806583404541, "val_rmse": 0.21045026183128357, "val_mae": 0.1421850472688675, "test_rmse": 0.4025913835369008, "test_mae": 0.2774183129122868, "test_r2": 0.21995484711579638, "general_test_rmse": 0.45119264901879796, "general_test_mae": 0.3097752408589614, "general_test_r2": 0.1702186526331979, "target_test_rmse": 0.24998375959947802, "target_test_mae": 0.19976171713270605, "target_test_r2": 0.31569289417897717}, "fold1": {"best_model_path": "/ibex/user/bekeak/meprom-tl/checkpoints_mcmpnn/zeroshot/mcmpnn_combi_v41d_smi9_fold1-epoch=187-val_loss_weighted=0.51.ckpt", "val_rmse_scaled": 0.512977123260498, "val_mae_scaled": 0.34581267833709717, "val_r2": 0.7051555514335632, "val_rmse": 0.19609196484088898, "val_mae": 0.1321912556886673, "test_rmse": 0.4357162984986667, "test_mae": 0.3051813581719155, "test_r2": 0.08631098760268274, "general_test_rmse": 0.499082985972473, "general_test_mae": 0.3578495203384749, "general_test_r2": -0.015278447299925002, "target_test_rmse": 0.21836754989077986, "target_test_mae": 0.17877777046228904, "target_test_r2": 0.4778399254141965}, "fold2": {"best_model_path": "/ibex/user/bekeak/meprom-tl/checkpoints_mcmpnn/zeroshot/mcmpnn_combi_v41d_smi9_fold2-epoch=369-val_loss_weighted=0.52.ckpt", "val_rmse_scaled": 0.5201988816261292, "val_mae_scaled": 0.3550030291080475, "val_r2": 0.6959049701690674, "val_rmse": 0.19972722232341766, "val_mae": 0.13630127906799316, "test_rmse": 0.483501789955579, "test_mae": 0.3532612771409597, "test_r2": -0.1250892202574656, "general_test_rmse": 0.5380940554642439, "general_test_mae": 0.40024219321626103, "general_test_r2": -0.18020112935556942, "target_test_rmse": 0.3161060329585063, "target_test_mae": 0.24050708526575892, "target_test_r2": -0.09419072267705753}, "fold3": {"best_model_path": "/ibex/user/bekeak/meprom-tl/checkpoints_mcmpnn/zeroshot/mcmpnn_combi_v41d_smi9_fold3-epoch=326-val_loss_weighted=0.57.ckpt", "val_rmse_scaled": 0.5701801180839539, "val_mae_scaled": 0.3853030800819397, "val_r2": 0.6698282361030579, "val_rmse": 0.21642090380191803, "val_mae": 0.14624789357185364, "test_rmse": 0.41845453735346844, "test_mae": 0.2888035338111576, "test_r2": 0.15727213566615383, "general_test_rmse": 0.46510812270940727, "general_test_mae": 0.31725241047257535, "general_test_r2": 0.11824590415262148, "target_test_rmse": 0.2759943896739623, "target_test_mae": 0.22052622833363875, "target_test_r2": 0.16588108997607354}, "fold4": {"best_model_path": "/ibex/user/bekeak/meprom-tl/checkpoints_mcmpnn/zeroshot/mcmpnn_combi_v41d_smi9_fold4-epoch=160-val_loss_weighted=0.55.ckpt", "val_rmse_scaled": 0.5489798784255981, "val_mae_scaled": 0.3765953481197357, "val_r2": 0.7005478143692017, "val_rmse": 0.20826709270477295, "val_mae": 0.14286938309669495, "test_rmse": 0.48930265957437175, "test_mae": 0.355769705398809, "test_r2": -0.15224794940281483, "general_test_rmse": 0.5652909567795802, "general_test_mae": 0.43535695888482523, "general_test_r2": -0.30251793851740727, "target_test_rmse": 0.21699961683433094, "target_test_mae": 0.1647602858564991, "target_test_r2": 0.48436143260098374}}