{"fold0": {"best_model_path": "/ibex/user/bekeak/meprom-tl/checkpoints_mcmpnn/zeroshot/mcmpnn_combi_v41b_smi9_fold0-epoch=272-val_loss_weighted=0.55.ckpt", "val_rmse_scaled": 0.5538529753684998, "val_mae_scaled": 0.3753783404827118, "val_r2": 0.6766868829727173, "val_rmse": 0.21055741608142853, "val_mae": 0.1427069902420044, "test_rmse": 0.46082445031998953, "test_mae": 0.3161797649202394, "test_r2": -0.022025704463062734, "general_test_rmse": 0.5253375991024838, "general_test_mae": 0.36859697979971057, "general_test_r2": -0.12490696887207808, "target_test_rmse": 0.24427479975672187, "target_test_mae": 0.1903784641106697, "target_test_r2": 0.34659148308468835}, "fold1": {"best_model_path": "/ibex/user/bekeak/meprom-tl/checkpoints_mcmpnn/zeroshot/mcmpnn_combi_v41b_smi9_fold1-epoch=154-val_loss_weighted=0.51.ckpt", "val_rmse_scaled": 0.5074039697647095, "val_mae_scaled": 0.3491143584251404, "val_r2": 0.7100927233695984, "val_rmse": 0.19396156072616577, "val_mae": 0.1334533542394638, "test_rmse": 0.43460996753137876, "test_mae": 0.3070845929855464, "test_r2": 0.09094500810191886, "general_test_rmse": 0.49116725424606456, "general_test_mae": 0.3577920933111655, "general_test_r2": 0.016671905704656487, "target_test_rmse": 0.25144209506408705, "target_test_mae": 0.18538658102818983, "target_test_r2": 0.307685492405555}, "fold2": {"best_model_path": "/ibex/user/bekeak/meprom-tl/checkpoints_mcmpnn/zeroshot/mcmpnn_combi_v41b_smi9_fold2-epoch=381-val_loss_weighted=0.51.ckpt", "val_rmse_scaled": 0.5129392147064209, "val_mae_scaled": 0.35412347316741943, "val_r2": 0.7023687958717346, "val_rmse": 0.19693991541862488, "val_mae": 0.135963574051857, "test_rmse": 0.44376606058500623, "test_mae": 0.3240193515409877, "test_r2": 0.052238725437335765, "general_test_rmse": 0.49815699922974155, "general_test_mae": 0.375099727547534, "general_test_r2": -0.01151449518272063, "target_test_rmse": 0.2719767159131779, "target_test_mae": 0.20142646551655385, "target_test_r2": 0.1899890124750261}, "fold3": {"best_model_path": "/ibex/user/bekeak/meprom-tl/checkpoints_mcmpnn/zeroshot/mcmpnn_combi_v41b_smi9_fold3-epoch=207-val_loss_weighted=0.58.ckpt", "val_rmse_scaled": 0.5785611867904663, "val_mae_scaled": 0.38221031427383423, "val_r2": 0.6612592935562134, "val_rmse": 0.2196020781993866, "val_mae": 0.1450739949941635, "test_rmse": 0.46800391498256416, "test_mae": 0.33445978998384573, "test_r2": -0.054119296168324116, "general_test_rmse": 0.5298006503323209, "general_test_mae": 0.3839642749700998, "general_test_r2": -0.1441016488667033, "target_test_rmse": 0.2665353650814336, "target_test_mae": 0.2156490126057911, "target_test_r2": 0.22207605115818008}, "fold4": {"best_model_path": "/ibex/user/bekeak/meprom-tl/checkpoints_mcmpnn/zeroshot/mcmpnn_combi_v41b_smi9_fold4-epoch=170-val_loss_weighted=0.53.ckpt", "val_rmse_scaled": 0.5325420498847961, "val_mae_scaled": 0.3696797490119934, "val_r2": 0.71924889087677, "val_rmse": 0.20203104615211487, "val_mae": 0.14024581015110016, "test_rmse": 0.46337629691013477, "test_mae": 0.3373493978881591, "test_r2": -0.0333761175830809, "general_test_rmse": 0.5238737201066221, "general_test_mae": 0.39469637448492056, "general_test_r2": -0.11864648668654576, "target_test_rmse": 0.2671610141400664, "target_test_mae": 0.19971666001639632, "target_test_r2": 0.21841966117082978}}