{"fold0": {"best_model_path": "/ibex/user/bekeak/meprom-tl/checkpoints_mcmpnn/zeroshot/mcmpnn_combi_v29b_smi8_fold0-epoch=256-val_loss_weighted=0.51.ckpt", "val_rmse_scaled": 0.5123172402381897, "val_mae_scaled": 0.3660483956336975, "val_r2": 0.7269237637519836, "val_rmse": 0.19366291165351868, "val_mae": 0.1383712887763977, "test_rmse": 0.22661390354207797, "test_mae": 0.15440631977466598, "test_r2": 0.6131460325286585, "general_test_rmse": 0.22177220788373156, "general_test_mae": 0.15511414588664274, "general_test_r2": 0.654092011394513, "target_test_rmse": 0.24518400973521606, "target_test_mae": 0.15154973475839123, "target_test_r2": 0.3629665451216907}, "fold1": {"best_model_path": "/ibex/user/bekeak/meprom-tl/checkpoints_mcmpnn/zeroshot/mcmpnn_combi_v29b_smi8_fold1-epoch=259-val_loss_weighted=0.49.ckpt", "val_rmse_scaled": 0.4851323366165161, "val_mae_scaled": 0.34544289112091064, "val_r2": 0.7567615509033203, "val_rmse": 0.18335217237472534, "val_mae": 0.130557581782341, "test_rmse": 0.21583206136408115, "test_mae": 0.14619817113496594, "test_r2": 0.6490818195567725, "general_test_rmse": 0.20969252704645797, "general_test_mae": 0.1413376128193983, "general_test_r2": 0.6907481839731944, "target_test_rmse": 0.23901225495457318, "target_test_mae": 0.16581399257254353, "target_test_r2": 0.3946336274469985}, "fold2": {"best_model_path": "/ibex/user/bekeak/meprom-tl/checkpoints_mcmpnn/zeroshot/mcmpnn_combi_v29b_smi8_fold2-epoch=664-val_loss_weighted=0.50.ckpt", "val_rmse_scaled": 0.49807581305503845, "val_mae_scaled": 0.3437235355377197, "val_r2": 0.7468247413635254, "val_rmse": 0.18746034801006317, "val_mae": 0.1293669193983078, "test_rmse": 0.2253414156028915, "test_mae": 0.14973564248496304, "test_r2": 0.6174783784728735, "general_test_rmse": 0.23303242611015126, "general_test_mae": 0.15456399500353452, "general_test_r2": 0.6180741402493937, "target_test_rmse": 0.1911842504401281, "target_test_mae": 0.13024978805619372, "target_test_r2": 0.6126690691280814}, "fold3": {"best_model_path": "/ibex/user/bekeak/meprom-tl/checkpoints_mcmpnn/zeroshot/mcmpnn_combi_v29b_smi8_fold3-epoch=65-val_loss_weighted=0.48.ckpt", "val_rmse_scaled": 0.48194462060928345, "val_mae_scaled": 0.3533594608306885, "val_r2": 0.7579736709594727, "val_rmse": 0.18242982029914856, "val_mae": 0.13375666737556458, "test_rmse": 0.2653711320468402, "test_mae": 0.18569656594388054, "test_r2": 0.46950498673704455, "general_test_rmse": 0.24706189953839783, "general_test_mae": 0.17515769762087485, "general_test_r2": 0.5707029501641976, "target_test_rmse": 0.329068295059662, "target_test_mae": 0.2282284241971904, "target_test_r2": -0.14749297744118395}, "fold4": {"best_model_path": "/ibex/user/bekeak/meprom-tl/checkpoints_mcmpnn/zeroshot/mcmpnn_combi_v29b_smi8_fold4-epoch=922-val_loss_weighted=0.58.ckpt", "val_rmse_scaled": 0.5833602547645569, "val_mae_scaled": 0.38352444767951965, "val_r2": 0.6307868957519531, "val_rmse": 0.22113345563411713, "val_mae": 0.14538201689720154, "test_rmse": 0.1950633774383459, "test_mae": 0.14422840607718057, "test_r2": 0.7133675005589435, "general_test_rmse": 0.18536367694954697, "general_test_mae": 0.1420078990763801, "general_test_r2": 0.758345090337607, "target_test_rmse": 0.23009044643702167, "target_test_mae": 0.15318972725815308, "target_test_r2": 0.43898415459131224}}