{"fold0": {"best_model_path": "/ibex/user/bekeak/meprom-tl/checkpoints_mcmpnn/zeroshot/mcmpnn_combi_v41b_smi11_fold0-epoch=234-val_loss_weighted=0.56.ckpt", "val_rmse_scaled": 0.5595893263816833, "val_mae_scaled": 0.38888031244277954, "val_r2": 0.6699074506759644, "val_rmse": 0.21273820102214813, "val_mae": 0.14784002304077148, "test_rmse": 0.4182258434000547, "test_mae": 0.29344787128135436, "test_r2": 0.15819301994480117, "general_test_rmse": 0.4710254930500808, "general_test_mae": 0.333620515694861, "general_test_r2": 0.09566682486362266, "target_test_rmse": 0.24945475167805672, "target_test_mae": 0.19703354704068032, "target_test_r2": 0.3185860489144803}, "fold1": {"best_model_path": "/ibex/user/bekeak/meprom-tl/checkpoints_mcmpnn/zeroshot/mcmpnn_combi_v41b_smi11_fold1-epoch=135-val_loss_weighted=0.51.ckpt", "val_rmse_scaled": 0.5073537826538086, "val_mae_scaled": 0.34728264808654785, "val_r2": 0.7083309888839722, "val_rmse": 0.1939423680305481, "val_mae": 0.1327531635761261, "test_rmse": 0.4764093528025433, "test_mae": 0.35266601566176786, "test_r2": -0.09232368096954646, "general_test_rmse": 0.5459138764214378, "general_test_mae": 0.4204531817593764, "general_test_r2": -0.21475278852110558, "target_test_rmse": 0.23755260991464144, "target_test_mae": 0.18997680808681067, "target_test_r2": 0.3820589142419173}, "fold2": {"best_model_path": "/ibex/user/bekeak/meprom-tl/checkpoints_mcmpnn/zeroshot/mcmpnn_combi_v41b_smi11_fold2-epoch=537-val_loss_weighted=0.51.ckpt", "val_rmse_scaled": 0.505038857460022, "val_mae_scaled": 0.34852445125579834, "val_r2": 0.7108249068260193, "val_rmse": 0.19390662014484406, "val_mae": 0.13381385803222656, "test_rmse": 0.46350553281530477, "test_mae": 0.34500181546764686, "test_r2": -0.03395261630480695, "general_test_rmse": 0.49919569387898804, "general_test_mae": 0.37385185398606957, "general_test_r2": -0.015737059724688862, "target_test_rmse": 0.36383493604938066, "target_test_mae": 0.27576172898389706, "target_test_r2": -0.44956019913863576}, "fold3": {"best_model_path": "/ibex/user/bekeak/meprom-tl/checkpoints_mcmpnn/zeroshot/mcmpnn_combi_v41b_smi11_fold3-epoch=206-val_loss_weighted=0.56.ckpt", "val_rmse_scaled": 0.5600472092628479, "val_mae_scaled": 0.3782135844230652, "val_r2": 0.6797882914543152, "val_rmse": 0.2125748097896576, "val_mae": 0.14355696737766266, "test_rmse": 0.5072222899468805, "test_mae": 0.3800027753774298, "test_r2": -0.23819045574201292, "general_test_rmse": 0.5789767631396904, "general_test_mae": 0.44556294277894537, "general_test_r2": -0.3663498242804779, "target_test_rmse": 0.26498929697091783, "target_test_mae": 0.2226583959655346, "target_test_r2": 0.2310747455243749}, "fold4": {"best_model_path": "/ibex/user/bekeak/meprom-tl/checkpoints_mcmpnn/zeroshot/mcmpnn_combi_v41b_smi11_fold4-epoch=130-val_loss_weighted=0.52.ckpt", "val_rmse_scaled": 0.5212544798851013, "val_mae_scaled": 0.3644324839115143, "val_r2": 0.7307332754135132, "val_rmse": 0.19774886965751648, "val_mae": 0.13825514912605286, "test_rmse": 0.48433823196844117, "test_mae": 0.3559406213167268, "test_r2": -0.1289853212570602, "general_test_rmse": 0.5563503098448395, "general_test_mae": 0.43001907097122655, "general_test_r2": -0.26164248713761973, "target_test_rmse": 0.23392817200247856, "target_test_mae": 0.17815236896801756, "target_test_r2": 0.40077142740223093}}