{"fold0": {"best_model_path": "/ibex/user/bekeak/meprom-tl/checkpoints_mcmpnn/zeroshot/mcmpnn_combi_v41d_smi0_fold0-epoch=217-val_loss_weighted=0.56.ckpt", "val_rmse_scaled": 0.5577350854873657, "val_mae_scaled": 0.3823944330215454, "val_r2": 0.6736218929290771, "val_rmse": 0.21203327178955078, "val_mae": 0.14537429809570312, "test_rmse": 0.42703273860990154, "test_mae": 0.2998478391973033, "test_r2": 0.12236661676867355, "general_test_rmse": 0.4779189145942317, "general_test_mae": 0.33944944883558437, "general_test_r2": 0.06900344221876664, "target_test_rmse": 0.2680263394458357, "target_test_mae": 0.20480400139740293, "target_test_r2": 0.21334843819730243}, "fold1": {"best_model_path": "/ibex/user/bekeak/meprom-tl/checkpoints_mcmpnn/zeroshot/mcmpnn_combi_v41d_smi0_fold1-epoch=191-val_loss_weighted=0.52.ckpt", "val_rmse_scaled": 0.5184520483016968, "val_mae_scaled": 0.3419153094291687, "val_r2": 0.6968950033187866, "val_rmse": 0.1981848180294037, "val_mae": 0.1307014375925064, "test_rmse": 0.42413962803323485, "test_mae": 0.2857027927819448, "test_r2": 0.13421811729105682, "general_test_rmse": 0.48508578097808014, "general_test_mae": 0.3336139847954704, "general_test_r2": 0.040871653316930656, "target_test_rmse": 0.2165671426010422, "target_test_mae": 0.17071592747913514, "target_test_r2": 0.4864146913166605}, "fold2": {"best_model_path": "/ibex/user/bekeak/meprom-tl/checkpoints_mcmpnn/zeroshot/mcmpnn_combi_v41d_smi0_fold2-epoch=1391-val_loss_weighted=0.49.ckpt", "val_rmse_scaled": 0.49313679337501526, "val_mae_scaled": 0.33801209926605225, "val_r2": 0.7254713773727417, "val_rmse": 0.189336895942688, "val_mae": 0.1297777146100998, "test_rmse": 0.43082527981384416, "test_mae": 0.30051270306362016, "test_r2": 0.10670860864466225, "general_test_rmse": 0.4700949245940942, "general_test_mae": 0.3165559665372277, "general_test_r2": 0.09923653670480992, "target_test_rmse": 0.3173345979722238, "target_test_mae": 0.2620088513554527, "target_test_r2": -0.10271252625398164}, "fold3": {"best_model_path": "/ibex/user/bekeak/meprom-tl/checkpoints_mcmpnn/zeroshot/mcmpnn_combi_v41d_smi0_fold3-epoch=319-val_loss_weighted=0.57.ckpt", "val_rmse_scaled": 0.574999213218689, "val_mae_scaled": 0.37811043858528137, "val_r2": 0.6660344004631042, "val_rmse": 0.2182500809431076, "val_mae": 0.14351782202720642, "test_rmse": 0.41449905481062754, "test_mae": 0.29532658126690886, "test_r2": 0.17312877210510713, "general_test_rmse": 0.45974786153519553, "general_test_mae": 0.32498176792729455, "general_test_r2": 0.13845280447760955, "target_test_rmse": 0.2772521630338226, "target_test_mae": 0.22415414818314439, "target_test_r2": 0.15826120233321228}, "fold4": {"best_model_path": "/ibex/user/bekeak/meprom-tl/checkpoints_mcmpnn/zeroshot/mcmpnn_combi_v41d_smi0_fold4-epoch=173-val_loss_weighted=0.52.ckpt", "val_rmse_scaled": 0.5246772766113281, "val_mae_scaled": 0.3839086890220642, "val_r2": 0.7268812656402588, "val_rmse": 0.19904738664627075, "val_mae": 0.14564386010169983, "test_rmse": 0.46118808419099333, "test_mae": 0.3482957119883975, "test_r2": -0.023639289825737375, "general_test_rmse": 0.5152975616390888, "general_test_mae": 0.3962733864571491, "general_test_r2": -0.0823203200560012, "target_test_rmse": 0.2930619850472549, "target_test_mae": 0.2331492858128132, "target_test_r2": 0.059526780970820425}}