{"fold0": {"best_model_path": "/ibex/user/bekeak/meprom-tl/checkpoints_mcmpnn/zeroshot/mcmpnn_combi_v37b_smi8_fold0-epoch=335-val_loss_weighted=0.55.ckpt", "val_rmse_scaled": 0.5506782531738281, "val_mae_scaled": 0.3804522156715393, "val_r2": 0.6812528371810913, "val_rmse": 0.20935049653053284, "val_mae": 0.14463593065738678, "test_rmse": 0.43627607198008067, "test_mae": 0.3070588382896471, "test_r2": 0.08396181029666472, "general_test_rmse": 0.4837907838311852, "general_test_mae": 0.3423957863783809, "general_test_r2": 0.04598584380675508, "target_test_rmse": 0.2922614230470637, "target_test_mae": 0.22225019789441453, "target_test_r2": 0.06465797365800352}, "fold1": {"best_model_path": "/ibex/user/bekeak/meprom-tl/checkpoints_mcmpnn/zeroshot/mcmpnn_combi_v37b_smi8_fold1-epoch=440-val_loss_weighted=0.51.ckpt", "val_rmse_scaled": 0.5083853006362915, "val_mae_scaled": 0.35167330503463745, "val_r2": 0.706252932548523, "val_rmse": 0.1943366825580597, "val_mae": 0.13443154096603394, "test_rmse": 0.4754667241429813, "test_mae": 0.3526357282581025, "test_r2": -0.0880053905861593, "general_test_rmse": 0.5449383716495267, "general_test_mae": 0.42210743602907347, "general_test_r2": -0.21041533367664744, "target_test_rmse": 0.23650466223138636, "target_test_mae": 0.18590361470661126, "target_test_r2": 0.38749890139598375}, "fold2": {"best_model_path": "/ibex/user/bekeak/meprom-tl/checkpoints_mcmpnn/zeroshot/mcmpnn_combi_v37b_smi8_fold2-epoch=228-val_loss_weighted=0.54.ckpt", "val_rmse_scaled": 0.5360425710678101, "val_mae_scaled": 0.3860447108745575, "val_r2": 0.6774738430976868, "val_rmse": 0.2058103084564209, "val_mae": 0.1482195407152176, "test_rmse": 0.4899041662716671, "test_mae": 0.3526292624623917, "test_r2": -0.15508264017942297, "general_test_rmse": 0.5632871852158138, "general_test_mae": 0.42665178020227756, "general_test_r2": -0.29330030406388774, "target_test_rmse": 0.2334926769292518, "target_test_mae": 0.17497523478782692, "target_test_r2": 0.4030004721407261}, "fold3": {"best_model_path": "/ibex/user/bekeak/meprom-tl/checkpoints_mcmpnn/zeroshot/mcmpnn_combi_v37b_smi8_fold3-epoch=549-val_loss_weighted=0.55.ckpt", "val_rmse_scaled": 0.547695517539978, "val_mae_scaled": 0.3824324309825897, "val_r2": 0.6959941983222961, "val_rmse": 0.20788651704788208, "val_mae": 0.1451582908630371, "test_rmse": 0.44188302651129524, "test_mae": 0.3036378250185969, "test_r2": 0.060264937852149925, "general_test_rmse": 0.48357196715974315, "general_test_mae": 0.3348799007394378, "general_test_r2": 0.046848642354346826, "target_test_rmse": 0.3204147951390935, "target_test_mae": 0.22865685371939165, "target_test_r2": -0.12422329989577974}, "fold4": {"best_model_path": "/ibex/user/bekeak/meprom-tl/checkpoints_mcmpnn/zeroshot/mcmpnn_combi_v37b_smi8_fold4-epoch=502-val_loss_weighted=0.58.ckpt", "val_rmse_scaled": 0.5832322835922241, "val_mae_scaled": 0.4221402704715729, "val_r2": 0.6616226434707642, "val_rmse": 0.22126145660877228, "val_mae": 0.16014781594276428, "test_rmse": 0.47779776671519647, "test_mae": 0.34497546072475144, "test_r2": -0.09869974104997592, "general_test_rmse": 0.5465006431604363, "general_test_mae": 0.41173829647725674, "general_test_r2": -0.21736550683218314, "target_test_rmse": 0.243715603894867, "target_test_mae": 0.18474463256699675, "target_test_r2": 0.3495796351156404}}