{"fold0": {"best_model_path": "/ibex/user/bekeak/meprom-tl/checkpoints_mcmpnn/zeroshot/mcmpnn_combi_v37b_smi4_fold0-epoch=204-val_loss_weighted=0.56.ckpt", "val_rmse_scaled": 0.560617208480835, "val_mae_scaled": 0.40371355414390564, "val_r2": 0.6701182126998901, "val_rmse": 0.2131289690732956, "val_mae": 0.15347914397716522, "test_rmse": 0.44473378757125537, "test_mae": 0.32604950579881503, "test_r2": 0.04810062524958003, "general_test_rmse": 0.5036100245099688, "general_test_mae": 0.3780953749016632, "general_test_r2": -0.03378058106802406, "target_test_rmse": 0.25255560630089197, "target_test_mae": 0.20113940728599244, "target_test_r2": 0.3015400858571661}, "fold1": {"best_model_path": "/ibex/user/bekeak/meprom-tl/checkpoints_mcmpnn/zeroshot/mcmpnn_combi_v37b_smi4_fold1-epoch=152-val_loss_weighted=0.52.ckpt", "val_rmse_scaled": 0.5222873091697693, "val_mae_scaled": 0.35548079013824463, "val_r2": 0.6901158094406128, "val_rmse": 0.19965089857578278, "val_mae": 0.135887011885643, "test_rmse": 0.4667845137175377, "test_mae": 0.32963336475405214, "test_r2": -0.048633359871012694, "general_test_rmse": 0.5382615158621905, "general_test_mae": 0.39580241899191143, "general_test_r2": -0.1809358250917381, "target_test_rmse": 0.2132542294945997, "target_test_mae": 0.1708276397985962, "target_test_r2": 0.5020075416501235}, "fold2": {"best_model_path": "/ibex/user/bekeak/meprom-tl/checkpoints_mcmpnn/zeroshot/mcmpnn_combi_v37b_smi4_fold2-epoch=191-val_loss_weighted=0.53.ckpt", "val_rmse_scaled": 0.533406138420105, "val_mae_scaled": 0.39181044697761536, "val_r2": 0.6808780431747437, "val_rmse": 0.20479807257652283, "val_mae": 0.1504332572221756, "test_rmse": 0.4756832801813076, "test_mae": 0.3397484107759175, "test_r2": -0.08899670199238408, "general_test_rmse": 0.5423220915446504, "general_test_mae": 0.40397558697119096, "general_test_r2": -0.1988206882571255, "target_test_rmse": 0.25191621895583893, "target_test_mae": 0.18560319014243548, "target_test_r2": 0.3050721486137453}, "fold3": {"best_model_path": "/ibex/user/bekeak/meprom-tl/checkpoints_mcmpnn/zeroshot/mcmpnn_combi_v37b_smi4_fold3-epoch=397-val_loss_weighted=0.54.ckpt", "val_rmse_scaled": 0.5398240685462952, "val_mae_scaled": 0.38244014978408813, "val_r2": 0.7067635655403137, "val_rmse": 0.20489878952503204, "val_mae": 0.1451612263917923, "test_rmse": 0.444903087374456, "test_mae": 0.3239293815089468, "test_r2": 0.047375755426068644, "general_test_rmse": 0.5003835989640733, "general_test_mae": 0.3698395599475505, "general_test_r2": -0.02057698469958691, "target_test_rmse": 0.26846005846357673, "target_test_mae": 0.21374498529379463, "target_test_r2": 0.21080046626280458}, "fold4": {"best_model_path": "/ibex/user/bekeak/meprom-tl/checkpoints_mcmpnn/zeroshot/mcmpnn_combi_v37b_smi4_fold4-epoch=120-val_loss_weighted=0.56.ckpt", "val_rmse_scaled": 0.5551735758781433, "val_mae_scaled": 0.3779562711715698, "val_r2": 0.6957879066467285, "val_rmse": 0.210616797208786, "val_mae": 0.14338567852973938, "test_rmse": 0.4740086151183451, "test_mae": 0.33572156199776015, "test_r2": -0.0813424724333971, "general_test_rmse": 0.5420472881648835, "general_test_mae": 0.3994646868386221, "general_test_r2": -0.19760607238320516, "target_test_rmse": 0.24242424982069408, "target_test_mae": 0.18273805790934294, "target_test_r2": 0.3564540228226303}}