{"fold0": {"best_model_path": "/ibex/user/bekeak/meprom-tl/checkpoints_mcmpnn/zeroshot/mcmpnn_combi_v34f_smi7_fold0-epoch=478-val_loss_weighted=0.56.ckpt", "val_rmse_scaled": 0.5620891451835632, "val_mae_scaled": 0.40165847539901733, "val_r2": 0.663838803768158, "val_rmse": 0.21368855237960815, "val_mae": 0.1526978760957718, "test_rmse": 0.43819906254422425, "test_mae": 0.30752292940696196, "test_r2": 0.07586870092861142, "general_test_rmse": 0.489198984890521, "general_test_mae": 0.3502994462949122, "general_test_r2": 0.02453715541353174, "target_test_rmse": 0.28018760484944455, "target_test_mae": 0.20485930899244917, "target_test_r2": 0.1403428165059456}, "fold1": {"best_model_path": "/ibex/user/bekeak/meprom-tl/checkpoints_mcmpnn/zeroshot/mcmpnn_combi_v34f_smi7_fold1-epoch=393-val_loss_weighted=0.53.ckpt", "val_rmse_scaled": 0.5274688005447388, "val_mae_scaled": 0.36358901858329773, "val_r2": 0.6868181228637695, "val_rmse": 0.2016315907239914, "val_mae": 0.1389864832162857, "test_rmse": 0.44925283965328805, "test_mae": 0.32004418535887363, "test_r2": 0.028657361823743677, "general_test_rmse": 0.5097392996734442, "general_test_mae": 0.3711111257394795, "general_test_r2": -0.05909733020932162, "target_test_rmse": 0.2502271063065005, "target_test_mae": 0.19748350907390977, "target_test_r2": 0.31435996813288636}, "fold2": {"best_model_path": "/ibex/user/bekeak/meprom-tl/checkpoints_mcmpnn/zeroshot/mcmpnn_combi_v34f_smi7_fold2-epoch=1297-val_loss_weighted=0.55.ckpt", "val_rmse_scaled": 0.5460050702095032, "val_mae_scaled": 0.3746970295906067, "val_r2": 0.667251467704773, "val_rmse": 0.20963536202907562, "val_mae": 0.14386266469955444, "test_rmse": 0.43845036231620016, "test_mae": 0.311099487140718, "test_r2": 0.07480844956923838, "general_test_rmse": 0.49064117317304007, "general_test_mae": 0.35011070840560304, "general_test_r2": 0.018777230329967698, "target_test_rmse": 0.2754317287025452, "target_test_mae": 0.21747256430063247, "target_test_r2": 0.16927860654590188}, "fold3": {"best_model_path": "/ibex/user/bekeak/meprom-tl/checkpoints_mcmpnn/zeroshot/mcmpnn_combi_v34f_smi7_fold3-epoch=397-val_loss_weighted=0.59.ckpt", "val_rmse_scaled": 0.5867322683334351, "val_mae_scaled": 0.4096289575099945, "val_r2": 0.6506520509719849, "val_rmse": 0.22270354628562927, "val_mae": 0.15548117458820343, "test_rmse": 0.4272347760471635, "test_mae": 0.29726948472902837, "test_r2": 0.12153596970536285, "general_test_rmse": 0.48330797510403295, "general_test_mae": 0.3446713786670644, "general_test_r2": 0.047889048829008574, "target_test_rmse": 0.24493396593168193, "target_test_mae": 0.18350495641407738, "target_test_r2": 0.34306032953638876}, "fold4": {"best_model_path": "/ibex/user/bekeak/meprom-tl/checkpoints_mcmpnn/zeroshot/mcmpnn_combi_v34f_smi7_fold4-epoch=395-val_loss_weighted=0.53.ckpt", "val_rmse_scaled": 0.533854603767395, "val_mae_scaled": 0.38126522302627563, "val_r2": 0.7188122868537903, "val_rmse": 0.20252899825572968, "val_mae": 0.1446409970521927, "test_rmse": 0.4972549929649495, "test_mae": 0.3607605485055184, "test_r2": -0.19000585009141946, "general_test_rmse": 0.5748381092679625, "general_test_mae": 0.4409600480071656, "general_test_r2": -0.34688569965961413, "target_test_rmse": 0.21826443129893283, "target_test_mae": 0.16828175044662325, "target_test_r2": 0.4783329629401597}}