{"fold0": {"best_model_path": "/ibex/user/bekeak/meprom-tl/checkpoints_mcmpnn/zeroshot/mcmpnn_combi_v29b_smi7_fold0-epoch=496-val_loss_weighted=0.50.ckpt", "val_rmse_scaled": 0.49796852469444275, "val_mae_scaled": 0.3624999225139618, "val_r2": 0.7411155104637146, "val_rmse": 0.18823888897895813, "val_mae": 0.13702991604804993, "test_rmse": 0.24588065818709257, "test_mae": 0.16638677884915473, "test_r2": 0.5445688982508224, "general_test_rmse": 0.2069914954300536, "general_test_mae": 0.14797144530201928, "general_test_r2": 0.6986637662491573, "target_test_rmse": 0.36267552936854563, "target_test_mae": 0.2407057481743529, "target_test_r2": -0.39384493564536793}, "fold1": {"best_model_path": "/ibex/user/bekeak/meprom-tl/checkpoints_mcmpnn/zeroshot/mcmpnn_combi_v29b_smi7_fold1-epoch=284-val_loss_weighted=0.50.ckpt", "val_rmse_scaled": 0.4973248839378357, "val_mae_scaled": 0.3597261607646942, "val_r2": 0.7452740669250488, "val_rmse": 0.18796025216579437, "val_mae": 0.1359558403491974, "test_rmse": 0.22366809001465102, "test_mae": 0.15368331347259662, "test_r2": 0.6231382938643195, "general_test_rmse": 0.2276591644358306, "general_test_mae": 0.15640377362966043, "general_test_r2": 0.6354839741326692, "target_test_rmse": 0.2067800031186644, "target_test_mae": 0.14270434548407743, "target_test_r2": 0.546898991006133}, "fold2": {"best_model_path": "/ibex/user/bekeak/meprom-tl/checkpoints_mcmpnn/zeroshot/mcmpnn_combi_v29b_smi7_fold2-epoch=289-val_loss_weighted=0.47.ckpt", "val_rmse_scaled": 0.4744543433189392, "val_mae_scaled": 0.3316260576248169, "val_r2": 0.7694432139396667, "val_rmse": 0.178569957613945, "val_mae": 0.12481380999088287, "test_rmse": 0.2312050481122691, "test_mae": 0.1672388587474905, "test_r2": 0.5973121037690543, "general_test_rmse": 0.23440080622250226, "general_test_mae": 0.1736315149737561, "general_test_r2": 0.6135755888110157, "target_test_rmse": 0.21783197796145395, "target_test_mae": 0.14143992043401554, "target_test_r2": 0.4971699497745825}, "fold3": {"best_model_path": "/ibex/user/bekeak/meprom-tl/checkpoints_mcmpnn/zeroshot/mcmpnn_combi_v29b_smi7_fold3-epoch=538-val_loss_weighted=0.49.ckpt", "val_rmse_scaled": 0.4855482280254364, "val_mae_scaled": 0.3350374400615692, "val_r2": 0.7508856654167175, "val_rmse": 0.18379388749599457, "val_mae": 0.12682124972343445, "test_rmse": 0.2634799823908841, "test_mae": 0.18543964849228642, "test_r2": 0.4770391195811512, "general_test_rmse": 0.237762393828123, "general_test_mae": 0.1677053971922066, "general_test_r2": 0.602412537499762, "target_test_rmse": 0.3484896988380395, "target_test_mae": 0.2570100240679403, "target_test_r2": -0.28693865126216545}, "fold4": {"best_model_path": "/ibex/user/bekeak/meprom-tl/checkpoints_mcmpnn/zeroshot/mcmpnn_combi_v29b_smi7_fold4-epoch=713-val_loss_weighted=0.58.ckpt", "val_rmse_scaled": 0.5791875720024109, "val_mae_scaled": 0.3958667516708374, "val_r2": 0.6361814737319946, "val_rmse": 0.21955172717571259, "val_mae": 0.15006059408187866, "test_rmse": 0.1953486652089324, "test_mae": 0.14977276275731427, "test_r2": 0.7125284651056676, "general_test_rmse": 0.19260350814519334, "general_test_mae": 0.15438608237574647, "general_test_r2": 0.7390996040935205, "target_test_rmse": 0.20605601851888414, "target_test_mae": 0.13115469625942502, "target_test_r2": 0.5500662593977487}}