{"fold0": {"best_model_path": "/ibex/user/bekeak/meprom-tl/checkpoints_mcmpnn/zeroshot/mcmpnn_combi_v31b_smi7_fold0-epoch=936-val_loss_weighted=0.53.ckpt", "val_rmse_scaled": 0.526028037071228, "val_mae_scaled": 0.34947526454925537, "val_r2": 0.7184725999832153, "val_rmse": 0.20008239150047302, "val_mae": 0.13292798399925232, "test_rmse": 0.28037463817725994, "test_mae": 0.19578114958897092, "test_r2": 0.5673567076078985, "general_test_rmse": 0.2527469897755011, "general_test_mae": 0.17591694059632484, "general_test_r2": 0.6787874657490195, "target_test_rmse": 0.37675484231781303, "target_test_mae": 0.2811972571980459, "target_test_r2": -0.8184825167020768}, "fold1": {"best_model_path": "/ibex/user/bekeak/meprom-tl/checkpoints_mcmpnn/zeroshot/mcmpnn_combi_v31b_smi7_fold1-epoch=351-val_loss_weighted=0.57.ckpt", "val_rmse_scaled": 0.5699500441551208, "val_mae_scaled": 0.39883720874786377, "val_r2": 0.6853710412979126, "val_rmse": 0.21623939275741577, "val_mae": 0.15131908655166626, "test_rmse": 0.2735588592398723, "test_mae": 0.2017458687411376, "test_r2": 0.5881357556545859, "general_test_rmse": 0.2610540209775611, "general_test_mae": 0.19344249054875562, "general_test_r2": 0.657325905286835, "target_test_rmse": 0.32184001307125465, "target_test_mae": 0.2374503731133438, "target_test_r2": -0.32700182044043546}, "fold2": {"best_model_path": "/ibex/user/bekeak/meprom-tl/checkpoints_mcmpnn/zeroshot/mcmpnn_combi_v31b_smi7_fold2-epoch=626-val_loss_weighted=0.55.ckpt", "val_rmse_scaled": 0.5458049774169922, "val_mae_scaled": 0.3551824688911438, "val_r2": 0.67186439037323, "val_rmse": 0.20915007591247559, "val_mae": 0.13610436022281647, "test_rmse": 0.26129645979831245, "test_mae": 0.18392666268183622, "test_r2": 0.624232189741129, "general_test_rmse": 0.2513723876062436, "general_test_mae": 0.1783863970751874, "general_test_r2": 0.6822718891063515, "target_test_rmse": 0.3002552517321649, "target_test_mae": 0.20774979684314016, "target_test_r2": -0.15497522634803396}, "fold3": {"best_model_path": "/ibex/user/bekeak/meprom-tl/checkpoints_mcmpnn/zeroshot/mcmpnn_combi_v31b_smi7_fold3-epoch=490-val_loss_weighted=0.54.ckpt", "val_rmse_scaled": 0.5427238941192627, "val_mae_scaled": 0.37347444891929626, "val_r2": 0.6728042960166931, "val_rmse": 0.20899787545204163, "val_mae": 0.14382150769233704, "test_rmse": 0.3196448899539183, "test_mae": 0.22628239291282118, "test_r2": 0.43767414214375155, "general_test_rmse": 0.29762278659729974, "general_test_mae": 0.20783136916002282, "general_test_r2": 0.5545972876863656, "target_test_rmse": 0.40078055698090076, "target_test_mae": 0.30562180101031855, "target_test_r2": -1.0578074407288947}, "fold4": {"best_model_path": "/ibex/user/bekeak/meprom-tl/checkpoints_mcmpnn/zeroshot/mcmpnn_combi_v31b_smi7_fold4-epoch=120-val_loss_weighted=0.47.ckpt", "val_rmse_scaled": 0.4743368625640869, "val_mae_scaled": 0.3278447389602661, "val_r2": 0.7518720626831055, "val_rmse": 0.18244943022727966, "val_mae": 0.12610255181789398, "test_rmse": 0.2727621513204179, "test_mae": 0.18960465986107813, "test_r2": 0.590531274323862, "general_test_rmse": 0.27292265208065586, "general_test_mae": 0.18986605464880382, "general_test_r2": 0.6254587411866135, "target_test_rmse": 0.272070921994146, "target_test_mae": 0.18848065730680388, "target_test_r2": 0.05167827263813607}}