{"fold0": {"best_model_path": "/ibex/user/bekeak/meprom-tl/checkpoints_mcmpnn/zeroshot/mcmpnn_combi_v41d_smi11_fold0-epoch=279-val_loss_weighted=0.55.ckpt", "val_rmse_scaled": 0.5523192882537842, "val_mae_scaled": 0.3830229640007019, "val_r2": 0.6805945038795471, "val_rmse": 0.20997436344623566, "val_mae": 0.14561323821544647, "test_rmse": 0.42417222823177847, "test_mae": 0.3010075939139449, "test_r2": 0.13408502081005158, "general_test_rmse": 0.479764747058172, "general_test_mae": 0.34521612444844774, "general_test_r2": 0.06179811023456527, "target_test_rmse": 0.24355069617666572, "target_test_mae": 0.19490709380904808, "target_test_r2": 0.350459538154704}, "fold1": {"best_model_path": "/ibex/user/bekeak/meprom-tl/checkpoints_mcmpnn/zeroshot/mcmpnn_combi_v41d_smi11_fold1-epoch=80-val_loss_weighted=0.48.ckpt", "val_rmse_scaled": 0.4844183027744293, "val_mae_scaled": 0.3378092348575592, "val_r2": 0.7394170165061951, "val_rmse": 0.18517498672008514, "val_mae": 0.12913183867931366, "test_rmse": 0.4661563723406999, "test_mae": 0.3467402714660189, "test_r2": -0.04581301433257212, "general_test_rmse": 0.5330154847515646, "general_test_mae": 0.4088120476429935, "general_test_r2": -0.15802861071208496, "target_test_rmse": 0.23868972014101744, "target_test_mae": 0.1977680138566864, "target_test_r2": 0.3761288688351401}, "fold2": {"best_model_path": "/ibex/user/bekeak/meprom-tl/checkpoints_mcmpnn/zeroshot/mcmpnn_combi_v41d_smi11_fold2-epoch=216-val_loss_weighted=0.51.ckpt", "val_rmse_scaled": 0.5083157420158386, "val_mae_scaled": 0.36167967319488525, "val_r2": 0.7069319486618042, "val_rmse": 0.1951647698879242, "val_mae": 0.13886472582817078, "test_rmse": 0.4566667997404306, "test_mae": 0.33027846024491536, "test_r2": -0.0036670558445777157, "general_test_rmse": 0.5023879128130994, "general_test_mae": 0.368860590290617, "general_test_r2": -0.028769313077307457, "target_test_rmse": 0.32141384158670505, "target_test_mae": 0.23768135782098615, "target_test_r2": -0.131244837552289}, "fold3": {"best_model_path": "/ibex/user/bekeak/meprom-tl/checkpoints_mcmpnn/zeroshot/mcmpnn_combi_v41d_smi11_fold3-epoch=194-val_loss_weighted=0.56.ckpt", "val_rmse_scaled": 0.5557693243026733, "val_mae_scaled": 0.3959153890609741, "val_r2": 0.6887038946151733, "val_rmse": 0.2109510600566864, "val_mae": 0.15027596056461334, "test_rmse": 0.4996960886980764, "test_mae": 0.35378982281804344, "test_r2": -0.2017183459870484, "general_test_rmse": 0.5736851870129223, "general_test_mae": 0.4212029872288774, "general_test_r2": -0.34148836349056233, "target_test_rmse": 0.24308791555161838, "target_test_mae": 0.19199823270239028, "target_test_r2": 0.3529256296869271}, "fold4": {"best_model_path": "/ibex/user/bekeak/meprom-tl/checkpoints_mcmpnn/zeroshot/mcmpnn_combi_v41d_smi11_fold4-epoch=204-val_loss_weighted=0.54.ckpt", "val_rmse_scaled": 0.53507000207901, "val_mae_scaled": 0.38057941198349, "val_r2": 0.7159989476203918, "val_rmse": 0.2029900848865509, "val_mae": 0.1443808227777481, "test_rmse": 0.4960590419290639, "test_mae": 0.3757658399176033, "test_r2": -0.18428855297318703, "general_test_rmse": 0.5694454473245557, "general_test_mae": 0.45327232625098207, "general_test_r2": -0.3217334699602914, "target_test_rmse": 0.2416816965418307, "target_test_mae": 0.18975024887563666, "target_test_r2": 0.3603903890445471}}