{"fold0": {"best_model_path": "/ibex/user/bekeak/meprom-tl/checkpoints_mcmpnn/zeroshot/mcmpnn_combi_v41d_smi10_fold0-epoch=243-val_loss_weighted=0.55.ckpt", "val_rmse_scaled": 0.5512417554855347, "val_mae_scaled": 0.3804965913295746, "val_r2": 0.6834648847579956, "val_rmse": 0.2095647156238556, "val_mae": 0.14465279877185822, "test_rmse": 0.4242492078377507, "test_mae": 0.2898180846708506, "test_r2": 0.13377069640095562, "general_test_rmse": 0.47749332559593766, "general_test_mae": 0.3263661215245805, "general_test_r2": 0.0706608173995168, "target_test_rmse": 0.2544747770803563, "target_test_mae": 0.20210279547684057, "target_test_r2": 0.29088455560055626}, "fold1": {"best_model_path": "/ibex/user/bekeak/meprom-tl/checkpoints_mcmpnn/zeroshot/mcmpnn_combi_v41d_smi10_fold1-epoch=154-val_loss_weighted=0.51.ckpt", "val_rmse_scaled": 0.5059570670127869, "val_mae_scaled": 0.3408381938934326, "val_r2": 0.7131199240684509, "val_rmse": 0.19340845942497253, "val_mae": 0.130289688706398, "test_rmse": 0.459780806221701, "test_mae": 0.32432997040412276, "test_r2": -0.017401716838351122, "general_test_rmse": 0.5257451548874825, "general_test_mae": 0.3783468890266959, "general_test_r2": -0.12665304674879962, "target_test_rmse": 0.23531969394801022, "target_test_mae": 0.19468933665268287, "target_test_r2": 0.3936212004745603}, "fold2": {"best_model_path": "/ibex/user/bekeak/meprom-tl/checkpoints_mcmpnn/zeroshot/mcmpnn_combi_v41d_smi10_fold2-epoch=1201-val_loss_weighted=0.50.ckpt", "val_rmse_scaled": 0.5047580599784851, "val_mae_scaled": 0.34763801097869873, "val_r2": 0.7123395800590515, "val_rmse": 0.19379881024360657, "val_mae": 0.13347351551055908, "test_rmse": 0.4432809261166892, "test_mae": 0.31233163104894784, "test_r2": 0.05430981818572145, "general_test_rmse": 0.4927444413311253, "general_test_mae": 0.3459079600839446, "general_test_r2": 0.01034663710263617, "target_test_rmse": 0.2921988018644227, "target_test_mae": 0.23174845775623285, "target_test_r2": 0.06505875148413687}, "fold3": {"best_model_path": "/ibex/user/bekeak/meprom-tl/checkpoints_mcmpnn/zeroshot/mcmpnn_combi_v41d_smi10_fold3-epoch=187-val_loss_weighted=0.56.ckpt", "val_rmse_scaled": 0.5599547624588013, "val_mae_scaled": 0.38447386026382446, "val_r2": 0.683235764503479, "val_rmse": 0.21253971755504608, "val_mae": 0.1459331512451172, "test_rmse": 0.42719860848441193, "test_mae": 0.3006891917364759, "test_r2": 0.12168469616629962, "general_test_rmse": 0.4855043563967856, "general_test_mae": 0.34727696448417406, "general_test_r2": 0.03921569564462657, "target_test_rmse": 0.23405271593110807, "target_test_mae": 0.1888785460826969, "target_test_r2": 0.40013319604590514}, "fold4": {"best_model_path": "/ibex/user/bekeak/meprom-tl/checkpoints_mcmpnn/zeroshot/mcmpnn_combi_v41d_smi10_fold4-epoch=477-val_loss_weighted=0.54.ckpt", "val_rmse_scaled": 0.5428939461708069, "val_mae_scaled": 0.3638473153114319, "val_r2": 0.7058575749397278, "val_rmse": 0.2059582620859146, "val_mae": 0.13803315162658691, "test_rmse": 0.42384718858520426, "test_mae": 0.3147808717083715, "test_r2": 0.1354115992190612, "general_test_rmse": 0.4791475832690257, "general_test_mae": 0.36745057137017484, "general_test_r2": 0.06421034169509388, "target_test_rmse": 0.24454067772961455, "target_test_mae": 0.18837361114649467, "target_test_r2": 0.3451683196833225}}