{"fold0": {"best_model_path": "/ibex/user/bekeak/meprom-tl/checkpoints_mcmpnn/zeroshot/mcmpnn_combi_v34b_smi8_fold0-epoch=289-val_loss_weighted=0.55.ckpt", "val_rmse_scaled": 0.5527155995368958, "val_mae_scaled": 0.39226096868515015, "val_r2": 0.6791422963142395, "val_rmse": 0.21012502908706665, "val_mae": 0.14912523329257965, "test_rmse": 0.4226539481502554, "test_mae": 0.31133579763789987, "test_r2": 0.14027283066522467, "general_test_rmse": 0.48230928387185634, "general_test_mae": 0.36586959247311474, "general_test_r2": 0.05181980309110368, "target_test_rmse": 0.2215180095003589, "target_test_mae": 0.18045466693658446, "target_test_r2": 0.4626644928064425}, "fold1": {"best_model_path": "/ibex/user/bekeak/meprom-tl/checkpoints_mcmpnn/zeroshot/mcmpnn_combi_v34b_smi8_fold1-epoch=374-val_loss_weighted=0.53.ckpt", "val_rmse_scaled": 0.5252810716629028, "val_mae_scaled": 0.358982115983963, "val_r2": 0.6885234117507935, "val_rmse": 0.20079530775547028, "val_mae": 0.1372254341840744, "test_rmse": 0.4531105330536713, "test_mae": 0.3244367003028799, "test_r2": 0.011904077537895907, "general_test_rmse": 0.5183587541495714, "general_test_mae": 0.38844554929919245, "general_test_r2": -0.09521784694814617, "target_test_rmse": 0.2306104500770043, "target_test_mae": 0.17081543588963966, "target_test_r2": 0.4176481949779044}, "fold2": {"best_model_path": "/ibex/user/bekeak/meprom-tl/checkpoints_mcmpnn/zeroshot/mcmpnn_combi_v34b_smi8_fold2-epoch=321-val_loss_weighted=0.52.ckpt", "val_rmse_scaled": 0.5209874510765076, "val_mae_scaled": 0.36823713779449463, "val_r2": 0.6931787133216858, "val_rmse": 0.20002999901771545, "val_mae": 0.14138242602348328, "test_rmse": 0.4638099065954099, "test_mae": 0.3314566251646236, "test_r2": -0.03531100957039679, "general_test_rmse": 0.5140917099623524, "general_test_mae": 0.369529124505084, "general_test_r2": -0.07726075520717934, "target_test_rmse": 0.3116248711385104, "target_test_mae": 0.24008263792338944, "target_test_r2": -0.06338782335816107}, "fold3": {"best_model_path": "/ibex/user/bekeak/meprom-tl/checkpoints_mcmpnn/zeroshot/mcmpnn_combi_v34b_smi8_fold3-epoch=338-val_loss_weighted=0.53.ckpt", "val_rmse_scaled": 0.5334068536758423, "val_mae_scaled": 0.37806835770606995, "val_r2": 0.7114730477333069, "val_rmse": 0.2024630308151245, "val_mae": 0.14350184798240662, "test_rmse": 0.44830247626571895, "test_mae": 0.29293005245108783, "test_r2": 0.03276263169143523, "general_test_rmse": 0.5117251600095964, "general_test_mae": 0.3446581013146737, "general_test_r2": -0.06736554213508827, "target_test_rmse": 0.2341901887999134, "target_test_mae": 0.16878274188400422, "target_test_r2": 0.3994283152800887}, "fold4": {"best_model_path": "/ibex/user/bekeak/meprom-tl/checkpoints_mcmpnn/zeroshot/mcmpnn_combi_v34b_smi8_fold4-epoch=224-val_loss_weighted=0.56.ckpt", "val_rmse_scaled": 0.5581573247909546, "val_mae_scaled": 0.39540326595306396, "val_r2": 0.6905544996261597, "val_rmse": 0.21174874901771545, "val_mae": 0.1500045657157898, "test_rmse": 0.473351846350023, "test_mae": 0.34365684390871976, "test_r2": -0.07834801227681898, "general_test_rmse": 0.5366397548703817, "general_test_mae": 0.3966389907772017, "general_test_r2": -0.17383031821957395, "target_test_rmse": 0.26580698869881964, "target_test_mae": 0.21649968993424684, "target_test_r2": 0.22632199587394763}}