{"fold0": {"best_model_path": "/ibex/user/bekeak/meprom-tl/checkpoints_mcmpnn/zeroshot/mcmpnn_combi_v41b_smi5_fold0-epoch=197-val_loss_weighted=0.56.ckpt", "val_rmse_scaled": 0.5581192374229431, "val_mae_scaled": 0.37766435742378235, "val_r2": 0.6731796264648438, "val_rmse": 0.21217931807041168, "val_mae": 0.14357607066631317, "test_rmse": 0.4715275109765104, "test_mae": 0.32103807237303394, "test_r2": -0.07005195328809344, "general_test_rmse": 0.5419782497042626, "general_test_mae": 0.38161736552224107, "general_test_r2": -0.19730102293050522, "target_test_rmse": 0.22577167347691593, "target_test_mae": 0.17564777775563317, "target_test_r2": 0.4418301637341028}, "fold1": {"best_model_path": "/ibex/user/bekeak/meprom-tl/checkpoints_mcmpnn/zeroshot/mcmpnn_combi_v41b_smi5_fold1-epoch=248-val_loss_weighted=0.51.ckpt", "val_rmse_scaled": 0.5115095376968384, "val_mae_scaled": 0.3386293947696686, "val_r2": 0.7039071917533875, "val_rmse": 0.195530965924263, "val_mae": 0.12944534420967102, "test_rmse": 0.4236690614017434, "test_mae": 0.3035346316261627, "test_r2": 0.1361381551061457, "general_test_rmse": 0.4751686147793551, "general_test_mae": 0.3443389794662703, "general_test_r2": 0.07968789942757581, "target_test_rmse": 0.26153408278849255, "target_test_mae": 0.20560419606484642, "target_test_r2": 0.2509961564168389}, "fold2": {"best_model_path": "/ibex/user/bekeak/meprom-tl/checkpoints_mcmpnn/zeroshot/mcmpnn_combi_v41b_smi5_fold2-epoch=716-val_loss_weighted=0.51.ckpt", "val_rmse_scaled": 0.5144197344779968, "val_mae_scaled": 0.3576076030731201, "val_r2": 0.7005606293678284, "val_rmse": 0.19750836491584778, "val_mae": 0.1373012810945511, "test_rmse": 0.43053882004147664, "test_mae": 0.30291165734062914, "test_r2": 0.10789612937800264, "general_test_rmse": 0.4623816847583365, "general_test_mae": 0.31826488139729187, "general_test_r2": 0.12855319192527748, "target_test_rmse": 0.3422340241178301, "target_test_mae": 0.2660639084287678, "target_test_r2": -0.282548588205904}, "fold3": {"best_model_path": "/ibex/user/bekeak/meprom-tl/checkpoints_mcmpnn/zeroshot/mcmpnn_combi_v41b_smi5_fold3-epoch=159-val_loss_weighted=0.56.ckpt", "val_rmse_scaled": 0.5585063695907593, "val_mae_scaled": 0.39064496755599976, "val_r2": 0.6847752332687378, "val_rmse": 0.21198995411396027, "val_mae": 0.1482754945755005, "test_rmse": 0.4752732114252535, "test_mae": 0.3645489850826849, "test_r2": -0.08711994466800843, "general_test_rmse": 0.5415818735449435, "general_test_mae": 0.4318122866287702, "general_test_r2": -0.19555036951038418, "target_test_rmse": 0.25310370576953134, "target_test_mae": 0.20311704796103514, "target_test_r2": 0.29850518261447634}, "fold4": {"best_model_path": "/ibex/user/bekeak/meprom-tl/checkpoints_mcmpnn/zeroshot/mcmpnn_combi_v41b_smi5_fold4-epoch=201-val_loss_weighted=0.53.ckpt", "val_rmse_scaled": 0.5312493443489075, "val_mae_scaled": 0.3625473082065582, "val_r2": 0.7183259725570679, "val_rmse": 0.20154063403606415, "val_mae": 0.13753996789455414, "test_rmse": 0.44893468522201646, "test_mae": 0.3347490411389854, "test_r2": 0.03003265657793841, "general_test_rmse": 0.5097148457102821, "general_test_mae": 0.39408683595227717, "general_test_r2": -0.058995715498118884, "target_test_rmse": 0.24839857162913295, "target_test_mae": 0.1923383142155754, "target_test_r2": 0.32434398485848315}}