{"fold0": {"best_model_path": "/ibex/user/bekeak/meprom-tl/checkpoints_mcmpnn/zeroshot/mcmpnn_combi_v25e_smi5_fold0-epoch=553-val_loss_weighted=0.38.ckpt", "val_rmse_scaled": 0.3812277913093567, "val_mae_scaled": 0.3180919289588928, "val_r2": 0.8728829026222229, "val_rmse": 0.14372462034225464, "val_mae": 0.11992210894823074, "test_rmse": 0.2762131535668186, "test_mae": 0.1872801748790664, "test_r2": 0.42527159198909903, "general_test_rmse": 0.2934036536226868, "general_test_mae": 0.20049758563812062, "general_test_r2": 0.3945512500482725, "target_test_rmse": 0.19177076394830714, "target_test_mae": 0.1339385048747079, "target_test_r2": 0.6102889223835968}, "fold1": {"best_model_path": "/ibex/user/bekeak/meprom-tl/checkpoints_mcmpnn/zeroshot/mcmpnn_combi_v25e_smi5_fold1-epoch=443-val_loss_weighted=0.26.ckpt", "val_rmse_scaled": 0.2574952244758606, "val_mae_scaled": 0.18135690689086914, "val_r2": 0.9107576608657837, "val_rmse": 0.09718991070985794, "val_mae": 0.06845199316740036, "test_rmse": 0.26030657062463125, "test_mae": 0.17990849100686288, "test_r2": 0.4895605724753427, "general_test_rmse": 0.26727550828043056, "general_test_mae": 0.18449056539104208, "general_test_r2": 0.497582590563467, "target_test_rmse": 0.2300466244895852, "target_test_mae": 0.16141652560468348, "target_test_r2": 0.4391978311356075}, "fold2": {"best_model_path": "/ibex/user/bekeak/meprom-tl/checkpoints_mcmpnn/zeroshot/mcmpnn_combi_v25e_smi5_fold2-epoch=938-val_loss_weighted=0.32.ckpt", "val_rmse_scaled": 0.32276880741119385, "val_mae_scaled": 0.23360112309455872, "val_r2": 0.9264624118804932, "val_rmse": 0.12140173465013504, "val_mae": 0.08786345273256302, "test_rmse": 0.1919840268659168, "test_mae": 0.1375761176103774, "test_r2": 0.7223458653201378, "general_test_rmse": 0.17398127865517363, "general_test_mae": 0.13273777896839284, "general_test_r2": 0.7871118988713677, "target_test_rmse": 0.2518862659486778, "target_test_mae": 0.1571022646651148, "target_test_r2": 0.32766312558722965}, "fold3": {"best_model_path": "/ibex/user/bekeak/meprom-tl/checkpoints_mcmpnn/zeroshot/mcmpnn_combi_v25e_smi5_fold3-epoch=267-val_loss_weighted=0.40.ckpt", "val_rmse_scaled": 0.39975666999816895, "val_mae_scaled": 0.317033052444458, "val_r2": 0.8330771923065186, "val_rmse": 0.1510653793811798, "val_mae": 0.11980467289686203, "test_rmse": 0.27630893910097987, "test_mae": 0.19054454344465516, "test_r2": 0.42487291283774964, "general_test_rmse": 0.2820923639599093, "general_test_mae": 0.19410080577253833, "general_test_r2": 0.44033388649029437, "target_test_rmse": 0.25162153041654095, "target_test_mae": 0.17619249540795626, "target_test_r2": 0.32907565138697537}, "fold4": {"best_model_path": "/ibex/user/bekeak/meprom-tl/checkpoints_mcmpnn/zeroshot/mcmpnn_combi_v25e_smi5_fold4-epoch=37-val_loss_weighted=0.80.ckpt", "val_rmse_scaled": 0.7981559038162231, "val_mae_scaled": 0.6538544297218323, "val_r2": 0.09777003526687622, "val_rmse": 0.30223172903060913, "val_mae": 0.24759016931056976, "test_rmse": 0.39375154272268337, "test_mae": 0.3349635719824668, "test_r2": -0.1679345025942569, "general_test_rmse": 0.39213938215508554, "general_test_mae": 0.33483332857710435, "general_test_r2": -0.08150186354149458, "target_test_rmse": 0.4001917599974637, "target_test_mae": 0.3354892035403198, "target_test_r2": -0.6971265929041026}}