{"fold0": {"best_model_path": "/ibex/user/bekeak/meprom-tl/checkpoints_mcmpnn/zeroshot/mcmpnn_combi_v41d_smi2_fold0-epoch=155-val_loss_weighted=0.56.ckpt", "val_rmse_scaled": 0.5554420948028564, "val_mae_scaled": 0.3783433139324188, "val_r2": 0.6811619997024536, "val_rmse": 0.2111615538597107, "val_mae": 0.143834188580513, "test_rmse": 0.4748467592078487, "test_mae": 0.3378574278205969, "test_r2": -0.08516992220225705, "general_test_rmse": 0.5414664016467162, "general_test_mae": 0.3947883511430424, "general_test_r2": -0.1950406118537995, "target_test_rmse": 0.2509661694502318, "target_test_mae": 0.20122320961155354, "target_test_r2": 0.3103038159603443}, "fold1": {"best_model_path": "/ibex/user/bekeak/meprom-tl/checkpoints_mcmpnn/zeroshot/mcmpnn_combi_v41d_smi2_fold1-epoch=79-val_loss_weighted=0.53.ckpt", "val_rmse_scaled": 0.5259422659873962, "val_mae_scaled": 0.3524048924446106, "val_r2": 0.690621554851532, "val_rmse": 0.20104804635047913, "val_mae": 0.13471120595932007, "test_rmse": 0.4491498806990557, "test_mae": 0.3146786012056179, "test_r2": 0.029102531908501983, "general_test_rmse": 0.5162482758094168, "general_test_mae": 0.3811682440910187, "general_test_r2": -0.08631772490902145, "target_test_rmse": 0.21510836479448664, "target_test_mae": 0.15510344337949483, "target_test_r2": 0.49331032233789984}, "fold2": {"best_model_path": "/ibex/user/bekeak/meprom-tl/checkpoints_mcmpnn/zeroshot/mcmpnn_combi_v41d_smi2_fold2-epoch=389-val_loss_weighted=0.49.ckpt", "val_rmse_scaled": 0.48841848969459534, "val_mae_scaled": 0.33520036935806274, "val_r2": 0.7303669452667236, "val_rmse": 0.18752533197402954, "val_mae": 0.12869815528392792, "test_rmse": 0.42492874902902644, "test_mae": 0.3060119732129653, "test_r2": 0.13099350833379675, "general_test_rmse": 0.448209782691973, "general_test_mae": 0.3148743742430234, "general_test_r2": 0.1811538716633343, "target_test_rmse": 0.36301278686434124, "target_test_mae": 0.28474221446611636, "target_test_r2": -0.4430165271133939}, "fold3": {"best_model_path": "/ibex/user/bekeak/meprom-tl/checkpoints_mcmpnn/zeroshot/mcmpnn_combi_v41d_smi2_fold3-epoch=327-val_loss_weighted=0.57.ckpt", "val_rmse_scaled": 0.5746681690216064, "val_mae_scaled": 0.38481730222702026, "val_r2": 0.6672244668006897, "val_rmse": 0.2181244194507599, "val_mae": 0.14606350660324097, "test_rmse": 0.42106236230602745, "test_mae": 0.3006199045850392, "test_r2": 0.14673557988434538, "general_test_rmse": 0.47098290915437857, "general_test_mae": 0.3396985187205314, "general_test_r2": 0.09583033316368039, "target_test_rmse": 0.26536426461213175, "target_test_mae": 0.20683123214997368, "target_test_r2": 0.22889710224328863}, "fold4": {"best_model_path": "/ibex/user/bekeak/meprom-tl/checkpoints_mcmpnn/zeroshot/mcmpnn_combi_v41d_smi2_fold4-epoch=202-val_loss_weighted=0.55.ckpt", "val_rmse_scaled": 0.5510949492454529, "val_mae_scaled": 0.37700948119163513, "val_r2": 0.6995991468429565, "val_rmse": 0.20906949043273926, "val_mae": 0.14302648603916168, "test_rmse": 0.46934511200658385, "test_mae": 0.34854811564686383, "test_r2": -0.06016970477568484, "general_test_rmse": 0.5350961070190929, "general_test_mae": 0.41232429354213845, "general_test_r2": -0.1670869692789243, "target_test_rmse": 0.24855903314558062, "target_test_mae": 0.19548526858163717, "target_test_r2": 0.3234707768860402}}