{"fold0": {"best_model_path": "/ibex/user/bekeak/meprom-tl/checkpoints_mcmpnn/zeroshot/mcmpnn_combi_v37b_smi6_fold0-epoch=419-val_loss_weighted=0.57.ckpt", "val_rmse_scaled": 0.5658860206604004, "val_mae_scaled": 0.39453238248825073, "val_r2": 0.6670761108398438, "val_rmse": 0.2151319980621338, "val_mae": 0.14998875558376312, "test_rmse": 0.47777145334524734, "test_mae": 0.3333788031876446, "test_r2": -0.09857872877791807, "general_test_rmse": 0.5422347192191409, "general_test_mae": 0.38842795033867744, "general_test_r2": -0.1984344406175158, "target_test_rmse": 0.2654402664564585, "target_test_mae": 0.20126084406470146, "target_test_r2": 0.2284553424236736}, "fold1": {"best_model_path": "/ibex/user/bekeak/meprom-tl/checkpoints_mcmpnn/zeroshot/mcmpnn_combi_v37b_smi6_fold1-epoch=291-val_loss_weighted=0.51.ckpt", "val_rmse_scaled": 0.5129697918891907, "val_mae_scaled": 0.34679967164993286, "val_r2": 0.704262375831604, "val_rmse": 0.19608916342258453, "val_mae": 0.13256853818893433, "test_rmse": 0.4740111229985601, "test_mae": 0.33984069595837335, "test_r2": -0.08135391477634091, "general_test_rmse": 0.5442885473765456, "general_test_mae": 0.40459365978992484, "general_test_r2": -0.20753027976606386, "target_test_rmse": 0.2300743117056249, "target_test_mae": 0.18443357233183705, "target_test_r2": 0.42035282707120203}, "fold2": {"best_model_path": "/ibex/user/bekeak/meprom-tl/checkpoints_mcmpnn/zeroshot/mcmpnn_combi_v37b_smi6_fold2-epoch=878-val_loss_weighted=0.52.ckpt", "val_rmse_scaled": 0.523128867149353, "val_mae_scaled": 0.380852609872818, "val_r2": 0.6943697333335876, "val_rmse": 0.200852170586586, "val_mae": 0.14622606337070465, "test_rmse": 0.4552061055343386, "test_mae": 0.3165485385969592, "test_r2": 0.0027433335233033596, "general_test_rmse": 0.5098347712963529, "general_test_mae": 0.36494122519801325, "general_test_r2": -0.05949409463398814, "target_test_rmse": 0.28405493960486694, "target_test_mae": 0.20040606691257173, "target_test_r2": 0.11644792546317728}, "fold3": {"best_model_path": "/ibex/user/bekeak/meprom-tl/checkpoints_mcmpnn/zeroshot/mcmpnn_combi_v37b_smi6_fold3-epoch=318-val_loss_weighted=0.56.ckpt", "val_rmse_scaled": 0.5551370978355408, "val_mae_scaled": 0.39365196228027344, "val_r2": 0.6892292499542236, "val_rmse": 0.21071109175682068, "val_mae": 0.14941684901714325, "test_rmse": 0.4191434978861179, "test_mae": 0.30051196590768875, "test_r2": 0.15449484851423545, "general_test_rmse": 0.4689938554561946, "general_test_mae": 0.3438694394269935, "general_test_r2": 0.103451180532378, "target_test_rmse": 0.2634839004391784, "target_test_mae": 0.19645403020641555, "target_test_r2": 0.23978641392888655}, "fold4": {"best_model_path": "/ibex/user/bekeak/meprom-tl/checkpoints_mcmpnn/zeroshot/mcmpnn_combi_v37b_smi6_fold4-epoch=496-val_loss_weighted=0.56.ckpt", "val_rmse_scaled": 0.5586625933647156, "val_mae_scaled": 0.3871334195137024, "val_r2": 0.6873716115951538, "val_rmse": 0.21194042265415192, "val_mae": 0.14686721563339233, "test_rmse": 0.4580477900027418, "test_mae": 0.33197486512599306, "test_r2": -0.009746543957691811, "general_test_rmse": 0.5229115410564159, "general_test_mae": 0.3952910829446787, "general_test_r2": -0.11454110885231894, "target_test_rmse": 0.2389537427572903, "target_test_mae": 0.18001594683149605, "target_test_r2": 0.3747479364084386}}