{"fold0": {"best_model_path": "/ibex/user/bekeak/meprom-tl/checkpoints_mcmpnn/zeroshot/mcmpnn_combi_v31b_smi3_fold0-epoch=785-val_loss_weighted=0.53.ckpt", "val_rmse_scaled": 0.5319234132766724, "val_mae_scaled": 0.35696372389793396, "val_r2": 0.7140501141548157, "val_rmse": 0.2023247927427292, "val_mae": 0.1357763260602951, "test_rmse": 0.2793556989663144, "test_mae": 0.1946810275852385, "test_r2": 0.5704956232472809, "general_test_rmse": 0.25908551270698965, "general_test_mae": 0.1786191654967503, "general_test_r2": 0.6624743684286165, "target_test_rmse": 0.35351254889828215, "target_test_mae": 0.26374704648666636, "target_test_r2": -0.6010360614790096}, "fold1": {"best_model_path": "/ibex/user/bekeak/meprom-tl/checkpoints_mcmpnn/zeroshot/mcmpnn_combi_v31b_smi3_fold1-epoch=526-val_loss_weighted=0.57.ckpt", "val_rmse_scaled": 0.5743514895439148, "val_mae_scaled": 0.3915369212627411, "val_r2": 0.6800753474235535, "val_rmse": 0.2179093062877655, "val_mae": 0.14854934811592102, "test_rmse": 0.28533393413935454, "test_mae": 0.1965628179376144, "test_r2": 0.5519160671844408, "general_test_rmse": 0.28362783655618834, "general_test_mae": 0.19230285077916145, "general_test_r2": 0.5955002991728583, "target_test_rmse": 0.29255678205487035, "target_test_mae": 0.21488068565965882, "target_test_r2": -0.09650795057350581}, "fold2": {"best_model_path": "/ibex/user/bekeak/meprom-tl/checkpoints_mcmpnn/zeroshot/mcmpnn_combi_v31b_smi3_fold2-epoch=580-val_loss_weighted=0.56.ckpt", "val_rmse_scaled": 0.5594807267189026, "val_mae_scaled": 0.36758214235305786, "val_r2": 0.6571880578994751, "val_rmse": 0.2143905609846115, "val_mae": 0.14085586369037628, "test_rmse": 0.25474374339705, "test_mae": 0.17964017850543662, "test_r2": 0.6428426636524702, "general_test_rmse": 0.25589666389263094, "general_test_mae": 0.17920948095527958, "general_test_r2": 0.6707318312723434, "target_test_rmse": 0.2497255253641366, "target_test_mae": 0.1814921620765401, "target_test_r2": 0.20105420529859908}, "fold3": {"best_model_path": "/ibex/user/bekeak/meprom-tl/checkpoints_mcmpnn/zeroshot/mcmpnn_combi_v31b_smi3_fold3-epoch=285-val_loss_weighted=0.55.ckpt", "val_rmse_scaled": 0.5489941835403442, "val_mae_scaled": 0.39593735337257385, "val_r2": 0.6662267446517944, "val_rmse": 0.21141250431537628, "val_mae": 0.15247176587581635, "test_rmse": 0.3044030128813167, "test_mae": 0.22599807765433652, "test_r2": 0.49002320426735324, "general_test_rmse": 0.29172035103771754, "general_test_mae": 0.2171521130136189, "general_test_r2": 0.5720885029807647, "target_test_rmse": 0.3537952120295374, "target_test_mae": 0.264035738523762, "target_test_r2": -0.6035974121032786}, "fold4": {"best_model_path": "/ibex/user/bekeak/meprom-tl/checkpoints_mcmpnn/zeroshot/mcmpnn_combi_v31b_smi3_fold4-epoch=116-val_loss_weighted=0.50.ckpt", "val_rmse_scaled": 0.503631591796875, "val_mae_scaled": 0.3649469017982483, "val_r2": 0.7196150422096252, "val_rmse": 0.19371739029884338, "val_mae": 0.14037355780601501, "test_rmse": 0.27739363553170115, "test_mae": 0.19795904307015702, "test_r2": 0.5765077104810841, "general_test_rmse": 0.27714516473806955, "general_test_mae": 0.19768561583677424, "general_test_r2": 0.6137796863819609, "target_test_rmse": 0.278459553064059, "target_test_mae": 0.19913478315393526, "target_test_r2": 0.006619369225601468}}