{"fold0": {"best_model_path": "/ibex/user/bekeak/meprom-tl/checkpoints_mcmpnn/zeroshot/mcmpnn_combi_v25e_smi2_fold0-epoch=456-val_loss_weighted=0.43.ckpt", "val_rmse_scaled": 0.43229931592941284, "val_mae_scaled": 0.3289167881011963, "val_r2": 0.8357308506965637, "val_rmse": 0.16297881305217743, "val_mae": 0.12400312721729279, "test_rmse": 0.25722232496169944, "test_mae": 0.19330703877402686, "test_r2": 0.501584809190979, "general_test_rmse": 0.2681582256813863, "general_test_mae": 0.20346287490552542, "general_test_r2": 0.4942584929455084, "target_test_rmse": 0.20730671838006567, "target_test_mae": 0.15232096133428574, "target_test_r2": 0.5445877503919981}, "fold1": {"best_model_path": "/ibex/user/bekeak/meprom-tl/checkpoints_mcmpnn/zeroshot/mcmpnn_combi_v25e_smi2_fold1-epoch=709-val_loss_weighted=0.31.ckpt", "val_rmse_scaled": 0.3108150064945221, "val_mae_scaled": 0.23871015012264252, "val_r2": 0.8915234804153442, "val_rmse": 0.11731512099504471, "val_mae": 0.09009961038827896, "test_rmse": 0.2496897470145314, "test_mae": 0.17017797494278505, "test_r2": 0.5303488714447478, "general_test_rmse": 0.23134737934012417, "general_test_mae": 0.16268684435218272, "general_test_r2": 0.6235775473077957, "target_test_rmse": 0.31297531071219037, "target_test_mae": 0.20041006322827798, "target_test_r2": -0.03800181459375751}, "fold2": {"best_model_path": "/ibex/user/bekeak/meprom-tl/checkpoints_mcmpnn/zeroshot/mcmpnn_combi_v25e_smi2_fold2-epoch=666-val_loss_weighted=0.30.ckpt", "val_rmse_scaled": 0.3049851655960083, "val_mae_scaled": 0.2329838126897812, "val_r2": 0.9352759122848511, "val_rmse": 0.11471284925937653, "val_mae": 0.08763127028942108, "test_rmse": 0.27872512371766883, "test_mae": 0.1975988912160163, "test_r2": 0.41477053276745235, "general_test_rmse": 0.24952027805756105, "general_test_mae": 0.17995296642595182, "general_test_r2": 0.5621170421222282, "target_test_rmse": 0.37409616226538156, "target_test_mae": 0.268812778559809, "target_test_r2": -0.48301129955877364}, "fold3": {"best_model_path": "/ibex/user/bekeak/meprom-tl/checkpoints_mcmpnn/zeroshot/mcmpnn_combi_v25e_smi2_fold3-epoch=320-val_loss_weighted=0.45.ckpt", "val_rmse_scaled": 0.44805940985679626, "val_mae_scaled": 0.31645527482032776, "val_r2": 0.7945133447647095, "val_rmse": 0.16931866109371185, "val_mae": 0.11958633363246918, "test_rmse": 0.3294163274597459, "test_mae": 0.24982346988025333, "test_r2": 0.18254436144857988, "general_test_rmse": 0.32342510396724045, "general_test_mae": 0.24750227177071496, "general_test_r2": 0.2643117759201945, "target_test_rmse": 0.3525621619963091, "target_test_mae": 0.2591911877957382, "target_test_r2": -0.3171928227853442}, "fold4": {"best_model_path": "/ibex/user/bekeak/meprom-tl/checkpoints_mcmpnn/zeroshot/mcmpnn_combi_v25e_smi2_fold4-epoch=318-val_loss_weighted=0.74.ckpt", "val_rmse_scaled": 0.7383579015731812, "val_mae_scaled": 0.5651284456253052, "val_r2": 0.24817413091659546, "val_rmse": 0.2795884609222412, "val_mae": 0.21399296820163727, "test_rmse": 0.27835693523404725, "test_mae": 0.21375679982379767, "test_r2": 0.41631565671629955, "general_test_rmse": 0.2854491187804177, "general_test_mae": 0.21927485851872724, "general_test_r2": 0.4269351581037151, "target_test_rmse": 0.24767982846046438, "target_test_mae": 0.1914874744893619, "target_test_r2": 0.3499313376541724}}