{"fold0": {"best_model_path": "/ibex/user/bekeak/meprom-tl/checkpoints_mcmpnn/zeroshot/mcmpnn_combi_v41d_smi6_fold0-epoch=262-val_loss_weighted=0.54.ckpt", "val_rmse_scaled": 0.5418609380722046, "val_mae_scaled": 0.36933597922325134, "val_r2": 0.6923093795776367, "val_rmse": 0.20599842071533203, "val_mae": 0.14040988683700562, "test_rmse": 0.4421494723625675, "test_mae": 0.2995366426115018, "test_r2": 0.05913131658593673, "general_test_rmse": 0.4967656906295052, "general_test_mae": 0.33552957365756647, "general_test_r2": -0.005872243660005383, "target_test_rmse": 0.26911740047147076, "target_test_mae": 0.2131536028855404, "target_test_r2": 0.20693092130966007}, "fold1": {"best_model_path": "/ibex/user/bekeak/meprom-tl/checkpoints_mcmpnn/zeroshot/mcmpnn_combi_v41d_smi6_fold1-epoch=81-val_loss_weighted=0.50.ckpt", "val_rmse_scaled": 0.5010508298873901, "val_mae_scaled": 0.34596699476242065, "val_r2": 0.7175794839859009, "val_rmse": 0.19153298437595367, "val_mae": 0.13225023448467255, "test_rmse": 0.48128400794290044, "test_mae": 0.349574590378339, "test_r2": -0.11479151280391253, "general_test_rmse": 0.5516340698813605, "general_test_mae": 0.420977222327994, "general_test_r2": -0.24034299888088229, "target_test_rmse": 0.23924094789950226, "target_test_mae": 0.17820824911225092, "target_test_r2": 0.3732440174973989}, "fold2": {"best_model_path": "/ibex/user/bekeak/meprom-tl/checkpoints_mcmpnn/zeroshot/mcmpnn_combi_v41d_smi6_fold2-epoch=1348-val_loss_weighted=0.50.ckpt", "val_rmse_scaled": 0.504339337348938, "val_mae_scaled": 0.35229969024658203, "val_r2": 0.7151845693588257, "val_rmse": 0.19363805651664734, "val_mae": 0.1352633386850357, "test_rmse": 0.45278198673925635, "test_mae": 0.32011279410355004, "test_r2": 0.013336476720446355, "general_test_rmse": 0.503263979040533, "general_test_mae": 0.3559542270904293, "general_test_r2": -0.03236038621946791, "target_test_rmse": 0.29863034177690184, "target_test_mae": 0.23409335046469154, "target_test_r2": 0.023448117029309268}, "fold3": {"best_model_path": "/ibex/user/bekeak/meprom-tl/checkpoints_mcmpnn/zeroshot/mcmpnn_combi_v41d_smi6_fold3-epoch=190-val_loss_weighted=0.58.ckpt", "val_rmse_scaled": 0.577028214931488, "val_mae_scaled": 0.3999457061290741, "val_r2": 0.6626521944999695, "val_rmse": 0.21902021765708923, "val_mae": 0.15180574357509613, "test_rmse": 0.45196209010696387, "test_mae": 0.3153529101917248, "test_r2": 0.016906537766212426, "general_test_rmse": 0.5136111163400081, "general_test_mae": 0.36506566535117146, "general_test_r2": -0.07524756322759063, "target_test_rmse": 0.24780184540403347, "target_test_mae": 0.19604227173202055, "target_test_r2": 0.32758633347937194}, "fold4": {"best_model_path": "/ibex/user/bekeak/meprom-tl/checkpoints_mcmpnn/zeroshot/mcmpnn_combi_v41d_smi6_fold4-epoch=180-val_loss_weighted=0.52.ckpt", "val_rmse_scaled": 0.5225899815559387, "val_mae_scaled": 0.35735875368118286, "val_r2": 0.7277002334594727, "val_rmse": 0.1982555240392685, "val_mae": 0.13557156920433044, "test_rmse": 0.4365071076722904, "test_mae": 0.3356392142770699, "test_r2": 0.08299135342978425, "general_test_rmse": 0.494577954171771, "general_test_mae": 0.39537773893620126, "general_test_r2": 0.0029678907518683184, "target_test_rmse": 0.2465220012373183, "target_test_mae": 0.19226675435009652, "target_test_r2": 0.33451414580647043}}