{"fold0": {"best_model_path": "/ibex/user/bekeak/meprom-tl/checkpoints_mcmpnn/zeroshot/mcmpnn_combi_v31b_smi9_fold0-epoch=745-val_loss_weighted=0.55.ckpt", "val_rmse_scaled": 0.5460395812988281, "val_mae_scaled": 0.36251479387283325, "val_r2": 0.7003970146179199, "val_rmse": 0.20769408345222473, "val_mae": 0.13788776099681854, "test_rmse": 0.2538266200739142, "test_mae": 0.16480796958443464, "test_r2": 0.6454096958093805, "general_test_rmse": 0.24378681922991802, "general_test_mae": 0.15835169692248902, "general_test_r2": 0.7011584762219895, "target_test_rmse": 0.2931049339836352, "target_test_mae": 0.19256994501103314, "target_test_r2": -0.10062076606326276}, "fold1": {"best_model_path": "/ibex/user/bekeak/meprom-tl/checkpoints_mcmpnn/zeroshot/mcmpnn_combi_v31b_smi9_fold1-epoch=308-val_loss_weighted=0.57.ckpt", "val_rmse_scaled": 0.5653124451637268, "val_mae_scaled": 0.3836902976036072, "val_r2": 0.688025176525116, "val_rmse": 0.21447989344596863, "val_mae": 0.14557233452796936, "test_rmse": 0.27481030296495434, "test_mae": 0.18631992576297804, "test_r2": 0.584358843605997, "general_test_rmse": 0.2596529752465167, "general_test_mae": 0.1745443246797329, "general_test_r2": 0.6609942169298328, "target_test_rmse": 0.3321974845898522, "target_test_mae": 0.23695499154612784, "target_test_r2": -0.4137874543908986}, "fold2": {"best_model_path": "/ibex/user/bekeak/meprom-tl/checkpoints_mcmpnn/zeroshot/mcmpnn_combi_v31b_smi9_fold2-epoch=443-val_loss_weighted=0.57.ckpt", "val_rmse_scaled": 0.5722058415412903, "val_mae_scaled": 0.3866674304008484, "val_r2": 0.6448032855987549, "val_rmse": 0.21926677227020264, "val_mae": 0.14816926419734955, "test_rmse": 0.2988134615449386, "test_mae": 0.2059920482531921, "test_r2": 0.5085799862701343, "general_test_rmse": 0.26898186221785303, "general_test_mae": 0.18651616329316736, "general_test_r2": 0.6361968189909656, "target_test_rmse": 0.402646131650835, "target_test_mae": 0.28973830987122545, "target_test_r2": -1.0770096118197867}, "fold3": {"best_model_path": "/ibex/user/bekeak/meprom-tl/checkpoints_mcmpnn/zeroshot/mcmpnn_combi_v31b_smi9_fold3-epoch=316-val_loss_weighted=0.54.ckpt", "val_rmse_scaled": 0.5397952198982239, "val_mae_scaled": 0.3827422261238098, "val_r2": 0.6753146052360535, "val_rmse": 0.20787008106708527, "val_mae": 0.1473904401063919, "test_rmse": 0.3502850861914695, "test_mae": 0.24458786179297815, "test_r2": 0.32470145058539146, "general_test_rmse": 0.3065078067156745, "general_test_mae": 0.21668274144843297, "general_test_r2": 0.5276068613444285, "target_test_rmse": 0.4963223177562848, "target_test_mae": 0.36457987927452246, "target_test_r2": -2.155869620194213}, "fold4": {"best_model_path": "/ibex/user/bekeak/meprom-tl/checkpoints_mcmpnn/zeroshot/mcmpnn_combi_v31b_smi9_fold4-epoch=343-val_loss_weighted=0.51.ckpt", "val_rmse_scaled": 0.5073391795158386, "val_mae_scaled": 0.35268354415893555, "val_r2": 0.7163382768630981, "val_rmse": 0.19514347612857819, "val_mae": 0.13565656542778015, "test_rmse": 0.3371342120041346, "test_mae": 0.24108495971816327, "test_r2": 0.37445554954946547, "general_test_rmse": 0.3200103817507143, "general_test_mae": 0.22681790756763084, "general_test_r2": 0.4850694768260746, "target_test_rmse": 0.40255021370663163, "target_test_mae": 0.3024332839654526, "target_test_r2": -1.0760201635320206}}