{"fold0": {"best_model_path": "/ibex/user/bekeak/meprom-tl/checkpoints_mcmpnn/zeroshot/mcmpnn_combi_v37b_smi3_fold0-epoch=253-val_loss_weighted=0.53.ckpt", "val_rmse_scaled": 0.5293742418289185, "val_mae_scaled": 0.37492018938064575, "val_r2": 0.7042829394340515, "val_rmse": 0.20125137269496918, "val_mae": 0.1425328254699707, "test_rmse": 0.45140474840908895, "test_mae": 0.3261144470946098, "test_r2": 0.01932966641100775, "general_test_rmse": 0.5113764419113229, "general_test_mae": 0.37568531716325887, "general_test_r2": -0.06591131283833618, "target_test_rmse": 0.255325575120666, "target_test_mae": 0.2071443611650261, "target_test_r2": 0.2861349880236044}, "fold1": {"best_model_path": "/ibex/user/bekeak/meprom-tl/checkpoints_mcmpnn/zeroshot/mcmpnn_combi_v37b_smi3_fold1-epoch=325-val_loss_weighted=0.51.ckpt", "val_rmse_scaled": 0.508185088634491, "val_mae_scaled": 0.35132116079330444, "val_r2": 0.706988513469696, "val_rmse": 0.1942601501941681, "val_mae": 0.1342969387769699, "test_rmse": 0.4885637725885947, "test_mae": 0.3466532504204281, "test_r2": -0.1487705998723512, "general_test_rmse": 0.5574136304934091, "general_test_mae": 0.4123797398913613, "general_test_r2": -0.2664697065327981, "target_test_rmse": 0.2566274178096284, "target_test_mae": 0.18890969133640784, "target_test_r2": 0.2788367830952093}, "fold2": {"best_model_path": "/ibex/user/bekeak/meprom-tl/checkpoints_mcmpnn/zeroshot/mcmpnn_combi_v37b_smi3_fold2-epoch=294-val_loss_weighted=0.54.ckpt", "val_rmse_scaled": 0.5391125679016113, "val_mae_scaled": 0.38699981570243835, "val_r2": 0.6714267730712891, "val_rmse": 0.20698902010917664, "val_mae": 0.148586243391037, "test_rmse": 0.45789680456611986, "test_mae": 0.33484013594740214, "test_r2": -0.00908097194061308, "general_test_rmse": 0.5193632256036773, "general_test_mae": 0.39228072565377925, "general_test_r2": -0.09946656832716605, "target_test_rmse": 0.2559387381971247, "target_test_mae": 0.19698269010471686, "target_test_r2": 0.28270218461022123}, "fold3": {"best_model_path": "/ibex/user/bekeak/meprom-tl/checkpoints_mcmpnn/zeroshot/mcmpnn_combi_v37b_smi3_fold3-epoch=355-val_loss_weighted=0.53.ckpt", "val_rmse_scaled": 0.5274105668067932, "val_mae_scaled": 0.3728947639465332, "val_r2": 0.7189387083053589, "val_rmse": 0.20018704235553741, "val_mae": 0.1415381282567978, "test_rmse": 0.4413061707555016, "test_mae": 0.3111752210891281, "test_r2": 0.06271688875572956, "general_test_rmse": 0.4989035216262433, "general_test_mae": 0.3588983418992983, "general_test_r2": -0.014548414306244428, "target_test_rmse": 0.25452414590036876, "target_test_mae": 0.1966397475359966, "target_test_r2": 0.2906093881439771}, "fold4": {"best_model_path": "/ibex/user/bekeak/meprom-tl/checkpoints_mcmpnn/zeroshot/mcmpnn_combi_v37b_smi3_fold4-epoch=695-val_loss_weighted=0.58.ckpt", "val_rmse_scaled": 0.5797919631004333, "val_mae_scaled": 0.4126608967781067, "val_r2": 0.6653578877449036, "val_rmse": 0.21995630860328674, "val_mae": 0.15655161440372467, "test_rmse": 0.5068608551722861, "test_mae": 0.36812557602054785, "test_r2": -0.23642647316801213, "general_test_rmse": 0.5839649019015343, "general_test_mae": 0.44695116469764057, "general_test_r2": -0.3899946487384336, "target_test_rmse": 0.23462935301223137, "target_test_mae": 0.17894416543069952, "target_test_r2": 0.397173764054911}}