{"fold0": {"best_model_path": "/ibex/user/bekeak/meprom-tl/checkpoints_mcmpnn/zeroshot/mcmpnn_combi_v37b_smi10_fold0-epoch=142-val_loss_weighted=0.55.ckpt", "val_rmse_scaled": 0.5466163754463196, "val_mae_scaled": 0.3850991129875183, "val_r2": 0.6874617338180542, "val_rmse": 0.2078062891960144, "val_mae": 0.1464025229215622, "test_rmse": 0.45513475731478004, "test_mae": 0.3283714580758375, "test_r2": 0.00305592560224055, "general_test_rmse": 0.5221638300732617, "general_test_mae": 0.3907033271823621, "general_test_r2": -0.11135602397209388, "target_test_rmse": 0.22344983410597472, "target_test_mae": 0.17877495806407545, "target_test_r2": 0.4532515855528859}, "fold1": {"best_model_path": "/ibex/user/bekeak/meprom-tl/checkpoints_mcmpnn/zeroshot/mcmpnn_combi_v37b_smi10_fold1-epoch=182-val_loss_weighted=0.53.ckpt", "val_rmse_scaled": 0.5334677696228027, "val_mae_scaled": 0.3531026244163513, "val_r2": 0.6842576265335083, "val_rmse": 0.2039247751235962, "val_mae": 0.13497792184352875, "test_rmse": 0.4707038405785605, "test_mae": 0.33115336699715686, "test_r2": -0.06631685701781653, "general_test_rmse": 0.5459997973546156, "general_test_mae": 0.40554510976950237, "general_test_r2": -0.21513519648413526, "target_test_rmse": 0.1945077946830162, "target_test_mae": 0.15261318732375986, "target_test_r2": 0.5857128347791292}, "fold2": {"best_model_path": "/ibex/user/bekeak/meprom-tl/checkpoints_mcmpnn/zeroshot/mcmpnn_combi_v37b_smi10_fold2-epoch=208-val_loss_weighted=0.52.ckpt", "val_rmse_scaled": 0.5197967290878296, "val_mae_scaled": 0.37818020582199097, "val_r2": 0.6971440315246582, "val_rmse": 0.19957281649112701, "val_mae": 0.14520001411437988, "test_rmse": 0.45144767431064337, "test_mae": 0.32859382040030916, "test_r2": 0.01914314573353504, "general_test_rmse": 0.517180785173301, "general_test_mae": 0.39071931903517343, "general_test_r2": -0.09024574326884638, "target_test_rmse": 0.2258200135768001, "target_test_mae": 0.1794926214414608, "target_test_r2": 0.4415911180311066}, "fold3": {"best_model_path": "/ibex/user/bekeak/meprom-tl/checkpoints_mcmpnn/zeroshot/mcmpnn_combi_v37b_smi10_fold3-epoch=835-val_loss_weighted=0.57.ckpt", "val_rmse_scaled": 0.570505678653717, "val_mae_scaled": 0.4022621214389801, "val_r2": 0.6698333621025085, "val_rmse": 0.2165444791316986, "val_mae": 0.15268497169017792, "test_rmse": 0.4400375507659009, "test_mae": 0.2994438248857946, "test_r2": 0.0680979465500815, "general_test_rmse": 0.47886455564882224, "general_test_mae": 0.3208468574109629, "general_test_r2": 0.06531553811417479, "target_test_rmse": 0.3286416405761708, "target_test_mae": 0.2480765527858551, "target_test_r2": -0.18269466829139125}, "fold4": {"best_model_path": "/ibex/user/bekeak/meprom-tl/checkpoints_mcmpnn/zeroshot/mcmpnn_combi_v37b_smi10_fold4-epoch=138-val_loss_weighted=0.59.ckpt", "val_rmse_scaled": 0.5914400219917297, "val_mae_scaled": 0.4177777171134949, "val_r2": 0.6540438532829285, "val_rmse": 0.22437523305416107, "val_mae": 0.1584927886724472, "test_rmse": 0.44455394466413284, "test_mae": 0.3124295854023553, "test_r2": 0.048870333969557644, "general_test_rmse": 0.5124575606318459, "general_test_mae": 0.37428962212327294, "general_test_r2": -0.07042303735273814, "target_test_rmse": 0.20412084452543947, "target_test_mae": 0.16396548684134027, "target_test_r2": 0.5437507409728544}}