{"fold0": {"best_model_path": "/ibex/user/bekeak/meprom-tl/checkpoints_mcmpnn/zeroshot/mcmpnn_combi_v34b_smi11_fold0-epoch=213-val_loss_weighted=0.56.ckpt", "val_rmse_scaled": 0.5554733276367188, "val_mae_scaled": 0.39297133684158325, "val_r2": 0.6791118383407593, "val_rmse": 0.2111734300851822, "val_mae": 0.14939530193805695, "test_rmse": 0.4590699761041707, "test_mae": 0.3253476679379223, "test_r2": -0.014258302708512138, "general_test_rmse": 0.5204645579339144, "general_test_mae": 0.3761698395703322, "general_test_r2": -0.10413444575011677, "target_test_rmse": 0.25770871790160194, "target_test_mae": 0.20337445900037077, "target_test_r2": 0.2727467347999357}, "fold1": {"best_model_path": "/ibex/user/bekeak/meprom-tl/checkpoints_mcmpnn/zeroshot/mcmpnn_combi_v34b_smi11_fold1-epoch=289-val_loss_weighted=0.53.ckpt", "val_rmse_scaled": 0.5274078249931335, "val_mae_scaled": 0.36445796489715576, "val_r2": 0.6869255900382996, "val_rmse": 0.20160828530788422, "val_mae": 0.13931864500045776, "test_rmse": 0.4687474004354652, "test_mae": 0.3343849745168695, "test_r2": -0.057471169347036, "general_test_rmse": 0.5339491212459565, "general_test_mae": 0.3951235579343149, "general_test_r2": -0.16208899809528843, "target_test_rmse": 0.2506352797615524, "target_test_mae": 0.1886123854908714, "target_test_r2": 0.3121212952696133}, "fold2": {"best_model_path": "/ibex/user/bekeak/meprom-tl/checkpoints_mcmpnn/zeroshot/mcmpnn_combi_v34b_smi11_fold2-epoch=797-val_loss_weighted=0.52.ckpt", "val_rmse_scaled": 0.5167517066001892, "val_mae_scaled": 0.364093154668808, "val_r2": 0.6996415853500366, "val_rmse": 0.19840370118618011, "val_mae": 0.1397913694381714, "test_rmse": 0.45257203211571023, "test_mae": 0.329808323398201, "test_r2": 0.014251294650326374, "general_test_rmse": 0.491973657318553, "general_test_mae": 0.36515355787643644, "general_test_r2": 0.013440380258720186, "target_test_rmse": 0.33985514676440587, "target_test_mae": 0.24497977108124885, "target_test_r2": -0.26478050146885934}, "fold3": {"best_model_path": "/ibex/user/bekeak/meprom-tl/checkpoints_mcmpnn/zeroshot/mcmpnn_combi_v34b_smi11_fold3-epoch=362-val_loss_weighted=0.57.ckpt", "val_rmse_scaled": 0.5660890340805054, "val_mae_scaled": 0.398817241191864, "val_r2": 0.6758037805557251, "val_rmse": 0.21486806869506836, "val_mae": 0.15137740969657898, "test_rmse": 0.4294466216719608, "test_mae": 0.3175947975116254, "test_r2": 0.11241659753578725, "general_test_rmse": 0.4818329259136811, "general_test_mae": 0.36423568936452577, "general_test_r2": 0.05369183893091245, "target_test_rmse": 0.2642949675389618, "target_test_mae": 0.20565665184925805, "target_test_r2": 0.2350989683198893}, "fold4": {"best_model_path": "/ibex/user/bekeak/meprom-tl/checkpoints_mcmpnn/zeroshot/mcmpnn_combi_v34b_smi11_fold4-epoch=201-val_loss_weighted=0.57.ckpt", "val_rmse_scaled": 0.5676727890968323, "val_mae_scaled": 0.39281538128852844, "val_r2": 0.6797793507575989, "val_rmse": 0.2153586447238922, "val_mae": 0.14902278780937195, "test_rmse": 0.45734548027439886, "test_mae": 0.3228338313083791, "test_r2": -0.0066524949327817495, "general_test_rmse": 0.5233336331338585, "general_test_mae": 0.38382333567148436, "general_test_r2": -0.11634114118396743, "target_test_rmse": 0.23206291178082095, "target_test_mae": 0.1764590238171589, "target_test_r2": 0.4102894009784922}}