{"fold0": {"best_model_path": "/ibex/user/bekeak/meprom-tl/checkpoints_mcmpnn/zeroshot/mcmpnn_combi_v41b_smi10_fold0-epoch=188-val_loss_weighted=0.56.ckpt", "val_rmse_scaled": 0.5590251684188843, "val_mae_scaled": 0.3924068808555603, "val_r2": 0.6751388907432556, "val_rmse": 0.21252372860908508, "val_mae": 0.14918071031570435, "test_rmse": 0.4657082528292759, "test_mae": 0.33051613948070446, "test_r2": -0.04380328546532164, "general_test_rmse": 0.5294001026447168, "general_test_mae": 0.3867575091768554, "general_test_r2": -0.14237234167704194, "target_test_rmse": 0.2545024290461954, "target_test_mae": 0.19553686636604536, "target_test_r2": 0.2907304381542284}, "fold1": {"best_model_path": "/ibex/user/bekeak/meprom-tl/checkpoints_mcmpnn/zeroshot/mcmpnn_combi_v41b_smi10_fold1-epoch=94-val_loss_weighted=0.50.ckpt", "val_rmse_scaled": 0.5030032992362976, "val_mae_scaled": 0.33556094765663147, "val_r2": 0.7098931074142456, "val_rmse": 0.19227933883666992, "val_mae": 0.1282723993062973, "test_rmse": 0.5022558955597461, "test_mae": 0.3829743196421287, "test_r2": -0.21406203295921733, "general_test_rmse": 0.5829394894199265, "general_test_mae": 0.47462409383044113, "general_test_r2": -0.3851174156549497, "target_test_rmse": 0.20523902997594393, "target_test_mae": 0.16301485190442389, "target_test_r2": 0.5387383312122703}, "fold2": {"best_model_path": "/ibex/user/bekeak/meprom-tl/checkpoints_mcmpnn/zeroshot/mcmpnn_combi_v41b_smi10_fold2-epoch=199-val_loss_weighted=0.53.ckpt", "val_rmse_scaled": 0.5255305767059326, "val_mae_scaled": 0.36075836420059204, "val_r2": 0.6827768683433533, "val_rmse": 0.20177429914474487, "val_mae": 0.13851100206375122, "test_rmse": 0.48157498219536354, "test_mae": 0.3767115279960607, "test_r2": -0.1161398795773676, "general_test_rmse": 0.5385772298766789, "general_test_mae": 0.4377399227687602, "general_test_r2": -0.1823215728077785, "target_test_rmse": 0.3038949330510478, "target_test_mae": 0.23024336191513023, "target_test_r2": -0.011286889770770525}, "fold3": {"best_model_path": "/ibex/user/bekeak/meprom-tl/checkpoints_mcmpnn/zeroshot/mcmpnn_combi_v41b_smi10_fold3-epoch=197-val_loss_weighted=0.57.ckpt", "val_rmse_scaled": 0.5665623545646667, "val_mae_scaled": 0.38073858618736267, "val_r2": 0.673944890499115, "val_rmse": 0.21504773199558258, "val_mae": 0.14451536536216736, "test_rmse": 0.48333676165311834, "test_mae": 0.35551578768880365, "test_r2": -0.1243213228829998, "general_test_rmse": 0.5483960404150089, "general_test_mae": 0.41468305080405204, "general_test_r2": -0.2258243899666117, "target_test_rmse": 0.2692904343362573, "target_test_mae": 0.21351436291772993, "target_test_r2": 0.20591075744043774}, "fold4": {"best_model_path": "/ibex/user/bekeak/meprom-tl/checkpoints_mcmpnn/zeroshot/mcmpnn_combi_v41b_smi10_fold4-epoch=185-val_loss_weighted=0.52.ckpt", "val_rmse_scaled": 0.5195032358169556, "val_mae_scaled": 0.3568168580532074, "val_r2": 0.7308802604675293, "val_rmse": 0.19708450138568878, "val_mae": 0.13536599278450012, "test_rmse": 0.4819864630758976, "test_mae": 0.35903139649597754, "test_r2": -0.11804806189058281, "general_test_rmse": 0.5438017127189556, "general_test_mae": 0.4163433047796472, "general_test_r2": -0.20537111369022076, "target_test_rmse": 0.2830697957369809, "target_test_mae": 0.22148281214482193, "target_test_r2": 0.12256587241764416}}