{"fold0": {"best_model_path": "/ibex/user/bekeak/meprom-tl/checkpoints_mcmpnn/zeroshot/mcmpnn_combi_v31b_smi8_fold0-epoch=646-val_loss_weighted=0.55.ckpt", "val_rmse_scaled": 0.5491815805435181, "val_mae_scaled": 0.37719136476516724, "val_r2": 0.6948896050453186, "val_rmse": 0.2088891863822937, "val_mae": 0.14347021281719208, "test_rmse": 0.23866378644270075, "test_mae": 0.16421658622516666, "test_r2": 0.686508640218902, "general_test_rmse": 0.23320956242035384, "general_test_mae": 0.16199651699326317, "general_test_r2": 0.7265277849569729, "target_test_rmse": 0.2608204930312303, "target_test_mae": 0.17376288789599453, "target_test_r2": 0.12848499805742553}, "fold1": {"best_model_path": "/ibex/user/bekeak/meprom-tl/checkpoints_mcmpnn/zeroshot/mcmpnn_combi_v31b_smi8_fold1-epoch=764-val_loss_weighted=0.55.ckpt", "val_rmse_scaled": 0.5493585467338562, "val_mae_scaled": 0.373748779296875, "val_r2": 0.7083953022956848, "val_rmse": 0.20842696726322174, "val_mae": 0.14180050790309906, "test_rmse": 0.29460709736585716, "test_mae": 0.19925783383546936, "test_r2": 0.5223179378474405, "general_test_rmse": 0.2624133851386393, "general_test_mae": 0.17763000414061114, "general_test_r2": 0.6537478589434247, "target_test_rmse": 0.40484977307514775, "target_test_mae": 0.29225747867491253, "target_test_r2": -1.0998063494223462}, "fold2": {"best_model_path": "/ibex/user/bekeak/meprom-tl/checkpoints_mcmpnn/zeroshot/mcmpnn_combi_v31b_smi8_fold2-epoch=1032-val_loss_weighted=0.56.ckpt", "val_rmse_scaled": 0.5602160096168518, "val_mae_scaled": 0.3736955523490906, "val_r2": 0.6582397222518921, "val_rmse": 0.21467231214046478, "val_mae": 0.14319849014282227, "test_rmse": 0.2906074051831215, "test_mae": 0.2070232203551994, "test_r2": 0.5352002604872025, "general_test_rmse": 0.26895725957310984, "general_test_mae": 0.19334625152139578, "general_test_r2": 0.6362633670549258, "target_test_rmse": 0.3695208964379583, "target_test_mae": 0.2658342002483053, "target_test_r2": -0.7493207589159454}, "fold3": {"best_model_path": "/ibex/user/bekeak/meprom-tl/checkpoints_mcmpnn/zeroshot/mcmpnn_combi_v31b_smi8_fold3-epoch=41-val_loss_weighted=0.53.ckpt", "val_rmse_scaled": 0.530249834060669, "val_mae_scaled": 0.3922451138496399, "val_r2": 0.6864697337150574, "val_rmse": 0.20419423282146454, "val_mae": 0.1510499119758606, "test_rmse": 0.27953405146505134, "test_mae": 0.21166258556617717, "test_r2": 0.5699470206417054, "general_test_rmse": 0.280155419844169, "general_test_mae": 0.20796449883261475, "general_test_r2": 0.6053441383912573, "target_test_rmse": 0.2768462653627408, "target_test_mae": 0.22756434759297733, "target_test_r2": 0.01809655711139413}, "fold4": {"best_model_path": "/ibex/user/bekeak/meprom-tl/checkpoints_mcmpnn/zeroshot/mcmpnn_combi_v31b_smi8_fold4-epoch=122-val_loss_weighted=0.49.ckpt", "val_rmse_scaled": 0.48880940675735474, "val_mae_scaled": 0.34566530585289, "val_r2": 0.7346262335777283, "val_rmse": 0.1880161613225937, "val_mae": 0.1329570710659027, "test_rmse": 0.2997613146665577, "test_mae": 0.20771334084972665, "test_r2": 0.5054574177351476, "general_test_rmse": 0.2876195308226495, "general_test_mae": 0.19578443152502442, "general_test_r2": 0.5840345620075946, "target_test_rmse": 0.34716540018313213, "target_test_mae": 0.2590076420052495, "target_test_r2": -0.5440605059471584}}