{"rmse_fold0": 0.3019410763121479, "mae_fold0": 0.23500119253254423, "r2_fold0": -0.07038568195817674, "rmse_fold1": 0.3065667829263021, "mae_fold1": 0.22890193981565024, "r2_fold1": -0.10343330052366895, "rmse_fold2": 0.3263598516107431, "mae_fold2": 0.24318546412823905, "r2_fold2": -0.2505162726167438, "rmse_fold3": 0.3464562750984804, "mae_fold3": 0.26925170204376775, "r2_fold3": -0.40926529516447285, "rmse_fold4": 0.269159497014537, "mae_fold4": 0.2353658290026828, "r2_fold4": 0.14941972031065365}