{"rmse_fold0": 0.2600013286263814, "mae_fold0": 0.16180517074271503, "r2_fold0": 0.5792285427900024, "rmse_fold1": 0.2961189873129043, "mae_fold1": 0.2069825449955793, "r2_fold1": 0.4542073932217684, "rmse_fold2": 0.2098709752491164, "mae_fold2": 0.15789254367262814, "r2_fold2": 0.7258426466835077, "rmse_fold3": 0.16830404090473125, "mae_fold3": 0.13062995415734321, "r2_fold3": 0.8236870450419329, "rmse_fold4": 0.33992447775030377, "mae_fold4": 0.24442946795102147, "r2_fold4": 0.28078288191584566}