{"rmse_fold0": 0.2857231758429836, "mae_fold0": 0.20994754119702583, "r2_fold0": 0.4781949184845373, "rmse_fold1": 0.22748405107837805, "mae_fold1": 0.1566273870447115, "r2_fold1": 0.6692352089407034, "rmse_fold2": 0.29054991848752915, "mae_fold2": 0.21377403858547103, "r2_fold2": 0.46041622455582265, "rmse_fold3": 0.2140102458342021, "mae_fold3": 0.14426758971126336, "r2_fold3": 0.70725701393735, "rmse_fold4": 0.2876521096747625, "mae_fold4": 0.2125470719916883, "r2_fold4": 0.47112566318029003}