{"rmse_fold0": 0.15488388058654823, "mae_fold0": 0.11238607899203491, "r2_fold0": 0.9277586567682339, "rmse_fold1": 0.1773348050922249, "mae_fold1": 0.1332954792127186, "r2_fold1": 0.9052975239874158, "rmse_fold2": 0.19678054136292494, "mae_fold2": 0.1449565752654086, "r2_fold2": 0.8833894961044656, "rmse_fold3": 0.1892564697530558, "mae_fold3": 0.13816766312083434, "r2_fold3": 0.8921364177204522, "rmse_fold4": 0.28106593126267954, "mae_fold4": 0.1804472818578699, "r2_fold4": 0.7621025517932053}