{"rmse_fold0": 0.4274755495142166, "mae_fold0": 0.32684410866444913, "r2_fold0": -1.1763934627874342, "rmse_fold1": 0.40724046718013934, "mae_fold1": 0.31308328614975617, "r2_fold1": -0.9752256115952533, "rmse_fold2": 0.3125453894885846, "mae_fold2": 0.2201471766812134, "r2_fold2": -0.1634321151575111, "rmse_fold3": 0.41859276717958116, "mae_fold3": 0.3194657291605632, "r2_fold3": -1.0868839266595134, "rmse_fold4": 0.29310984431204673, "mae_fold4": 0.20025360743031184, "r2_fold4": -0.023235652454524747}