{"rmse_fold0": 0.26884220079997634, "mae_fold0": 0.21472490658261917, "r2_fold0": 0.6478989679613572, "rmse_fold1": 0.2191019616272824, "mae_fold1": 0.17943481799091832, "r2_fold1": 0.7661351533905684, "rmse_fold2": 0.1797253523453098, "mae_fold2": 0.12457720160763103, "r2_fold2": 0.8426411759239962, "rmse_fold3": 0.15821431199113875, "mae_fold3": 0.13254274266012303, "r2_fold3": 0.8780550140192274, "rmse_fold4": 0.1746674954797219, "mae_fold4": 0.14159456842311097, "r2_fold4": 0.8513733804170812}