{"rmse_fold0": 0.2017698253663571, "mae_fold0": 0.1632753245702179, "r2_fold0": 0.4571114335090172, "rmse_fold1": 0.1768280344909432, "mae_fold1": 0.14674191245695598, "r2_fold1": 0.5830341393482704, "rmse_fold2": 0.22715054751538877, "mae_fold2": 0.19685454117444862, "r2_fold2": 0.31194075431968216, "rmse_fold3": 0.21985430963610647, "mae_fold3": 0.18943868245944925, "r2_fold3": 0.35543276501124477, "rmse_fold4": 0.23515845823932308, "mae_fold4": 0.1961043772027954, "r2_fold4": 0.2625722652930452}