{"rmse_fold0": 0.3600994402145918, "mae_fold0": 0.21275485222121143, "r2_fold0": -0.0890630940366679, "rmse_fold1": 0.34011909802899354, "mae_fold1": 0.19863370128676894, "r2_fold1": 0.02843874794306378, "rmse_fold2": 0.3744074122537151, "mae_fold2": 0.24757774679211045, "r2_fold2": -0.17732678470021668, "rmse_fold3": 0.34852072465973144, "mae_fold3": 0.21923281062888242, "r2_fold3": -0.02015312729820118, "rmse_fold4": 0.36275942821758167, "mae_fold4": 0.23238688592244147, "r2_fold4": -0.10521193434578735}