{"rmse_fold0": 0.26661966510866, "mae_fold0": 0.2604846824425456, "r2_fold0": -6.257146662079638, "rmse_fold1": 0.645620624602962, "mae_fold1": 0.6414789626218872, "r2_fold1": -41.55360266017588, "rmse_fold2": 1.4380778667508092, "mae_fold2": 1.4263893297098083, "r2_fold2": -210.12824961209225, "rmse_fold3": 0.44608680133755485, "mae_fold3": 0.4384167461810506, "r2_fold3": -19.31516201237173, "rmse_fold4": 0.14006829682415117, "mae_fold4": 0.11030932955125937, "r2_fold4": -1.0029090941708714}