{"rmse_fold0": 0.32072615099296364, "mae_fold0": 0.24737712183333663, "r2_fold0": -0.3711642810970801, "rmse_fold1": 0.3258952898277179, "mae_fold1": 0.2692484625445579, "r2_fold1": -0.4157185215475774, "rmse_fold2": 0.34821649661460574, "mae_fold2": 0.2762842800842499, "r2_fold2": -0.6162905367664642, "rmse_fold3": 0.3125941935550463, "mae_fold3": 0.2621946249347954, "r2_fold3": -0.3025144800628974, "rmse_fold4": 0.3486953907820861, "mae_fold4": 0.27855487398969875, "r2_fold4": -0.6207392884646361}