{"rmse_fold0": 0.27647996845882256, "mae_fold0": 0.2673192689039307, "r2_fold0": -6.8038495004881705, "rmse_fold1": 1.7181287728034134, "mae_fold1": 1.714817789119283, "r2_fold1": -300.3651053242839, "rmse_fold2": 1.2209807486820805, "mae_fold2": 1.2138439646146697, "r2_fold2": -151.19457621242844, "rmse_fold3": 0.1699887386010694, "mae_fold3": 0.15050456987308755, "r2_fold3": -1.9499988403571158, "rmse_fold4": 0.6945056271499445, "mae_fold4": 0.6886222232598063, "r2_fold4": -48.24170484086268}