{"rmse_fold0": 0.35211291330229144, "mae_fold0": 0.2816602979898453, "r2_fold0": -74.39696587701893, "rmse_fold1": 0.49697874732775843, "mae_fold1": 0.4020690763791402, "r2_fold1": -149.1985009926198, "rmse_fold2": 0.3648133120559741, "mae_fold2": 0.26823279160261154, "r2_fold2": -79.93405849814373, "rmse_fold3": 0.47197857276624877, "mae_fold3": 0.4129101604024569, "r2_fold3": -134.4673170196457, "rmse_fold4": 0.5491212064339155, "mae_fold4": 0.5231253921786944, "r2_fold4": -182.36920250504957}