{"rmse_fold0": 0.08965347300028718, "mae_fold0": 0.08189001058950807, "r2_fold0": 0.9442998900874839, "rmse_fold1": 0.08230430385834155, "mae_fold1": 0.06736797101240867, "r2_fold1": 0.9530574250708193, "rmse_fold2": 0.055856733864706506, "mae_fold2": 0.048536322374191275, "r2_fold2": 0.9783791436602934, "rmse_fold3": 0.13861368020547435, "mae_fold3": 0.09129755009197345, "r2_fold3": 0.8668521970094454, "rmse_fold4": 0.14849739122560174, "mae_fold4": 0.11530001841395351, "r2_fold4": 0.8471872946150221}