{"rmse_fold0": 0.4585369469300949, "mae_fold0": 0.33204017775873906, "r2_fold0": -1.4685649789907385, "rmse_fold1": 0.33702371637461986, "mae_fold1": 0.23716792275853796, "r2_fold1": -0.3335730797861147, "rmse_fold2": 0.36851381865918964, "mae_fold2": 0.2926584761693684, "r2_fold2": -0.5944226275995341, "rmse_fold3": 0.26064631951493267, "mae_fold3": 0.22312251462810584, "r2_fold3": 0.2023743949386878, "rmse_fold4": 0.20467212154259912, "mae_fold4": 0.14831784564319125, "r2_fold4": 0.5081719701413505}