{"rmse_fold0": 0.36915199775137725, "mae_fold0": 0.2572226904302521, "r2_fold0": -0.6230253395585335, "rmse_fold1": 0.30261966563975035, "mae_fold1": 0.1843617777565397, "r2_fold1": -0.09070963203843463, "rmse_fold2": 0.21242050411097146, "mae_fold2": 0.16811796408550136, "r2_fold2": 0.4625875484904559, "rmse_fold3": 0.2636686162019253, "mae_fold3": 0.1743033561715355, "r2_fold3": 0.17199733605627598, "rmse_fold4": 0.2509753466338379, "mae_fold4": 0.15321276670782472, "r2_fold4": 0.24980013842376714}