{"rmse_fold0": 0.37155681487672493, "mae_fold0": 0.3464880886879897, "r2_fold0": 0.2058736119485114, "rmse_fold1": 0.25853949648463725, "mae_fold1": 0.23773030562184697, "r2_fold1": 0.615502994161947, "rmse_fold2": 0.28065353416365657, "mae_fold2": 0.26348170399016224, "r2_fold2": 0.546914466517058, "rmse_fold3": 0.2988998579864167, "mae_fold3": 0.2495084816375732, "r2_fold3": 0.4860858421386718, "rmse_fold4": 0.23276514348289304, "mae_fold4": 0.20561310409849964, "r2_fold4": 0.6883443134131064}