{"rmse_fold0": 0.22663678278159674, "mae_fold0": 0.17994227856032566, "r2_fold0": 0.31532962045256163, "rmse_fold1": 0.31237206041887017, "mae_fold1": 0.24668089040852811, "r2_fold1": -0.30066397336063444, "rmse_fold2": 0.3726518282240232, "mae_fold2": 0.28141656186449276, "r2_fold2": -0.8510888251451505, "rmse_fold3": 0.2821337648274157, "mae_fold3": 0.2287504356642563, "r2_fold3": -0.06103784599084894, "rmse_fold4": 0.40092557303480464, "mae_fold4": 0.30404711288548736, "r2_fold4": -1.1426353402277951}