{"rmse_fold0": 0.2038933130694162, "mae_fold0": 0.16589365330813832, "r2_fold0": 0.6773072224027281, "rmse_fold1": 0.15046911962212692, "mae_fold1": 0.12177428386664407, "r2_fold1": 0.8242569984084176, "rmse_fold2": 0.21250149913748156, "mae_fold2": 0.175907678456435, "r2_fold2": 0.649484460734493, "rmse_fold3": 0.16572556500583963, "mae_fold3": 0.14156876069871993, "r2_fold3": 0.7868122253057254, "rmse_fold4": 0.17684891362428376, "mae_fold4": 0.1377327836807791, "r2_fold4": 0.75723388278268}