{"rmse_fold0": 0.19868100175936737, "mae_fold0": 0.16004326522118204, "r2_fold0": 0.6339569586938352, "rmse_fold1": 0.17970033536640584, "mae_fold1": 0.1386443555027712, "r2_fold1": 0.700554874269177, "rmse_fold2": 0.20768417331827208, "mae_fold2": 0.14559001385229842, "r2_fold2": 0.6000310505975885, "rmse_fold3": 0.24310534838038644, "mae_fold3": 0.18806131182406385, "r2_fold3": 0.4519647417631619, "rmse_fold4": 0.22538966714867473, "mae_fold4": 0.12540727449557848, "r2_fold4": 0.5289277978893464}