{"rmse_fold0": 0.26639190987543143, "mae_fold0": 0.1837545146069619, "r2_fold0": 0.5464142212666057, "rmse_fold1": 0.2528340648635274, "mae_fold1": 0.17318151313076235, "r2_fold1": 0.5914092405101294, "rmse_fold2": 0.2455873069920402, "mae_fold2": 0.17840621691775946, "r2_fold2": 0.6144957233169188, "rmse_fold3": 0.19175674029638667, "mae_fold3": 0.13769306412760815, "r2_fold3": 0.7649725202523346, "rmse_fold4": 0.24478419561302206, "mae_fold4": 0.16919538196974723, "r2_fold4": 0.6170129270648197}