{"rmse_fold0": 0.23461865818287905, "mae_fold0": 0.1799113091552065, "r2_fold0": 0.48956015715270784, "rmse_fold1": 0.23122001866223452, "mae_fold1": 0.18473887097974812, "r2_fold1": 0.504241308632692, "rmse_fold2": 0.2652217905929809, "mae_fold2": 0.22221159459739803, "r2_fold2": 0.3477142686239044, "rmse_fold3": 0.14089282042301116, "mae_fold3": 0.09115599940839093, "r2_fold3": 0.815923987070759, "rmse_fold4": 0.23536220907177727, "mae_fold4": 0.16862808323591383, "r2_fold4": 0.4863196696683566}