{"rmse_fold0": 0.1517564383038486, "mae_fold0": 0.1439997854232788, "r2_fold0": 0.4110572686510381, "rmse_fold1": 0.11543570232603657, "mae_fold1": 0.0920684757232666, "r2_fold1": 0.6592317570707517, "rmse_fold2": 0.2608021018040684, "mae_fold2": 0.1645845260620117, "r2_fold2": -0.7394061043734566, "rmse_fold3": 0.18597698853038477, "mae_fold3": 0.13760343408584594, "r2_fold3": 0.1155012207745788, "rmse_fold4": 0.2807253840611788, "mae_fold4": 0.20726791715621945, "r2_fold4": -1.0153115092137974}