{"rmse_fold0": 0.284341624846395, "mae_fold0": 0.19698064473578208, "r2_fold0": 0.49675899709793836, "rmse_fold1": 0.21033879454294566, "mae_fold1": 0.167337343748885, "r2_fold1": 0.724619046842149, "rmse_fold2": 0.20828816790764207, "mae_fold2": 0.12694713014504133, "r2_fold2": 0.7299623390869475, "rmse_fold3": 0.1936215645017871, "mae_fold3": 0.13509806922415163, "r2_fold3": 0.7666528035077593, "rmse_fold4": 0.21615211872149367, "mae_fold4": 0.1713582166499318, "r2_fold4": 0.7091867893130399}