{"rmse_fold0": 0.15165420639317737, "mae_fold0": 0.11572085243227996, "r2_fold0": 0.4325597345028942, "rmse_fold1": 0.28304345270782305, "mae_fold1": 0.2106006340017906, "r2_fold1": -0.9765939205968903, "rmse_fold2": 0.09706547792652463, "mae_fold2": 0.0779739203324463, "r2_fold2": 0.767543966446566, "rmse_fold3": 0.1615327036246079, "mae_fold3": 0.12988618932868498, "r2_fold3": 0.35622789771531194, "rmse_fold4": 0.14032302223189533, "mae_fold4": 0.10319851640017397, "r2_fold4": 0.5141870490019691}