{"rmse_fold0": 0.2161121814512738, "mae_fold0": 0.17836580641986693, "r2_fold0": 0.8266497335306168, "rmse_fold1": 0.20447048733523984, "mae_fold1": 0.16049745249908293, "r2_fold1": 0.8448230243219387, "rmse_fold2": 0.20940985395688352, "mae_fold2": 0.1748870807810234, "r2_fold2": 0.837235290622277, "rmse_fold3": 0.22054971047826724, "mae_fold3": 0.17357050253557435, "r2_fold3": 0.8194576865070415, "rmse_fold4": 0.22027094371849143, "mae_fold4": 0.18158716990244064, "r2_fold4": 0.8199137958213123}