{"rmse_fold0": 0.19617246491268303, "mae_fold0": 0.165040842666481, "r2_fold0": 0.784573101905929, "rmse_fold1": 0.10061170936014525, "mae_fold1": 0.07565247151265717, "r2_fold1": 0.9433342181662895, "rmse_fold2": 0.11155497793016218, "mae_fold2": 0.08543167376873778, "r2_fold2": 0.930337069596501, "rmse_fold3": 0.23911947652331147, "mae_fold3": 0.18668909974316597, "r2_fold3": 0.6799235418722913, "rmse_fold4": 0.20724892319071497, "mae_fold4": 0.17644178235886382, "r2_fold4": 0.7595590719611681}