{"rmse_fold0": 0.2822584497637208, "mae_fold0": 0.20831515386500243, "r2_fold0": 0.7525152406118089, "rmse_fold1": 0.27182200965695946, "mae_fold1": 0.21558871902833251, "r2_fold1": 0.7704782780429205, "rmse_fold2": 0.27825693068545865, "mae_fold2": 0.22311227991880697, "r2_fold2": 0.7594825802450615, "rmse_fold3": 0.26808026709693406, "mae_fold3": 0.20353869038631386, "r2_fold3": 0.7767537099010497, "rmse_fold4": 0.29222970338961984, "mae_fold4": 0.2289984165382589, "r2_fold4": 0.7347207567438999}