{"rmse_fold0": 0.1724871227438534, "mae_fold0": 0.11673489832443781, "r2_fold0": 0.5376388818536484, "rmse_fold1": 0.18802618244572167, "mae_fold1": 0.1187387310431159, "r2_fold1": 0.450579820067893, "rmse_fold2": 0.19018101830815992, "mae_fold2": 0.12644075776556943, "r2_fold2": 0.4379146234070104, "rmse_fold3": 0.1903688229877651, "mae_fold3": 0.13629149556319536, "r2_fold3": 0.4368039511998083, "rmse_fold4": 0.1746957038503619, "mae_fold4": 0.1245236946711404, "r2_fold4": 0.5257226337463468}