{"rmse_fold0": 0.21826206659043135, "mae_fold0": 0.16320408288801713, "r2_fold0": -0.46137780037948506, "rmse_fold1": 0.22261600831694622, "mae_fold1": 0.16023782542133605, "r2_fold1": -0.520263127720296, "rmse_fold2": 0.1820319781150278, "mae_fold2": 0.13110256406992404, "r2_fold2": -0.01648589557368818, "rmse_fold3": 0.22447721990571493, "mae_fold3": 0.17472526003900357, "r2_fold3": -0.545790130155807, "rmse_fold4": 0.19752109339281107, "mae_fold4": 0.14923753557396974, "r2_fold4": -0.19683130915541835}