{"rmse_fold0": 0.2569729279244856, "mae_fold0": 0.19199376201629637, "r2_fold0": -0.6887041143126758, "rmse_fold1": 0.18428960727862234, "mae_fold1": 0.13600237512588498, "r2_fold1": 0.13147863771202817, "rmse_fold2": 0.21269186624007091, "mae_fold2": 0.1501469745635986, "r2_fold2": -0.15685939966970697, "rmse_fold3": 0.22083419301998555, "mae_fold3": 0.13331105136871338, "r2_fold3": -0.24712921457621317, "rmse_fold4": 0.26284538768643273, "mae_fold4": 0.19253690338134763, "r2_fold4": -0.7667680500212541}