{"rmse_fold0": 0.18536986416492335, "mae_fold0": 0.1478291073558583, "r2_fold0": 0.7852428257090618, "rmse_fold1": 0.1890875882483693, "mae_fold1": 0.14059933275071626, "r2_fold1": 0.776542228758253, "rmse_fold2": 0.2163216896456624, "mae_fold2": 0.17242871543765392, "r2_fold2": 0.7075379293142634, "rmse_fold3": 0.20896301630324515, "mae_fold3": 0.17224523206220332, "r2_fold3": 0.7270970221134433, "rmse_fold4": 0.26250400625103804, "mae_fold4": 0.22680595317132657, "r2_fold4": 0.5693333031885303}