{"rmse_fold0": 0.5178163808024208, "mae_fold0": 0.45914227511377376, "r2_fold0": -0.2865890513425189, "rmse_fold1": 0.49801672496609845, "mae_fold1": 0.32308645041016476, "r2_fold1": -0.1900799470407235, "rmse_fold2": 0.3380927910283295, "mae_fold2": 0.26290672126178916, "r2_fold2": 0.45152087550541, "rmse_fold3": 0.43422690637180644, "mae_fold3": 0.3136047022116182, "r2_fold3": 0.09526426891275841, "rmse_fold4": 0.36726059377100606, "mae_fold4": 0.24526099755146621, "r2_fold4": 0.35280232944346934}