{"rmse_fold0": 0.1646845797882718, "mae_fold0": 0.13206273550958253, "r2_fold0": 0.7894820405921827, "rmse_fold1": 0.23010249621848425, "mae_fold1": 0.19893394767223888, "r2_fold1": 0.5890150299405758, "rmse_fold2": 0.18932293275419007, "mae_fold2": 0.15683873125125827, "r2_fold2": 0.721779115805933, "rmse_fold3": 0.24744739700481347, "mae_fold3": 0.19426234881597315, "r2_fold3": 0.5247205256913583, "rmse_fold4": 0.23512500989713866, "mae_fold4": 0.18968354868879816, "r2_fold4": 0.5708778487366175}