{"best_model_path": "/ibex/user/bekeak/meprom-tl/checkpoints_mcmpnn/combi/mcmpnn_combi_v42a_fold3-epoch=91-val_loss_weighted=0.53.ckpt", "val_rmse_scaled": 0.5317758917808533, "val_mae_scaled": 0.38126611709594727, "val_r2": 0.7371501922607422, "val_rmse": 0.20000380277633667, "val_mae": 0.143396258354187, "test_rmse": 0.44088801025836316, "test_mae": 0.2993417221233406, "test_r2": 0.0644922959829588, "general_test_rmse": 0.49569308063221784, "general_test_mae": 0.3485687672144568, "general_test_r2": -0.2932619397725087, "target_test_rmse": 0.20098270636960314, "target_test_mae": 0.15166058860306952, "target_test_r2": 0.5441133887279546}