{"best_model_path": "/ibex/user/bekeak/meprom-tl/checkpoints_mcmpnn/combi/mcmpnn_combi_v42a_fold2-epoch=104-val_loss_weighted=0.57.ckpt", "val_rmse_scaled": 0.5655163526535034, "val_mae_scaled": 0.38699057698249817, "val_r2": 0.6444442868232727, "val_rmse": 0.21665115654468536, "val_mae": 0.14825734496116638, "test_rmse": 0.4026379071953333, "test_mae": 0.2706150984214307, "test_r2": 0.21977455189530248, "general_test_rmse": 0.4478502157777633, "general_test_mae": 0.30923947302125326, "general_test_r2": -0.055665573535559565, "target_test_rmse": 0.21623992102388845, "target_test_mae": 0.1547419930292798, "target_test_r2": 0.47227070160593154}