{"best_model_path": "/ibex/user/bekeak/meprom-tl/checkpoints_mcmpnn/combi/mcmpnn_combi_v42a_fold1-epoch=63-val_loss_weighted=0.54.ckpt", "val_rmse_scaled": 0.5376600027084351, "val_mae_scaled": 0.3685752749443054, "val_r2": 0.7006543278694153, "val_rmse": 0.20437206327915192, "val_mae": 0.1401005983352661, "test_rmse": 0.4664480224142205, "test_mae": 0.32884177548078974, "test_r2": -0.047122046561286046, "general_test_rmse": 0.5264297313445894, "general_test_mae": 0.39406345538926574, "general_test_r2": -0.45861811044086465, "target_test_rmse": 0.19725684648347264, "target_test_mae": 0.13317676643422294, "target_test_r2": 0.5608593610208179}