{"best_model_path": "/ibex/user/bekeak/meprom-tl/checkpoints_mcmpnn/combi/mcmpnn_combi_v42a_fold0-epoch=122-val_loss_weighted=0.49.ckpt", "val_rmse_scaled": 0.4909795820713043, "val_mae_scaled": 0.339645117521286, "val_r2": 0.7420116662979126, "val_rmse": 0.1874762773513794, "val_mae": 0.1296905279159546, "test_rmse": 0.4621365574075056, "test_mae": 0.29915178702051737, "test_r2": -0.02785402497317091, "general_test_rmse": 0.5221580093337538, "general_test_mae": 0.35507242014834095, "general_test_r2": -0.435042196266886, "target_test_rmse": 0.19061436026637138, "target_test_mae": 0.1313898806247352, "target_test_r2": 0.5899369009711719}