{"best_model_path": "/ibex/user/bekeak/meprom-tl/checkpoints_mcmpnn/combi/mcmpnn_combi_v42a_fold4-epoch=538-val_loss_weighted=0.49.ckpt", "val_rmse_scaled": 0.4930715560913086, "val_mae_scaled": 0.33663076162338257, "val_r2": 0.7232259511947632, "val_rmse": 0.1894356906414032, "val_mae": 0.12933190166950226, "test_rmse": 0.4130529646345771, "test_mae": 0.26846579389413494, "test_r2": 0.17888822817141536, "general_test_rmse": 0.464019387712529, "general_test_mae": 0.31477160663792986, "general_test_r2": -0.13326907223083073, "target_test_rmse": 0.19107336363603838, "target_test_mae": 0.12954834076158905, "target_test_r2": 0.5879596421410245}