{"best_model_path": "/ibex/user/bekeak/meprom-tl/checkpoints_admpnn/combi/admpnn_combi_v42a_fold2-epoch=127-val_loss_weighted=0.58.ckpt", "val_rmse_scaled": 0.5755645036697388, "val_mae_scaled": 0.39253079891204834, "val_r2": 0.6312878131866455, "val_rmse": 0.2205006331205368, "val_mae": 0.15037982165813446, "test_rmse": 0.43528858668501597, "test_mae": 0.28832510079814294, "test_r2": 0.08810391468750889, "general_test_rmse": 0.48827183478562813, "general_test_mae": 0.33450864684721643, "general_test_r2": -0.2548277955408138, "target_test_rmse": 0.20658285508328014, "target_test_mae": 0.1497744705397725, "target_test_r2": 0.5183539439731406}