{"best_model_path": "/ibex/user/bekeak/meprom-tl/checkpoints_admpnn/combi/admpnn_combi_v42a_fold4-epoch=1058-val_loss_weighted=0.50.ckpt", "val_rmse_scaled": 0.49987131357192993, "val_mae_scaled": 0.3496036231517792, "val_r2": 0.7154935598373413, "val_rmse": 0.192048117518425, "val_mae": 0.13431601226329803, "test_rmse": 0.4124226792715853, "test_mae": 0.274354384956998, "test_r2": 0.1813922163637477, "general_test_rmse": 0.46263145130425704, "general_test_mae": 0.31988985989420077, "general_test_r2": -0.12649972993592518, "target_test_rmse": 0.19566885947738633, "target_test_mae": 0.13774797066385605, "target_test_r2": 0.5679013743756072}