{"best_model_path": "/ibex/user/bekeak/meprom-tl/checkpoints_admpnn/combi/admpnn_combi_v42a_fold1-epoch=179-val_loss_weighted=0.52.ckpt", "val_rmse_scaled": 0.5203481912612915, "val_mae_scaled": 0.35726049542427063, "val_r2": 0.7212767004966736, "val_rmse": 0.19779159128665924, "val_mae": 0.13579969108104706, "test_rmse": 0.4695752536736975, "test_mae": 0.33367578183026797, "test_r2": -0.06120966039320863, "general_test_rmse": 0.5291348882028403, "general_test_mae": 0.39250048785272296, "general_test_r2": -0.4736473864811319, "target_test_rmse": 0.20506704592055508, "target_test_mae": 0.1572016734048305, "target_test_r2": 0.5253962030955208}