{"best_model_path": "/ibex/user/bekeak/meprom-tl/checkpoints_admpnn/combi/admpnn_combi_v42a_fold0-epoch=325-val_loss_weighted=0.50.ckpt", "val_rmse_scaled": 0.49967506527900696, "val_mae_scaled": 0.34280332922935486, "val_r2": 0.7334272861480713, "val_rmse": 0.19079658389091492, "val_mae": 0.1308964639902115, "test_rmse": 0.42025203627200075, "test_mae": 0.28367514845844743, "test_r2": 0.1500166000901445, "general_test_rmse": 0.46993392891803143, "general_test_mae": 0.32097913395118327, "general_test_r2": -0.1623432213676017, "target_test_rmse": 0.2096029684291916, "target_test_mae": 0.17176319460985653, "target_test_r2": 0.5041682697135379}