{"best_model_path": "/ibex/user/bekeak/meprom-tl/checkpoints_admpnn/combi/admpnn_combi_v42a_fold3-epoch=88-val_loss_weighted=0.53.ckpt", "val_rmse_scaled": 0.5292274951934814, "val_mae_scaled": 0.3639273941516876, "val_r2": 0.7369061708450317, "val_rmse": 0.199045330286026, "val_mae": 0.13687506318092346, "test_rmse": 0.4418747537364201, "test_mae": 0.28808162562523426, "test_r2": 0.060300124285535994, "general_test_rmse": 0.49486572120678246, "general_test_mae": 0.33001193502675746, "general_test_r2": -0.2889483855308148, "target_test_rmse": 0.21526019680758143, "target_test_mae": 0.16229069128489235, "target_test_r2": 0.4770418642259582}